# Append-only ledger: preserve existing rows; corrections and later evidence belong in new rows.
id,date,hypothesis,mathematical_motivation,exact_predictions,cheapest_decisive_test,evidence_for,evidence_against,status,artifact_paths,next_action
H001,2026-08-11,Exact enumeration and transfer propagation implement the same finite Ising model,Independent engines should produce the same broken-bond polynomial under the fixed boundary conventions,Coefficient identity on every shared test lattice,Compare the smallest periodic and mixed-boundary boxes coefficient-by-coefficient,17 exact comparisons pass,None in tested domain,confirmed,experiments/e01_validate_enumeration.py;tests/test_tm_vs_enumeration.py,Keep as regression gate for all convention changes
H002,2026-08-11,Kaufman's four-sector formula reproduces finite 2D torus partition functions,This is the finite-size control behind Onsager solvability,Kaufman and exact-integer transfer values agree at arbitrary precision,Evaluate a few anisotropic and isotropic tori at 60 digits,Eight cases agree; maximum relative error 3.63867276317e-60,Nearby wrong sector signs and grid assignments fail,confirmed,notes/onsager_derivation.md;results/onsager/onsager_2d.json;tests/test_onsager.py,Retain as the control for proposed 3D operator formulas
H003,2026-08-11,The parity-resolved 2D transfer logarithm is Majorana-quadratic,Kaufman's solution closes in a finite-dimensional fermion algebra,All Pauli coefficients outside the constant and bilinear Majorana span vanish,Compute log V in parity sectors and project onto the Majorana basis,Maximum off-bilinear coefficient 1.246e-15 for n=3 through 6,No exact symbolic all-n proof was attempted here,provisionally_supported,notes/onsager_derivation.md;results/onsager/onsager_2d.json,Use as a numerical diagnostic rather than a substitute for proof
H004,2026-08-11,Finite-lattice Möbius inversion yields stable exact simple-cubic HT/LT coefficients,Connected clusters stabilize once all bounding boxes within the order budget are included,Old coefficients remain unchanged when the box family and order are enlarged,Extend by several orders and compare every prefix coefficient,HT reaches v^20 and LT reaches x^28; direct GF(2) and independent slab prefixes agree,Finite order does not imply a closed form,confirmed,notes/flm_derivation.md;results/series/extended_sc_ht_free_energy.json;results/series/extended_sc_lt_free_energy.json;results/series/lt_independent_check.json,Seek a genuinely different exact check beyond the current prefixes
H005,2026-08-11,Finite ferromagnetic field zeros lie on the Lee--Yang unit circle,The Lee--Yang theorem predicts |z|=1 for every finite ferromagnetic Ising graph,Correct root count and |z|-1=0 within recorded multiprecision residual,Root exact field polynomials on the smallest nontrivial 3D boxes,All checks pass on 13 lattices through 4x4x4; largest 64-site radial residual 9.1044993726259e-92,This is finite-volume verification and not a new proof of the theorem,confirmed,notes/lee_yang.md;results/lee_yang/lee_yang_analysis.json;tests/test_lee_yang.py,Use larger lattices only if a controlled scaling question is specified
H006,2026-08-11,The available small Lee--Yang lattices determine a reliable edge exponent,Finite-size scaling of the first zero and near-edge density might reveal the thermodynamic edge singularity,The procedure should reproduce the known 2D control before being trusted in 3D,Apply the same estimator to 2D sizes with known behavior,Qualitative zero-angle motion is visible,The 2D control is too small and density fits are unstable,falsified,notes/lee_yang.md;results/lee_yang/lee_yang_analysis.json,Do not quote an edge exponent without larger sizes and a passing 2D validation
H007,2026-08-11,Z.-D. Zhang's 2007 four-fold integral gives the simple-cubic critical coupling,The claimed singularity condition was presented as an exact solution,Its critical root must equal the independently known K_c,Evaluate the claimed condition at high precision without fitting,A real claimed root is reproduced,K_c=0.2406059125298... differs from 0.221654626(5) by about 3.79 million quoted sigma,falsified,notes/lit_claimed_solutions.md;notes/falsification.md;results/falsification/falsification.json,No further work unless a materially different formula is supplied
H008,2026-08-11,Z.-D. Zhang's 2007 magnetisation expansion is exact,An exact free-energy proposal should reproduce independently enumerated LT coefficients,The u^6 coefficient must equal the exact graph-expansion coefficient,Compare the first disputed nonzero coefficient,None,Claim gives -18 while exact enumeration gives +14,falsified,notes/lit_claimed_solutions.md;results/falsification/falsification.json,Closed
H009,2026-08-11,Degang Zhang's 2021 critical line is a physical simple-cubic invariant,Cubic isotropy requires invariance under permutations of J1 J2 J3,The critical beta is unchanged by all six coupling permutations,Permute one anisotropic triple and solve each claimed equation,None; only the isotropic benchmark is near the accepted value,Six predicted roots split into three incompatible values,falsified,notes/lit_claimed_solutions.md;notes/falsification.md;results/falsification/falsification.json,Closed unless a rotation-invariant replacement is supplied
H010,2026-08-11,Degang Zhang's 2021 free energy has the exact simple-cubic HT expansion,An exact thermodynamic free energy must reproduce the first connected plaquette term,The K^4 coefficient is +3,Expand symbolically through the first nontrivial graph order,Constant and K^2 terms coincide,Claim predicts -3 instead of +3 at K^4,falsified,notes/lit_claimed_solutions.md;results/falsification/falsification.json,Closed
H011,2026-08-11,Rosengren's cited conjectural transform supplies a complete exact 3D free energy,A closed callable would make coefficient and singularity tests possible,A source-defined weight rule must produce independent HT coefficients,Locate an unambiguous formula determining every weight/function,The source records a conjectural transform,No independent rule for the unknown functions is supplied; fitting known coefficients is interpolation,unresolved,notes/lit_claimed_solutions.md;notes/literature_matrix.md;results/reference_data/claimed_solutions.json,Test only if an independent complete callable is provided
H012,2026-08-11,The three-dimensional Ising model is self-dual,The 2D Kramers--Wannier relation tempts use of the same sinh(2K)sinh(2K*)=1 fixed point,Finite-volume duality would map Ising partition functions back to the same model after all sectors and prefactors,Check exact cell-complex duality on the smallest 3D torus,The scalar coupling map reappears,The dual degrees of freedom form a Z2 gauge theory; exact finite-volume sector identities are not Ising self-duality,falsified,proofs/duality_3d.md;results/duality/duality.json;tests/test_duality.py,Use gauge duality as a relation between distinct universality-related models
H013,2026-08-11,The natural 3D layer transfer pair satisfies a closed Dolan--Grady defect formula,The 2D Onsager algebra is generated by Dolan--Grady relations; local graph degree should expose the 3D failure,DG1 is universal and DG2 residual equals the stated degree-linear plus neighbor-triple Pauli sum,Expand exact commutators on stars and a small open grid,Term-by-term exact agreement on 16 graphs and a local proof,,confirmed,proofs/dolan_grady_defect.md;results/dg_theorem_check.json;experiments/e16_dg_theorem_check.py,Use the local defect to constrain deformations
H014,2026-08-11,Dolan--Grady holds if and only if the graph is 2-regular,Cycle controls suggested 2-regularity as the exact boundary,Every non-2-regular graph has nonzero DG2 residual,Add one isolated vertex to a cycle,Cycles pass,C3 plus an isolated vertex is not 2-regular but has exactly zero residual,falsified,proofs/dolan_grady_defect.md;results/audit/audit_replication.json,Use corrected condition: every vertex degree is 0 or 2
H015,2026-08-11,Dolan--Grady residual vanishes exactly when every degree is 0 or 2,"The proved coefficient conditions are d(d-2)=0 for the linear term and C(d,3)=0 for the quartic term","R=0 iff deg(v) belongs to {0,2} for every v",Verify the coefficient equations and the isolated-cycle counterexample,Proved locally and checked on 16 graphs,None,confirmed,proofs/dolan_grady_defect.md;results/dg_theorem_check.json;results/audit/audit_replication.json,State 2-regularity only after assuming no isolated vertices
H016,2026-08-11,A degree-d vertex generates a (d+1)-body all-neighbour Dolan--Grady term,A naive nesting picture suggested successively higher local bodies,Stars of degree 4 and above should contain all-neighbour degree-dependent body order,"Compute exact residual support on K1,d",Degree 3 creates the quartic term,For every d the residual contains only the linear term and sums over neighbor triples,falsified,experiments/e15_dg_local_structure.py;proofs/dolan_grady_defect.md,Closed; use the proven fixed quartic structure
H017,2026-08-11,An induced claw is equivalent to exponentially large two-generator algebra,A claw is the minimal term-wise Majorana and quartic DG obstruction,"Every clawed family should already have rapidly growing dim<A,B>",Close A=sum X and B=sum ZZ on stars and K4,A claw marks the exact local quartic obstruction and growing path-plus-bond examples,"K1,3 K1,4 and K4 are clawed but have dimensions 24 33 and 15",falsified,experiments/e13_minimal_obstruction.py;results/minimal_obstruction.json;proofs/dolan_grady_defect.md,Separate local integrability obstruction from global algebra-growth theorems
H018,2026-08-11,One extra bond destroys the small Onsager algebra of a path,A single degree-3 vertex creates the first quartic DG defect,Path-plus-one-rung dimensions should jump far above n^2,Compute exact closures for n=6 7 8,Dimensions jump to 470 3426 and 6397,Only three finite sizes are tested,provisionally_supported,results/minimal_obstruction.json;proofs/algebraic_obstruction.md,Find an inductive lower-bound construction
H019,2026-08-11,The two-generator algebra grows exponentially for every 2xL ladder,Finite depth profiles and exact small closures show rapid growth,A uniform lower bound c^L should follow from independent graded Pauli sectors,Compute D_(2L) and compare with 2^L,D_(2L)>=2^L is exact for L=2 through 6; dimensions include 11 263 and 2952,No all-L induction; 2x5 and 2x6 did not saturate within resource walls,provisionally_supported,notes/algebra_growth.md;results/algebra_growth/profiles.json;results/algebra_growth/exact_dimensions.json,Prove a recursive independent-word embedding or find a counterfamily
H020,2026-08-11,The natural 2D layer has a growing tower of translation-invariant local conserved Pauli charges,A higher-dimensional analogue of free-fermion charges would signal integrability,"Kernel dimension beyond span{I,H} should grow with support range",Solve exact finite-field commutator kernels at ranges 2 3 4 with 1D controls,The 1D control returns dimensions 1 3 5 7,The 2D layer returns only the two-dimensional trivial span through range 4,falsified,notes/integrability.md;results/integrability/conserved_charges.json,Broaden the ansatz only with a specific non-Pauli/local structure
H021,2026-08-11,The isotropic 3D bond tensor satisfies the tested constant tetrahedron equation,A Zamolodchikov-type local consistency equation could underlie higher-dimensional integrability,Every exact residual polynomial must vanish in the fixed delta-bond gauge,Evaluate the smallest nontrivial residual exactly,Degenerate zero-coupling controls vanish,A nonzero exact witness occurs for the physical specialization; allowed orthogonal/monomial gauges do not remove it,falsified,notes/integrability.md;results/integrability/tetrahedron.json,Do not infer a no-go for spectral-parameter or different tensor formulations
H022,2026-08-11,A symmetry-invariant local deformation can cancel the second Dolan--Grady residual on the 3x3 torus,The quartic obstruction may be removable by adding small-support orbit sums,The exact DG2 residual becomes identically zero for a rational coefficient vector,Solve the F3 exact linear system,An explicit rational F3 solution has zero DG2 residual,The same pair fails DG1,confirmed,proofs/dg_deformation_nogo.md;results/deformation/dg_deformation_search.json,Search only deformations that impose both relations simultaneously
H023,2026-08-11,The explicit F3 DG2-cancelling pair is Dolan--Grady integrable,Cancelling the known second relation is necessary for an Onsager algebra,It must also satisfy ad_A^3(B)=lambda ad_A(B) for some lambda,Check one coefficient with ad_A(B)=0,DG2 is exact,A witness has ad_A^3(B) coefficient 3 while ad_A(B) coefficient is 0,falsified,proofs/dg_deformation_nogo.md;results/deformation/dg_deformation_search.json,Retain as a cancellation example only
H024,2026-08-11,The natural 3D layer pair satisfies some tridiagonal/Askey--Wilson relation,Tridiagonal pairs strictly generalize the Dolan--Grady specialization,There exist beta gamma gamma* rho rho* solving both affine relations,Solve exact parameter systems on the smallest torus and exhibit a witness if inconsistent,Cycles satisfy the control relation,Every tested 3D torus/open-grid system is inconsistent; exact witnesses are stored,falsified,proofs/tridiagonal_nogo.md;results/tridiagonal.json;results/tridiagonal_certificate.json;results/tridiagonal_certificate_general.json,A deformed generator pair is a separate open question
H025,2026-08-11,One universal one-row quartic witness proves the tridiagonal no-go on every rectangular torus,A local quartic monomial seemed to isolate an inconsistent coefficient equation,The same single Pauli row is inconsistent for every tested side length,Evaluate the row on 3x3 through 5x5,It works for all 4x4 strings and half the strings when one side is 4,3x3 3x5 3x6 and 5x5 require four-row certificates,falsified,experiments/e22_tridiagonal_certificate.py;experiments/e23_certificate_general.py;results/tridiagonal_certificate_general.json,Use the stored one- or four-row witness for each geometry
H026,2026-08-11,The unsigned half-angle Kac--Ward guess gives the 3D cubic even-subgraph polynomial,A local non-backtracking determinant solves planar Ising and might extend with 3D direction angles,Finite-box determinant coefficients equal exact cycle-space coefficients,Compare the first nonzero coefficients on 2x2x2 free,None,First mismatch occurs at v^6: determinant coefficient 32i versus target 32,falsified,proofs/kac_ward_3d_obstruction.md;results/kac_ward/kac_ward.json,Closed for this natural guess
H027,2026-08-11,A strict cubic-covariant two-weight local Kac--Ward determinant represents 3D Ising,Cubic symmetry reduces coplanar and out-of-plane turns to two scalar weights,All exact closed-walk equations through v^8 have a common solution,Eliminate the two weights from the low-order exact equations,2D controls reproduce Kac--Ward exactly,The exact Groebner ideal is the unit ideal; the obstruction appears at v^8,falsified,proofs/kac_ward_3d_obstruction.md;results/kac_ward/kac_ward.json,Do not extrapolate beyond the strict two-weight slice
H028,2026-08-11,Some weight choice in the full translation-invariant 30-weight Kac--Ward family represents 3D Ising,Dropping strict cubic covariance leaves the broadest local directed-turn ansatz implemented here,The 30-weight polynomial system has a physical solution including possible zero branches,Classify every gauge chart and zero branch of the finite exact system,The exact system is constructed,The nonzero gauge chart timed out; zero branches and global consistency are unclassified,unresolved,proofs/kac_ward_3d_obstruction.md;results/kac_ward/kac_ward.json,Use modular elimination or certified branch decomposition
H029,2026-08-11,The short HT series is governed by a low-budget homogeneous Euler ODE,A D-finite free energy would satisfy a polynomial-coefficient differential equation,An equation fitted before the holdout predicts all three withheld coefficients,Search exact rational ODEs and validate three held-out terms,The method exactly identifies exp(z) in its control,No tested order/degree candidate survives all three Ising holdouts,falsified,notes/series_analysis.md;results/series/extended_series_analysis.json,Do not call this a proof of non-D-finiteness; extend the series first
H030,2026-08-11,The untuned short-series singularity estimate is consistent with the known critical point,Stable Dlog--Pade and differential approximants should cluster near the physical singularity,The external benchmark lies inside a method-spread uncertainty envelope,Repeat the same selection at v^16 v^18 v^20 without feeding K_c to the selector,Estimate 0.2229380779607 +/- 0.0050376391291 contains 0.221654626,Only ten nonzero coefficients make the exponent and uncertainty weak,provisionally_supported,notes/series_analysis.md;results/series/extended_series_analysis.json,Extend coefficients before tightening or interpreting the error bar
H031,2026-08-11,Simon--Lieb finite boxes improve the existing rigorous SAW lower bound,Larger exact boundary correlations might yield a stronger lower endpoint,The certified box root exceeds 0.2074277114992,Evaluate all implemented boxes with conservative rounding,The criterion proves a valid lower bound,Best endpoint 0.20517823158099 is below the SAW endpoint,falsified,proofs/simon_lieb_bound.md;results/bounds/simon_lieb_bounds.json,Seek analytic tail improvements or larger tractable cross-sections
H032,2026-08-11,The natural Ising generator set has no nontrivial conserved Pauli fluxes on a connected graph,A Kitaev mechanism would require an extensive Pauli centraliser,The Pauli centraliser of every X_i and Z_iZ_j is exactly {I global-X},Solve the binary symplectic constraints and brute-force small graphs,A general proof and seven exact brute-force checks agree,The statement does not cover non-Pauli operators or enlarged Hilbert spaces,confirmed,experiments/e27_flux_sectors.py;results/flux_sectors.json;proofs/algebraic_obstruction.md,Keep the conclusion scoped to Pauli fluxes of the term generator set
H033,2026-08-11,The full commutant of the summed operators A and B has only identity and global spin flip,The Pauli-term centraliser was initially overextended to the summed transfer pair,No linearly independent ordinary symmetry can commute with A and B,Check lattice translation on the C3 layer,The two Pauli strings do commute,C3 translation commutes exactly and is linearly independent; exact Gram determinant 480,falsified,results/audit/audit_replication.json;proofs/algebraic_obstruction.md,Distinguish Pauli flux sectors from momentum and other non-Pauli symmetries
H034,2026-08-11,The proposed exact free energies satisfy the external 3D specific-heat exponent constraint alpha=0.110(1),A correct free energy must have the accepted non-logarithmic 3D critical singularity,Its curvature near the candidate critical point scales with exponent alpha in [0.107 0.113],Run a benchmark-blind curvature classifier with Onsager and synthetic controls,The controls recover logarithmic and prescribed power laws,Both evaluable claimed formulas are classified as logarithmic alpha=0,falsified,notes/cft_constraints.md;results/cft/cft_constraints.json,Apply this necessary-condition check to any future closed free-energy candidate
H044,2026-08-12,The interlayer w^2 coefficient is exactly determined by squared zero-field 2D correlations once the single-bond cosh prefactor is separated,The decoupled-layer measure factorizes and the logarithm retains only connected interlayer-bond subsets,Residual c2=(1/2) sum_(r!=0) G(r)^2 while total [w^2](phi3D-phi2D)=(1/2) sum_r G(r)^2,Compare an exact 2D correlation-series transfer calculation with independent anisotropic 3D finite-lattice inversion,The two exact Fraction arrays agree at v^2 v^4 v^6; K=0 gives zero residual and the exact 1D-chain prefactor,Only c2 and its prefix through v^6 were computed; the w radius and isotropic continuation remain unknown,confirmed,notes/interlayer_expansion.md;experiments/e31_interlayer.py;results/interlayer/interlayer_expansion.json;tests/test_interlayer.py,Derive c4 from connected 2D four-point functions only if an independent anisotropic w^4 validation is available
H059,2026-08-12,The minimal simultaneous three-orbit deformation contains a noncommuting Dolan--Grady or tridiagonal pair,"The exact F3 term cancels DG2, so allowing both generators to move in the smallest common symmetry-orbit basis could repair DG1 or a more general Askey--Wilson relation",A nonproportional coefficient pair satisfies both exact relations on the 3x3 torus and remains valid with the same coefficients on a second layer size,"Expand exact Pauli coefficients, reduce by translations and D4, eliminate linear relation constants, and saturate every nonproportional cross-product chart",The F3 point cancels DG2 exactly on both 3x3 and 4x4 torus layers,Low-support coefficient rows force proportional generators; all three DG nonproportional saturations and the terminal tridiagonal branch have unit Groebner ideal,falsified,experiments/e36_dg_simultaneous.py;tests/test_dg_simultaneous.py;proofs/dg_simultaneous.md;results/deformation/dg_simultaneous.json,Classify the two omitted projective hyperplanes or enlarge the explicitly enumerated orbit basis without weakening the size-independent test
H035,2026-08-12,The tested boundary-lex Pauli leading-term rule supplies 2^L distinct pivots for every two-leg ladder,A uniform distinct-leading-word family would prove D_(2L)>=2^L by triangularity,Among all nonzero bracket words of depth at most 2L there are at least 2^L distinct leaders in the fixed right-boundary lexicographic order,Expand every actual word through depth 2L and count exact Pauli leaders at the first unresolved length,The rule has 5 leaders versus 4 at L=2 and 9 versus 8 at L=3,At L=4 it has only 15 distinct leaders versus the required 16; the explicit recursive labels 0101 and 0110 also collide at leader II II ZI XY,falsified,proofs/ladder_growth.md;experiments/e28_ladder_proof.py;results/algebra_growth/ladder_proof.json;tests/test_ladder_proof.py,The all-L inequality remains open; seek a different monomial order or a direct recursive minor identity
H050,2026-08-12,The best published rigorous simple-cubic SAW upper bound improves the certified Ising lower endpoint,SAW domination converts any rigorous upper bound on mu into K_c >= atanh(1/mu),The directed lower endpoint from mu<4.7114 exceeds the incumbent 0.2074277114992039908436804465100887760027,Verify the primary-source theorem and direction-round atanh(1/4.7114),The publisher abstract verbatim calls mu<4.7114 a rigorous upper bound,The full text and underlying theorem or numerical certificate were not obtainable; the abstract-only promotion to K_c>=0.21552750678753805271 is withdrawn without claiming the published inequality false,falsified,proofs/kc_bounds_improved.md;experiments/e33_bounds_improve.py;results/bounds/improved_bounds.json;sources/manifest.yaml,Reconsider 4.7114 only if its full proof and certificate become auditable
H051,2026-08-12,Lengthening the 4x4 Simon--Lieb prism or regrouping its boundary orbits can overtake the SAW lower endpoint,End-cap removal and exact symmetry orbits might expose unused sharpness in the finite-set criterion,The axial-limit root exceeds atanh(1/4.7114),Decompose kappa by boundary orbit and fit the exact-root sequence for lengths 8 16 32,The criterion is rigorous and roots increase along the tested sequence,Lateral faces contribute 0.999996723996058 of kappa while caps contribute only 0.000003276003468; the descriptive axial limit is K about 0.20517892,falsified,proofs/kc_bounds_improved.md;results/bounds/improved_bounds.json,A larger transverse region or genuinely new correlation inequality is required
H052,2026-08-12,Exact finite Peierls surface counts through area 28 by themselves improve the infrared upper endpoint,Low-area contour entropy is far below the generic Peierls overcount and may tighten the ordering criterion,A rigorously tailed Peierls sum proves K_c below 0.2527310098586630030260020266135701299926,Enumerate the exact finite prefix and demand an infinite-volume contour-tail theorem in the same normalization,The repository gives exact plus-boundary broken-bond coefficients through area 28,Those are finite configuration counts not connected infinite-volume contour counts; no rigorous tail domination was established and the generic Peierls theorem gives only K_c<=0.7488385776610204938868995703971670322475,falsified,proofs/kc_bounds_improved.md;results/bounds/improved_bounds.json,Develop a proved connected-contour tail before reusing the exact prefix
H062,2026-08-12,"The 3D Ising layer transfer operator has a free-fermion (Gaussian) spectrum in SOME mode basis, i.e. it is a 'free fermion in disguise' even though its natural generators do not close quadratically","Fendley's disguised free fermions show a spin chain can have an exactly free-fermion spectrum while the obvious generators fail to close on a quadratic Clifford algebra. Every earlier no-go in this repo (DG, TD, claw/Gaussian, Kac-Ward) constrains an ALGEBRA and so leaves this escape route open.",A Gaussian operator on m modes has log-spectrum equal to the multiset of subset sums of m single-particle energies; equivalently lambda_1*lambda_2/lambda_0 must itself be an eigenvalue,Exact rational transfer matrix at tanh(K*/2)=1/3 plus two Sylvester inertia counts deciding whether the forced eigenvalue lambda_1*lambda_2/lambda_0 is present,"Open 1D chains (2D Ising strips) reconstruct exactly: n generators for n modes, residual 2.03e-58 at 60 dps; the forced eigenvalue is present, inertia counts 5->6 and 7->8","The 2x3 open layer is MISSING the forced eigenvalue: exact inertia count is 8 at both outward-rounded ends of the enclosing rational window. At 40 dps the failure also holds for K = 0.05,0.1,0.2,0.221654626,0.3,0.5,1.0,2.0 (gaps 1.17e-7 to 1.89e-1) and at 60 dps for 2x4, 3x3 and the 2x3, 3x3 tori. Note the gap shrinks to 1.17e-7 at K=2.0, so large-K work needs raised precision.",falsified,experiments/e37_spectral_gaussianity.py; experiments/e38_gaussianity_certificate.py; proofs/spectral_gaussianity.md; tests/test_spectral_gaussianity.py; results/spectral/gaussianity.json; results/spectral/gaussianity_certificate.json,Close the remaining loophole: V as the restriction of a larger Gaussian to an invariant subspace (a submultiset of a subset-sum multiset need not be subset-sum)
H063,2026-08-12,"The spectral free-fermion obstruction switches on exactly at the first degree-3 vertex, matching the Theorem DG quartic-defect criterion",Theorem DG shows the quartic Dolan-Grady defect vanishes iff every vertex has degree 0 or 2. If the spectral test detects the same local mechanism it must classify 2-regular layers as 2D-like and fail exactly when a degree-3 vertex appears.,"The 2x2 'layer' is C_4, which is 2-regular, so it must pass; the 2x3 layer has degree-3 vertices, so it must fail","Run the subset-sum reconstruction on the 2x2 layer and compare with the 1D rings, using the repository's shared layer bond builder so the degree sequence is not hand-assigned","The 2x2 layer has degree sequence [2,2,2,2] from the shared builder and behaves exactly like the 1D rings (parity-sector reflection defect 8.9e-15); the first failure appears at 2x3, which has degree-3 vertices. The test was never told the degree criterion.","Only two layer sizes straddle the boundary, so this is a consistency observation across a small sample rather than a proved equivalence",provisionally_supported,experiments/e37_spectral_gaussianity.py; results/spectral/gaussianity.json; proofs/spectral_gaussianity.md,Test layer graphs with a single degree-3 vertex embedded in an otherwise 2-regular layer to see whether one claw alone flips the spectral verdict
H064,2026-08-12,The physical spin-flip operator P = prod_i X_i can be identified with fermion parity in any candidate Gaussian structure for the layer operator,"The torus layers fail reflection symmetry inside each PHYSICAL parity sector. If physical P had to coincide with fermion parity, that would rule out the parity-projected-pair structure outright rather than only for that one decomposition.","If true, the sector-wise reflection failure on the 2x3 and 3x3 tori would exclude parity-projected-pair Gaussianity in every basis","Construct, or prove impossible, a Gaussian structure whose fermion parity is an involution other than prod_i X_i but which still commutes with the transfer operator","For the 1D rings the physical P does coincide with the Kaufman NS/R sector split, and each physical sector is reflection-symmetric to 1e-11","Not established. The repository's own Theorem 11 counterexample (C3 translation commutes with A and B) shows the physical symmetry group is larger than the Pauli centraliser, so other involutions exist a priori.",unresolved,proofs/spectral_gaussianity.md sec.7; experiments/e37_spectral_gaussianity.py; proofs/algebraic_obstruction.md,Enumerate involutions commuting with A and B on a small torus layer and test each as a candidate fermion parity
H038,2026-08-12,The 4-cycle two-sum algebra is sp(4) plus a one-dimensional centre,Dimension 11 suggested a 10-dimensional B2/C2 simple factor plus one scalar,The Killing form has rank 10 and its semisimple root system is B2=C2,Compute the exact rational Killing form and classify faithful symmetry-sector images,The total dimension is 11,The exact Killing form has rank 9 and two-dimensional centre; the Levi factor has root system A1^3,falsified,notes/algebra_structure.md;experiments/e29_algebra_structure.py;results/algebra_structure/structure.json,Use the exact A1^3 plus C^2 decomposition as the small control
H039,2026-08-12,The first non-cycle 2D layer algebras remain finite loop-algebra quotients of Onsager type,The 1D control is a quotient of the fixed sl2 loop algebra and one might hope the larger finite layers only change the evaluation ideal,Every simple Levi factor is A1 and multiplicities come from loop evaluation points,Compute exact-Q structure on C4; on larger grids compute modular centre/derived ranks and scoped quotient images without inferring a characteristic-zero Levi decomposition,The chain and ring controls reproduce their Onsager spin-representation image dimensions; C4 is exactly A1^3 plus C^2 over Q,No characteristic-zero Levi decomposition or quotient classification was obtained for 2x3 or 2x4; modular C7/C3/D21/B13 quotient images have no rational lift in this experiment,unresolved,notes/algebra_structure.md;results/algebra_structure/structure.json;results/algebra_structure/onsager_controls.json,Whether the 2D-layer algebra is an Onsager quotient remains open; a characteristic-zero invariant form or rational quotient is required
H065,2026-08-12,An abstract-only assertion that mu<4.7114 is rigorous is sufficient for a repository-certified Ising endpoint,The claimed inequality would imply K_c>=0.2155275067875380527127805211792797739268 if its proof were auditable,The full article exposes a theorem or corollary and reproducible data proving mu<4.7114,Obtain the complete primary source and identify the page section equation and certificate,The publisher abstract contains the verbatim phrase rigorous upper bound,Only the abstract was obtainable after publisher Crossref OpenAlex Unpaywall and repository searches; no proof or certificate could be inspected,falsified,proofs/kc_bounds_improved.md;results/bounds/improved_bounds.json;sources/manifest.yaml,Do not reuse 4.7114 unless the complete proof becomes auditable
H066,2026-08-12,The published exact 36-step simple-cubic SAW count improves the certified Ising lower endpoint without an asymptotic estimate,Block submultiplicativity directly turns c_36 into a geometric high-temperature susceptibility majorant,c_36=2941370856334701726560670 gives K_c>=atanh(c_36^(-1/36))>0.2074277114992039908436804465100887760027,Verify the complete primary source SHA exact integer root bracket and directed atanh rounding,Schram Barkema and Bisseling give the exact length-doubling identity and c_36 in Section IV and Table I; the cached PDF hash is recorded,The enumeration is imported rather than recomputed locally but its complete primary source and exact algorithm are auditable,confirmed,proofs/kc_bounds_improved.md;experiments/e33_bounds_improve.py;results/bounds/improved_bounds.json;sources/fulltext/schram_barkema_bisseling2011.pdf,Use a longer independently auditable exact count or proved finite-memory bound to tighten further
H056,2026-08-12,The verified Ising parity tensor has a nonexceptional six-space edge-rapidity tetrahedron manifold,Independent rapidities on all six shared TE vector spaces strictly extend the frozen constant isotropic test,"The saturated exact TE ideal away from x_i=0,+1,-1 is nonempty and contains a curve through 0<x_1=...=x_6<1","Generate all 4096 components, remove invertible monomial factors on the nonzero torus, row-reduce over Q, and saturate by product_i x_i(x_i-1)(x_i+1)",A three-dimensional degenerate component exists at x4=x5=1 and x6=-1,The exact saturated Groebner basis is [1]; every solution has a zero-weight or +1/-1 exceptional leg and the physical diagonal has no solution,falsified,notes/tetrahedron_spectral.md;experiments/e35_tetrahedron_spectral.py;results/integrability/tetrahedron_spectral.json;tests/test_tetrahedron_spectral.py,"Any further tetrahedron search must change the edge-rapidity representation, use four independently parametrized R operators, or add interacting auxiliary structure"
H057,2026-08-12,A minimal direct-sum auxiliary state repairs the tetrahedron equation while retaining the physical two-state Ising block,Increasing local bond dimension is a standard escape from a bond-dimension-two obstruction,R3 equal to R_Ising on the physical block and identity on triples containing the auxiliary state satisfies every TE component,Evaluate the exact dimension-three residual at rational physical w=1/2,The construction preserves the physical tensor as an invariant principal block,"The extended residual retains physical component (output 20,input 0)=-675/4096",falsified,notes/tetrahedron_spectral.md;experiments/e35_tetrahedron_spectral.py;results/integrability/tetrahedron_spectral.json,General interacting auxiliary extensions remain unresolved and require mixing outside an invariant direct sum
H058,2026-08-12,The natural two-weight periodic Ising layer transfer matrices form a nontrivial commuting spectral family,A tetrahedron mechanism should induce commuting layer-to-layer transfer matrices,"T(a,b) with a=e^-2Kz and b=e^-2Kparallel commutes at distinct points on the isotropic curve and has a nonzero commuting tangent",Compute exact rational commutators on periodic 2x2 and 2x3 and solve the 2x2 tangent equations,Coincident matrices commute trivially,Distinct physical points have exact nonzero commutator witnesses; the interior isotropic tangent minor is nonzero,falsified,notes/tetrahedron_spectral.md;experiments/e35_tetrahedron_spectral.py;results/integrability/tetrahedron_spectral.json;tests/test_tetrahedron_spectral.py,Broader layer-weight parametrizations and singular exceptional branches remain unresolved
H041,2026-08-12,The full translation-invariant scalar Kac--Ward family can satisfy the exact finite-box trace identities through k=8 and pass an independent box prediction,The 25-parameter generic gauge chart is consistent through k=6 and has enough freedom that k=8 construction equations may still admit solutions,"An exact algebraic assignment solves k=4,6,8 on multiple construction boxes and at least one unused free box","Classify the explicit six-polynomial 25-variable system with a stronger modular Groebner or rational Nullstellensatz engine, then verify a holdout box exactly",Complex least squares finds points with construction residual near machine roundoff,The recorded numerical point fails the exact 3x3x3 holdout at k=8; modular Groebner timed out and all 32 tested tree zero-pattern strata remain undecided,unresolved,proofs/kac_ward_full_family.md;experiments/e30_kac_ward_full.py;results/kac_ward/full_family.json;tests/test_kac_ward_full.py,Use the stored explicit polynomials and SHA-256 in a sparse Macaulay/Nullstellensatz or stronger computer-algebra engine; never promote a timeout or sampled Jacobian rank to a no-go
H085,2026-08-12,At t=1/3 the physical P-sector spectra of the 2x3 layer are the even and odd halves of one six-mode Gaussian product spectrum,This is the parity-projected-pair escape route left open by Theorem S,"After orienting factors above one the assigned spectra obey e0<o0<o1 and o0*o1/e0 belongs to the even sector","Split exactly under P and isolate e0 o0 o1 by rational inertia then count target eigenvalues across an outward forced-value window",The exact matrix commutes with physical P and both sectors have dimension 32,"For P+=even the forced window has equal counts 2 and 2; the swapped assignment has the wrong minimum order and its formal window also has equal counts 1 and 1",falsified,proofs/parity_sector_gaussianity.md;experiments/e40_parity_sector.py;results/spectral/parity_sector.json;tests/test_parity_sector.py,Retain Theorem S-prime with its physical-parity and one-coupling scope
H086,2026-08-12,The e38 rational symmetrization admits exact rational physical spin-flip restrictions,Global bit complement preserves Hamming distance and every Ising bond energy,"P is a fixed-point-free signed permutation; PR=RP; unnormalized plus/minus orbit bases give rational 32 by 32 restrictions",Verify all permutation identities and all rational commutator entries then construct one basis vector per complement orbit,"All 4096 equalities R[c(a),c(b)]=R[a,b] pass and both restricted matrices are rational positive definite",None in the finite 2x3 and chain cases,confirmed,proofs/parity_sector_gaussianity.md;experiments/e40_parity_sector.py;results/spectral/parity_sector.json,Reuse the orbit-basis construction for other physical-symmetry sector tests
H087,2026-08-12,Swapping the identification of physical P signs with fermionic even and odd parity rescues the 2x3 Gaussian pair ansatz,The sign of a fermionic parity involution is conventional so both physical assignments must be exhausted,At least one of P+=even or P-=even satisfies the required minimum ordering and forced cross-sector membership,Run exact lowest-sector enclosures and target-sector inertia counts for both assignments,P+=even has the required strict ordering,"P+=even misses the forced value with counts 2 and 2; P-=even has odd minimum below even minimum and its formal forced window has counts 1 and 1",falsified,proofs/parity_sector_gaussianity.md;results/spectral/parity_sector.json;tests/test_parity_sector.py,No physical-sign assignment remains under the stated distinctness hypotheses
H088,2026-08-12,The six-site open-chain Gaussian control is consistent with the parity cross-sector relation at exact t=1/3,A known free-fermionic control should not be rejected by the outward-window certificate,For both physical sign assignments the target-sector inertia count differs across the forced-value window,Run the identical rational sector split and inertia calculation on the open chain,"Counts change 1 to 2 for both assignment windows, proving that each window contains an eigenvalue",A positive-width window does not certify exact equality to the forced value,confirmed,proofs/parity_sector_gaussianity.md;experiments/e40_parity_sector.py;results/spectral/parity_sector.json,Keep explicitly labeled as a consistency check rather than an exact-presence theorem
H089,2026-08-12,The physical-parity certificate excludes Gaussian restrictions graded by every commuting Z2 symmetry of the 2x3 layer,A basis-independent closure of all parity loopholes would require controlling every possible fermion parity involution,Every alternative commuting involution yields sector spectra violating its corresponding Gaussian cross-sector relation,Classify the full commutant and repeat exact sector certificates for every inequivalent involution,None; only P=product X was tested,The present theorem does not constrain a different Z2 grading or a non-parity invariant subspace,unresolved,proofs/parity_sector_gaussianity.md,Classify inequivalent commuting involutions before extending Theorem S-prime

H080,2026-08-12,"The open 2x3 Ising layer transfer operator at t=tanh(K*/2)=1/5 is not fermionic Gaussian on six modes","Theorem S at t=1/3 may reflect a robust finite-layer spectral obstruction rather than an isolated arithmetic point","The three smallest eigenvalues are distinctly enclosed and the forced value lambda1*lambda2/lambda0 lies in an interval with equal endpoint inertia counts","Build the exact rational symmetrized operator and perform Sylvester-inertia bisection plus two outward-window counts","Disjoint exact enclosures have relative-gap lower bounds 0.0388789 and 0.745757; both forced-window counts equal 4","This is one finite operator at one coupling and gives no all-coupling or all-size statement",confirmed,"experiments/e39_spectral_couplings.py;results/spectral/couplings.json;notes/spectral_couplings.md;tests/test_spectral_couplings.py","Seek an analytic coupling interval only if exact parameter-dependent inertia control becomes available"
H081,2026-08-12,"The open 2x3 Ising layer transfer operator at t=tanh(K*/2)=1/2 is not fermionic Gaussian on six modes","Testing a second substantially different rational coupling probes whether the Theorem S obstruction persists away from t=1/3","The three smallest eigenvalues are distinctly enclosed and the forced-value interval contains no eigenvalue","Run exact rational inertia bisection and compare exact counts at both outward-rounded forced-window endpoints","Disjoint exact enclosures have relative-gap lower bounds 0.853766 and 0.168100; both endpoint counts equal 8","A finite exact certificate cannot establish non-Gaussianity on a continuum of couplings",confirmed,"experiments/e39_spectral_couplings.py;results/spectral/couplings.json;notes/spectral_couplings.md;tests/test_spectral_couplings.py","Do not interpolate the finite rational certificates into an unproved coupling-uniform claim"
H082,2026-08-12,"The open 2x3 Ising layer transfer operator at t=tanh(K*/2)=2/5 is not fermionic Gaussian on six modes","An intermediate optional rational point supplies a third independent exact coupling certificate","Distinct lowest-three enclosures force a predicted eigenvalue window whose two inertia counts agree","Apply the same exact matrix construction rational bisection and outward-window inertia test","Disjoint exact enclosures have relative-gap lower bounds 0.708556 and 0.289736; both endpoint counts equal 8","Only the named 64-dimensional operator is decided",confirmed,"experiments/e39_spectral_couplings.py;results/spectral/couplings.json;notes/spectral_couplings.md;tests/test_spectral_couplings.py","Retain as finite-instance evidence rather than an all-t theorem"
H083,2026-08-12,"The open 2x4 Ising layer transfer operator at t=tanh(K*/2)=1/3 is not fermionic Gaussian on eight modes","Extending Theorem S to the next layer width tests whether the spectral obstruction survives beyond the minimal genuine layer","The exact 256-dimensional operator has three distinct lowest eigenvalues and equal inertia counts across the forced-value window","Clear denominators once decompose by exact commuting involutions and run fraction-free Sylvester-inertia bisection under explicit resource walls","Eight exact symmetry sectors span all 256 dimensions; the gap lower bounds are 0.491652 and 0.344832 and both forced-window counts equal 8","This proves only one finite 2x4 operator; embeddings larger Gaussian systems parity-projected variants and all sizes remain open",confirmed,"experiments/e39_spectral_couplings.py;results/spectral/couplings.json;notes/spectral_couplings.md;tests/test_spectral_couplings.py","Use the certified symmetry-sector method for larger finite layers only when a new scoped question warrants the cost"
H084,2026-08-12,"The open n=8 chain at t=tanh(K*/2)=1/3 gives an occupied-window consistency control for the spectral certificate","A known free-fermionic geometry should not be rejected by the one-sided absence test","The exact inertia counts at the forced-window endpoints differ after the lowest three eigenvalues are distinctly enclosed","Run the identical rational construction and exact inertia test on the 256-dimensional open chain","The exact counts are 9 and 10 so some eigenvalue lies in the positive-width window","Differing counts do not prove that the exact forced value is present and are not an equality or Gaussianity certificate",confirmed,"experiments/e39_spectral_couplings.py;results/spectral/couplings.json;notes/spectral_couplings.md;tests/test_spectral_couplings.py","Keep explicitly labeled as consistency only; exact presence would require an algebraic equality certificate"
H105,2026-08-12,A low-budget algebraic equation explains the 12-coefficient HT reduced free-energy series,An algebraic exact solution would force a polynomial relation among sufficiently many exact coefficients,"At least one bidegree with (dx+1)(df+1)<=10 has a nonzero kernel after all known coefficients","Build every exact rational coefficient matrix using U+2 training equations and all later coefficients as holdout",None,All 27 frontier matrices have full column rank with stored nonzero rational minors,falsified,experiments/e43_series_structure.py;results/series/structure_certificates.json;notes/series_structure.md,Do not infer transcendence; retest larger budgets only after deriving more coefficients
H106,2026-08-12,The LT reduced free-energy prefix has an observable low-budget algebraic relation,A low-temperature exact structure could appear at smaller bidegree than on the HT side,A surviving kernel involves at least one monomial column visible through u^16,"Sweep all 45 bidegrees with U<=15 and separate strict-holdout survivors from zero-column truncation artifacts",Ten raw kernels survive,All ten full kernels are exactly spans of monomials such as f^6 whose first possible term lies beyond u^16; seven other prefix kernels fail holdout,falsified,experiments/e43_series_structure.py;results/series/structure_certificates.json;notes/series_structure.md,Audit again only when coefficients at or beyond the recorded monomial valuations are available
H107,2026-08-12,A low-budget first-order differential-algebraic equation explains the HT prefix,Nonlinear dependence on f and f-prime is the simplest extension beyond the earlier linear D-finite probe,At least one rectangular Q(t f f-prime) budget with U<=9 has a nonzero full kernel,Sweep every exact derivative-safe coefficient matrix with at least two excess equations,None,All 21 tested first-order HT budgets have full column rank and explicit nonzero minors,falsified,experiments/e43_series_structure.py;results/series/structure_certificates.json;notes/series_structure.md,This does not test higher derivatives or larger polynomial budgets
H108,2026-08-12,The LT prefix has an observable low-budget first-order differential-algebraic relation,The leading valuations f=O(u^3) and f-prime=O(u^2) permit a finite exact nonlinear search,A surviving kernel contains a monomial combination visible by derivative-safe order u^15,"Sweep all 45 rectangular first-derivative budgets and inspect the exact support of every full kernel",Eight raw kernels survive,Every survivor is exactly a zero-column truncation artifact such as (f-prime)^8=O(u^16) or f^5 f-prime=O(u^17); eight prefix candidates fail holdout,falsified,experiments/e43_series_structure.py;results/series/structure_certificates.json;notes/series_structure.md,Require new LT coefficients before interpreting any survivor
H109,2026-08-12,The interlayer c2 identity extends through v^8 and the thermodynamic c3 coefficient vanishes,The squared-correlation formula admits an independent 2D finite-lattice expansion while layer staggering forces odd powers of w to vanish,"sum_r G(r)^2 has v^8 coefficient 1556 so residual and total c2 have v^8 coefficient 778; c3(v)=0","Compare exact 2D boundary-parity FLM with anisotropic 3D FLM and inspect every w^3 box column",Both independent exact c2 arrays agree through v^8 and all 15 required anisotropic boxes have zero w and w^3 columns,None,confirmed,experiments/e43_series_structure.py;results/series/structure_certificates.json;notes/series_structure.md;tests/test_series_structure.py,Computing c4 would require connected four-spin data beyond the squared two-point machinery
H100,2026-08-12,"The selected six-pivot Hensel section through the stored F_5 witness contains a rational construction point of coordinate height at most 803887338846092830409411774445","A full-row-rank modular point has a unique p-adic graph over the 19 held coordinates and a simple exact identity might appear by rational reconstruction","All 25 residues modulo 5^86 reconstruct within the symmetric uniqueness bound and their exact substitutions annihilate all six equations","Lift by doubling Newton precision and run complete extended-Euclidean reconstruction coordinatewise","The Jacobian has full row rank six and 23 coordinates reconstruct; one moving coordinate reconstructs as -11","u_mx_mx and u_mx_py do not reconstruct, which certifies absence of a bounded rational vector in this selected residue class",falsified,"experiments/e42_kw_hensel.py;results/kac_ward/hensel_lift.json;notes/kw_hensel.md;tests/test_kw_hensel.py","Do not generalize across the positive-dimensional variety; test other sections only with a systematic selection rule"
H101,2026-08-12,"The selected six-pivot Hensel section through the stored F_11 witness contains a rational construction point of coordinate height at most 1121690061089227884474199393243","A second full-row-rank prime tests whether rational structure survives independently of the F_5 residue class","All 25 residues modulo 11^58 reconstruct within the symmetric uniqueness bound and solve the six equations exactly","Lift by doubling Newton precision and reconstruct every coordinate with 2H^2<M","The Jacobian has full row rank six and 22 coordinates reconstruct","u_px_px u_mx_mx and u_mx_my fail reconstruction, certifying no bounded rational vector in this selected residue class",falsified,"experiments/e42_kw_hensel.py;results/kac_ward/hensel_lift.json;notes/kw_hensel.md;tests/test_kw_hensel.py","Seek a common algebraic parametrization rather than treating one local section as the whole variety"
H102,2026-08-12,"The stored rank-deficient F_7 construction point lifts to a solution modulo 49","Even a singular finite-field point can lift when the first-order residual lies in the Jacobian image","The linear system Jt=-F(x)/7 modulo 7 is consistent","Compute the exact augmented row reduction and a left-kernel obstruction if inconsistent","The point solves all six equations modulo 7","lambda=(4,0,0,1,0,0) annihilates J but pairs with the right-hand side to 5 modulo 7",falsified,"experiments/e42_kw_hensel.py;results/kac_ward/hensel_lift.json;notes/kw_hensel.md;tests/test_kw_hensel.py","Other F_7 points remain possible; do not infer pattern emptiness"
H103,2026-08-12,"The selected F_5 and F_11 lifts share a nontrivial consistently reconstructed moving coordinate","A common characteristic-zero point should leave compatible rational-coordinate traces across good primes","At least one of the six Newton coordinates reconstructs to the same rational at both primes","Compare exact Fraction reconstructions coordinate by coordinate without numerical matching","u_pz_mx and u_pz_my both reconstruct as 2","Both agreeing coordinates are deliberately held; every moving coordinate is inconsistent or unavailable",falsified,"experiments/e42_kw_hensel.py;results/kac_ward/hensel_lift.json;notes/kw_hensel.md","Cross-prime comparison needs compatible residue classes or a global parametrization"
H104,2026-08-12,"The gauge-tree zero pattern 00000 is empty over characteristic zero","The smallest active-variable stratum may admit a short elimination certificate even when the generic 25-variable chart remains unresolved","An exact integer combination of its six construction equations is a nonzero constant","Run block-order Groebner bases modulo two primes then rederive any unit relation over ZZ","Both modular bases are [1], and exactly 2F_(3x3x2,4)-3F_(2x2x3,4)=56","The theorem excludes only one selected tree stratum and says nothing about the other patterns",confirmed,"experiments/e42_kw_hensel.py;results/kac_ward/hensel_lift.json;notes/kw_hensel.md;tests/test_kw_hensel.py","Search other smallest strata for similarly short exact certificates without inferring a full-family no-go"
H110,2026-08-12,"The verified six-leg Ising tensor remains exactly Z2-grade-preserving in the three-input three-output L-operator reshaping","Spin summation gives support only when the total number of occupied tensor legs is even","All 32 nonzero L entries preserve input/output total parity and the three stored finite-box partition integers are reproduced","Reuse the Wave-5 tensor builder and scan all 64 reshaped entries exactly","The coefficientwise box controls give 36450 16394562 and 246853161090; all 32 supported local entries preserve grade","The two parity blocks each have rank one at q=1/4, so grade preservation alone does not imply an invertible physical L",confirmed,"experiments/e44_tetra_graded.py;results/integrability/tetra_graded.json;notes/tetra_graded.md;tests/test_tetra_graded.py","Retain these controls as prerequisites for any later auxiliary-R construction"
H111,2026-08-12,"A nonzero Z2-grade-preserving 8x8 auxiliary R solves R_123 L_145 L_246 L_356=L_356 L_246 L_145 R_123 at the exact physical point q=1/4","Allowing all 32 grade-compatible entries includes interacting matrices excluded by the earlier direct-sum and gauge tests","After fixing one nonzero coordinate the exact QQ polynomial system has a solution","Generate all 4096 components and compute a QQ Groebner basis after exact row reduction","The zero matrix solves the unsaturated homogeneous relation","The 2048 nonzero component forms have exact rank 32; the raw chart r_000_000=1 has Groebner basis [1]",falsified,"experiments/e44_tetra_graded.py;results/integrability/tetra_graded.json;notes/tetra_graded.md;tests/test_tetra_graded.py","Do not search transfer-matrix commutativity in this empty normalized graded chart"
H112,2026-08-12,"The fixed-point graded auxiliary-R no-go extends uniformly to every finite ferromagnetic Ising weight","A symbolic full-rank component minor can turn a one-point computation into an all-parameter theorem","A 32x32 RLLL minor has no zero for 0<q=tanh(K)<1","Lift the fixed pivot components to QQ[q] and factor their determinant exactly","The determinant is -2*q^56*(q-1)^45*(q+1)^39 and its scaled q=1/4 specialization exactly matches the integer rank certificate","The exceptional algebraic points q=0,+1,-1 are not classified",confirmed,"experiments/e44_tetra_graded.py;results/integrability/tetra_graded.json;notes/tetra_graded.md;tests/test_tetra_graded.py","Test parity-breaking R or nonidentical spectral L factors without extending this theorem beyond its grading"
H113,2026-08-12,"An invertible graded R or a nonzero solution outside the primary r_000_000 normalization chart survives the RLLL equations","A single normalization coordinate can miss projective components whose chosen coordinate vanishes","At least one of the 32 coordinate charts or the determinant localization has a non-unit saturated ideal","Compute every chart r_j=1 and the Rabinowitsch saturation z*det(R)-1 after exact linear ideal reduction","All 32 charts and the determinant saturation were computed over QQ","Every one of the 32 chart bases is [1] and the invertibility saturation basis is [1]",falsified,"experiments/e44_tetra_graded.py;results/integrability/tetra_graded.json;notes/tetra_graded.md","Treat R=0 as the only graded solution away from q=0,+1,-1"
H114,2026-08-12,"A parity-breaking or higher-dimensional interacting auxiliary construction can evade the graded RLLL no-go","The exact determinant certificate uses the 32-coordinate grade-preserving 8x8 subspace and does not control its complement or dimension-changing projections","A nonzero invertible solution exists after dropping grade conservation or enlarging an auxiliary space and yields exact commuting small-layer transfer matrices","Derive the next sharply defined finite ansatz and require an exact nonzero solution before running 2x2 and 2x3 commutator checks","No evidence was produced in the ungraded or higher-dimensional classes","The present [1] certificates apply only to grade-preserving 8x8 R with three identical L factors",unresolved,"notes/tetra_graded.md;results/integrability/tetra_graded.json","Study the parity-breaking 64-coordinate RLLL kernel first; keep higher dimensions separate"
H095,2026-08-12,"A product-lex Pauli order repairs the ladder leading-monomial injection uniformly","Changing the local alphabet or scan direction could remove the L=4 collision without changing the depth budget","One of the 96 longitudinal direction row direction and local-alphabet orders has at least 2^L leaders for every L=2 through 5","Enumerate every nonzero A/B bracket word through depth 2L and all 96 orders exactly","The order X>Y>Z>I has capacities 6 9 16 through L=2 3 4","At L=5 that order has 26 leaders and the maximum over all 96 is 27 below 32; no scanned order passes all four lengths",falsified,"experiments/e46_ladder_induction.py;results/algebra_growth/ladder_induction.json;proofs/ladder_growth_family.md;tests/test_ladder_induction.py","Any further order search must leave the product-lex class and supply a symbolic all-L pivot proof"
H096,2026-08-12,"A fixed corner Pauli seed and translated single-rung Pauli controls encode every rung subset by nested commutators","Single-string commutators would give independence for free if every selected control remained anticommuting","All 2^L nested commutators are nonzero and have distinct supports for one fixed two-rung seed/control template","Search all 255 nonzero two-rung seeds and 15 translated rung controls at L=2 through 5","At L=2 exactly 960 families are injective and the top-row ZZ edge with XX rung controls gives four outputs","Disjoint controls commute with the seed outside its support; at L=3 through 5 no family is injective and at most four nonzero outputs occur",falsified,"experiments/e46_ladder_induction.py;results/algebra_growth/ladder_induction.json;proofs/ladder_growth_family.md;tests/test_ladder_induction.py","Do not use a bounded-support seed for an all-L single-rung commutator induction"
H097,2026-08-12,"The formal family P_L=(ZI)^L with C_i=XX on rung i proves the ladder algebra lower bound","Its exact local signature is ZI off S and YX on S so the Pauli strings are visibly distinct","P_L and every C_i belong to the two-generator ladder Lie algebra for every L","Check the all-subset signature and then test row-exchange and longitudinal-reflection invariance required of algebra elements","The exact signature gives 2^L nonzero distinct Pauli supports for every tested L=2 through 7","P_L fails row exchange and every off-centre C_i fails reflection so the required individual strings cannot be algebra elements",falsified,"experiments/e46_ladder_induction.py;results/algebra_growth/ladder_induction.json;proofs/ladder_growth_family.md;tests/test_ladder_induction.py","Membership must be proved with invariant multi-string elements rather than inferred from Pauli combinatorics"
H098,2026-08-12,"Single-Pauli elements isolated inside the two-generator ladder algebra can form a noncommuting rung-control family","Nested commutators and linear combinations might isolate local strings even though the generators are sums","Two single-Pauli algebra elements have odd symplectic pairing for some L","Use the exact row-exchange automorphism and enumerate its fixed Pauli basis through L=5","Every single-Pauli algebra element must be row-fixed","A row-fixed Pauli has equal top and bottom labels on each rung so every symplectic contribution occurs twice; all such words commute for every L",falsified,"experiments/e46_ladder_induction.py;results/algebra_growth/ladder_induction.json;proofs/ladder_growth_family.md;tests/test_ladder_induction.py","Seek noncommuting invariant orbit sums; isolated single strings are categorically insufficient"
H099,2026-08-12,"Row-and-reflection orbit sums of depth-one rung controls repair the single-string membership obstruction without destroying subset injectivity","Orbit sums satisfy the necessary ladder symmetries while retaining local support","The vectors w_S differ for all 2^L subsets after replacing C_i by its symmetry orbit sum","Enumerate all corner seed orbits and all 15 rung-control orbits and compare S with its reflected subset","A canonical X-corner seed and IY control gives a nonzero endpoint output","The controls obey C_i=C_(L+1-i) and commute so w_S=w_rho(S); all 180 360 720 and 1440 identities pass at L=2 through 5",falsified,"experiments/e46_ladder_induction.py;results/algebra_growth/ladder_induction.json;proofs/ladder_growth_family.md;tests/test_ladder_induction.py","Any symmetry-compatible induction must use noncommuting or nonlocal multi-string controls and prove cancellation control"
H075,2026-08-12,"Every finite-dimensional semisimple quotient of the complex Onsager algebra is a direct sum of sl2 copies","The kernel of a map to a semisimple quotient is closed because that quotient has zero centre, so the Date--Roan closed-ideal classification applies without classifying arbitrary kernels","The semisimple quotient of every finite-dimensional OA quotient has only A1 simple ideals","Factor a reciprocal closed-ideal polynomial, apply the Chinese-remainder local-factor descriptions, and remove each explicitly solvable radical","Date--Roan Theorem 2, Lemma 1, Theorem 3, and Proposition 4 give the needed full classification; the radical argument is proved locally","None within the stated finite-dimensional complex scope",confirmed,"proofs/onsager_quotient_nogo.md;results/algebra_structure/oa_quotient.json;tests/test_oa_quotient.py;sources/manifest.yaml","Use this Levi corollary rather than irreducible-representation classification in every future OA quotient test"
H076,2026-08-12,"The 2x3 layer algebra is not abstractly a quotient of the Onsager algebra because its characteristic-zero Levi quotient has a non-A1 simple ideal","A non-A1 characteristic-zero factor would contradict the all-quotients Levi corollary even after arbitrary changes of generators","An exact characteristic-zero radical or quotient certificate exhibits a simple ideal not isomorphic to sl2","Complete the independent characteristic-zero Levi computation and feed only its certified outcome into the conditional theorem","Exact C7=sp(14) quotient images occur in sector 000 at two finite-field primes","Finite-field images and modular rank lower bounds do not certify the characteristic-zero Levi type",unresolved,"proofs/onsager_quotient_nogo.md;results/algebra_structure/oa_quotient.json;results/algebra_structure/structure.json","Await the separate CharZeroLevi certificate; do not fire the theorem from modular evidence alone"
H077,2026-08-12,"Two matching modular sp(14) quotient witnesses by themselves prove that the characteristic-zero 2x3 Levi quotient has a non-A1 factor","Two-prime agreement is useful consistency evidence but was previously at risk of being promoted beyond its logical scope","A deterministic exact characteristic-zero simple-factor certificate follows from the two modular images alone","Inspect the field scopes, rank implications, and missing characteristic-zero radical and Killing data in the stored structure artifact","Both primes give exact C7 images of dimension 105 on a 14-dimensional sector","The artifact explicitly certifies only finite-field images; modular nonzero minors give rational lower bounds and no rational equality or Levi lift",falsified,"proofs/onsager_quotient_nogo.md;experiments/e47_oa_quotient_sanity.py;results/algebra_structure/oa_quotient.json;results/algebra_structure/structure.json","Retain the two-prime data only as relevance and consistency evidence"
H078,2026-08-12,"The fixed evaluation points t=+1 or t=-1 can contribute a non-sl2 semisimple factor to a finite-dimensional closed Onsager quotient","Degenerate fixed points are the only local factors not covered by ordinary off-fixed sl2 evaluation","A fixed-point factor has a nonzero Levi quotient","Read and apply the exact fixed-point structure in Date--Roan Section 5","For L=1 the evaluation image is one-dimensional abelian","Proposition 4 proves every fixed-point truncation solvable of dimension L+floor(L/2); the even exponents occurring in closed ideals are solvable non-abelian factors with zero Levi part",falsified,"proofs/onsager_quotient_nogo.md;sources/fulltext/date_roan2000_onsager.pdf;sources/manifest.yaml","Treat fixed-point pieces as radical and off-fixed evaluation orbits as the only A1 Levi sources"
H079,2026-08-12,"The classification of finite-dimensional irreducible Onsager representations directly classifies every finite-dimensional quotient Lie algebra","If valid this would give a short no-go from Davies-style evaluation representations","Every arbitrary quotient kernel is closed and its quotient is a direct sum of evaluation sl2 copies","Compare representation kernels with the algebraic definition of a closed ideal and allow arbitrary solvable radicals","Irreducible kernels are closed by Schur's lemma","An arbitrary quotient can have a radical and a non-closed kernel; only the composite kernel after quotienting by the radical is necessarily closed",falsified,"proofs/onsager_quotient_nogo.md;sources/fulltext/date_roan2000_onsager.pdf","Use the repaired semisimple-quotient proof and keep the Davies shortcut retracted"
H090,2026-08-12,"Rooted connected outer Peierls contours enclosing the origin can be enumerated exactly through area 24 by fixed-polycube BFS","Discrete Loomis--Whitney gives A^3>=216 n^2, so area at most 24 forces at most eight enclosed cells","N(6,8,10,12,14,16,18,20,22,24)=(1,0,6,0,45,12,332,240,2538,3040)","Enumerate every translation class through eight cells, flood-fill the complement, and weight each class by its number of origin placements","The exact BFS produces fixed-polycube level counts 1,3,15,86,534,3481,23502,162913 and the predicted rooted area table","The theorem is finite-scope only; it gives no formula for A>24",confirmed,"experiments/e41_peierls_upper.py;results/bounds/peierls_upper.json;proofs/kc_upper_peierls.md;tests/test_peierls_upper.py","Use the exact table only with a separately proved all-area tail"
H091,2026-08-12,"An exact area-24 contour head plus an elementary rigorous connected-plaquette tail improves the incumbent upper bound K_c<=0.25273100985867","Exact low-area counts remove the largest slack terms in a Peierls union bound","The optimized certified K0 from the head and tail is below 0.25273100985867","Optimize the exact rational majorant and compare its strict inequality threshold with the incumbent","A strict exact certificate does yield K_c<=848449/500000","The certified value 1.696898 is much larger than the incumbent; the tail convergence barrier alone exceeds 1",falsified,"proofs/kc_upper_peierls.md;results/bounds/peierls_upper.json","A competitive Peierls route needs a fundamentally sharper all-area contour bound, not merely a longer finite head"
H092,2026-08-12,"Universal-cover subtree counting gives a fully proved exponential tail sharper than the naive 144^A depth-first-walk bound","The shared-edge plaquette graph has degree 12, while non-root tree vertices have only 11 forward slots","For A>=26, N(A)<=(78/625)*(11^11/10^10)^A and the even-area weighted tail is geometric","Inject deterministic spanning trees into the 12-regular universal cover, apply exact Lagrange coefficients, and majorize one binomial term","The exact formula B_A=12/(A-1)*binom(11A,A-2) and the binomial theorem at 1/10 prove the stated tail","The overcount includes all connected plaquette animals and remains far too loose near the physical critical region",confirmed,"proofs/kc_upper_peierls.md;experiments/e41_peierls_upper.py;results/bounds/peierls_upper.json","Retain as an explicit negative certificate and baseline for any sharper surface-specific encoding"
H093,2026-08-12,"The exact-head plus universal-cover tail majorant is below one half at K=1.696898 but not at K=1.696897","This brackets the best point on the millionth grid delivered by the stated Peierls certificate","Exact outward rational evaluation gives F(1.696898)<1/2<F(1.696897)","Enclose exp(-2K) by alternating Taylor Fractions and substitute monotone rational endpoints","The upper value is below 1/2 by more than 0.00003956119, while the preceding-grid lower value exceeds 1/2 by more than 0.00000881719","Grid minimality is only for multiples of 10^-6 and this fixed majorant, not for all rationals or all Peierls encodings",confirmed,"experiments/e41_peierls_upper.py;results/bounds/peierls_upper.json;tests/test_peierls_upper.py","Do not replace the stronger incumbent upper endpoint with this valid but weak theorem"
H094,2026-08-12,"A direct even-edge plaquette closure search independently reproduces the smallest rooted contour counts","An independent representation can detect translation weights, closure errors, or accidental polycube omissions","The direct search gives N(6)=1, N(8)=0, and N(10)=6","Branch on the first odd-incidence dual edge, deduplicate plaquette sets, recover bounded cells by exterior flood fill, and require the origin inside","The search visits 240439 distinct partial sets and returns exactly 1,0,6 after enclosure filtering","The independent cross-check is capped at area 10 and is not evidence for later coefficients by itself",confirmed,"experiments/e41_peierls_upper.py;tests/test_peierls_upper.py;results/bounds/peierls_upper.json","Keep this direct engine as the small-area regression check"
H070,2026-08-12,The 2x3 open-layer two-generator Lie algebra has rational dimension 263,Two matching modular dimensions suggested equality but supplied only a lower bound,An honest exact-Q Pauli closure and an independent faithful-matrix rank both equal 263,Close full spatial-orbit Pauli sums with Fraction elimination and rank exact symmetry-block word matrices over QQ,Both independent exact computations equal 263,None for the specified finite layer,confirmed,experiments/e45_char0_levi.py;results/algebra_structure/char0_levi.json;tests/test_char0_levi.py,Retain the full-orbit cross-check whenever orbit compression changes
H071,2026-08-12,The solvable radical of the 2x3 open-layer algebra is exactly its one-dimensional centre,Cartan's radical criterion reduces the question to an exact Killing orthogonal complement once the derived algebra is certified semisimple,The derived algebra has dimension 262 and the 263x263 Killing matrix has exact rank 262,Build the derived ideal and Killing matrix with exact rational ranks,The derived rank is 262 and Killing nullity is one; the Levi projections account for all 262 derived dimensions,None for the specified finite layer,confirmed,proofs/char0_structure.md;experiments/e45_char0_levi.py;results/algebra_structure/char0_levi.json,Use this finite algebra as a characteristic-zero control
H072,2026-08-12,The largest characteristic-zero simple factor is C7=sp(14) rather than B7=so(15),Both types have dimension 105 and rank seven so dimension and rank alone are insufficient,A faithful 14-dimensional image preserves a nondegenerate alternating form and saturates sp(14),Solve invariant-form equations over Q and compare the exact image dimension with dim sp(14),The alternating form is unique up to scale with determinant 16384 and the image dimension is 105,B7 has no nontrivial 14-dimensional characteristic-zero representation,confirmed,proofs/char0_structure.md;results/algebra_structure/char0_levi.json;tests/test_char0_levi.py,Keep the representation invariant explicit rather than identifying from dimension alone
H073,2026-08-12,The full characteristic-zero Levi quotient has type C7+C3+C3+A8+A5,The modular sector images could overlap and therefore could not previously be summed,Five exact sector projections should have individual dimensions 105 21 21 80 35 and joint rank 262,Compute every image and the joint projection rank over Q,The individual dimensions sum to 262 and the exact joint rank is 262,None for the finite 2x3 layer,confirmed,experiments/e45_char0_levi.py;proofs/char0_structure.md;results/algebra_structure/char0_levi.json,Do not extrapolate this splitting to wider layers
H074,2026-08-12,The earlier modular sp6 and gl6 witnesses lift to characteristic-zero factors,The finite-field images might have been bad-characteristic artifacts or repeated nonfaithful views,There are two independent C3 ideals and the gl6 image is A5 plus the common centre,Compute exact invariant forms derived image dimensions and cross-sector joint ranks,Two C3 images have determinant-16 alternating forms and dimension 21; the six-space derived image is sl6 of dimension 35 with the one-dimensional central radical,Repeated sectors do not create extra Levi factors,confirmed,proofs/char0_structure.md;results/algebra_structure/char0_levi.json,Interpret future modular quotient images only after an exact linkage computation
H130,2026-08-13,"[LEMMA] The fourth direct-coupling cumulant of the full infinite layer stack is the same-gap two-layer cumulant plus a nonzero adjacent-gap three-layer cumulant","At fourth order the layer-gap support can span two adjacent gaps even though the second-order coefficient uses only one gap","c4_q=(1/24) sum kappa_same+(1/4) sum kappa_adjacent with kappa_same=M4^2-Gij^2Gkl^2-Gik^2Gjl^2-Gil^2Gjk^2 and kappa_adjacent=GijGklM4-Gij^2Gkl^2","Enumerate all zero-mean fourth-cumulant pair partitions and all nonwrapping layer-gap multiplicity patterns","The symbolic partition check passes and the height-three FLM component equals the adjacent-gap formula coefficientwise through v^12","None within the finite combinatorial identity",confirmed,"experiments/e51_interlayer_c4.py;notes/interlayer_c4.md;results/interlayer/c4_series.json;tests/test_interlayer_c4.py","Retain the adjacent-gap term in every future c6 or higher stack derivation"
H131,2026-08-13,"[COMPUTATION] The full-stack residual fourth interlayer coefficient in w=tanh(K_z) has an exact high-temperature prefix through v^12","Linked-cluster subtraction makes each fixed v order a finite exact sum of 2D edge-boundary polynomials","c4_w_res=2v^2+63v^4+1050v^6+14223v^8+163950v^10+1700893v^12+O(v^14)","Compute exact 2D four-spin and two-spin moment sums with Fraction arithmetic and rectangular finite-lattice inversion","All displayed coefficients are produced exactly by the cumulant route and stored order by order","The computation is finite-prefix only and supplies no all-orders formula",confirmed,"experiments/e51_interlayer_c4.py;notes/interlayer_c4.md;results/interlayer/c4_series.json","Attempt v^14 only with a memory-bounded parity transfer or derive an analytic multipoint summation"
H132,2026-08-13,"[COMPUTATION] Independent cumulant and anisotropic slab routes give the same c4 prefix through v^12","The two routes organize the calculation differently: 2D moment ratios versus direct P(v,w) logarithms on one- two- and three-layer slabs","Every exact Fraction coefficient of c2 and c4 agrees through v^12 and same-gap and adjacent-gap components agree separately","Compare the two arrays before writing the artifact and fail on any disagreement","Exact agreement holds through all 13 stored v degrees; adding one span unit also leaves both routes unchanged through v^8","Both routes share the proved finite-lattice span bound though the standalone spin-DOS test independently checks through v^6",confirmed,"experiments/e51_interlayer_c4.py;results/interlayer/c4_series.json;tests/test_interlayer_c4.py","Keep the spin-DOS lower-order test as a regression gate"
H133,2026-08-13,"[COMPUTATION] An LxLx2 slab by itself reproduces the full three-dimensional fourth interlayer coefficient","A two-layer example might appear sufficient because it already reproduces the full-stack c2 coefficient after per-interface normalization","The height-three spanning finite-lattice weight vanishes through v^12","Separate the anisotropic finite-lattice weights by exact vertical extent","The bilayer correctly gives c4_w_bilayer_res=-5v^4-76v^6-657v^8-4356v^10-20607v^12","The height-three contribution is 2v^2+68v^4+1126v^6+14880v^8+168306v^10+1721500v^12 and is required for the full stack",falsified,"experiments/e51_interlayer_c4.py;notes/interlayer_c4.md;results/interlayer/c4_series.json","Use at least three layers or vertical finite-lattice inversion for every full-stack check at order four and above"
H134,2026-08-13,"[COMPUTATION] The exact c4 engine reproduces the known c2 coefficient 778 at v^8 and extends c2 while retaining c3=0","The shared boundary-parity enumeration provides an internal lower-order control and odd interlayer columns must vanish by layer spin parity","c2_total=1/2+2v^2+18v^4+118v^6+778v^8+4978v^10+31398v^12 and every c3 coefficient is zero","Extract w^1 w^2 and w^3 columns from every required anisotropic slab and compare c2 with the independent cumulant sum","The two exact c2 arrays agree through v^12 and every enumerated w^1 and w^3 column is identically zero","No claim is made about convergence outside the finite high-temperature prefix",confirmed,"experiments/e51_interlayer_c4.py;results/interlayer/c4_series.json;tests/test_interlayer_c4.py","Use the reproduced c2 prefix as a mandatory control for later interlayer coefficients"
H145,2026-08-13,The exact HT v^22 prefix has a low-budget second-order differential-algebraic relation,A relation involving F-second is the next nonlinear structure class beyond the wave-6 first-order frontier,An observable kernel survives every known derivative-safe coefficient in a tested total-degree or jet-bidegree space,Sweep both complete second-order grids with U+2 exact training equations and all later equations held out,None,All seven HT rows are excluded: six exact full-rank training minors and one prefix kernel refuted first at withheld order v^12,falsified,experiments/e56_series_frontier2.py;results/series/frontier2.json;notes/series_frontier2.md;tests/test_series_frontier2.py,Extend the exact HT series before enlarging the second-order parameter budget
H146,2026-08-13,The exact LT x^32 prefix has an observable low-budget second-order differential-algebraic relation,The longer LT prefix permits second-order jet spaces with as many as 28 coefficients,An observable full-system kernel survives one of the complete supported total-degree or jet-bidegree grids,Sweep every second-order grid row satisfying U+2<=31 and classify every kernel,None,All twelve LT rows are excluded: eight exact full-rank training minors and four prefix kernels refuted by withheld coefficients,falsified,experiments/e56_series_frontier2.py;results/series/frontier2.json;notes/series_frontier2.md,Revisit only after new LT coefficients make larger second-order spaces observable
H147,2026-08-13,A homogeneous polynomial-coefficient linear ODE of order at most two explains either full HT v^22 or LT x^32 prefix,Earlier D-finite scans stopped at a smaller reduced-series budget and did not exhaust the present original-variable data,An observable exact ODE kernel survives all known coefficients at the maximal true-budget degree,Sweep every order r<=2 and degree d with (r+1)(d+1)+2<=N using strict holdouts,None,Every kernel is either exactly holdout-refuted or certified truncation-unobservable by parity support; no observable ODE survivor remains,falsified,experiments/e56_series_frontier2.py;results/series/frontier2.json;notes/series_frontier2.md;tests/test_series_frontier2.py,Do not promote this finite frontier to non-D-finiteness
H148,2026-08-13,A low-dependent-degree Mahler-type relation couples F(t^2) and F(t) for either exact prefix,Functional self-similarity is exotic but cheap to test with exact coefficient matrices,An observable kernel survives for dependent total degree at most two and an allowed polynomial t-degree,Sweep every low-degree Mahler budget with U+2 training equations and strict holdouts,None,Eight HT and six LT spaces have full-rank prefix minors; ten candidates are holdout-refuted and the sole remaining LT kernel is truncation-unobservable,falsified,experiments/e56_series_frontier2.py;results/series/frontier2.json;notes/series_frontier2.md,Test higher dependent degree only when more exact coefficients are available
H149,2026-08-13,Top-budget exact kernels in the extended series frontiers indicate genuine finite-prefix structure,Sparse parity support can create rank deficiency even when every individual monomial column is nonzero,A surviving kernel has a first unfixed supported order within the available coefficient range,Partition columns by certified support congruence class and compare exact component rank with the first unavailable supported order,None,All ten full-system kernels are exactly truncation-unobservable; component ranks account for the whole kernel and each first unfixed supported order lies beyond the prefix,falsified,experiments/e56_series_frontier2.py;results/series/frontier2.json;tests/test_series_frontier2.py,Retain support-aware observability checks in future series searches
H155,2026-08-13,"[EXTERNAL] Kesten's 1963 theorem or Madras--Slade states c_(n+2)>=mu^2 c_n for every finite n on Z^d","Such a one-sided theorem would turn the last exact SAW ratio directly into a rigorous connective-constant upper bound","The cited source contains the finite sign with hypotheses covering nearest-neighbour SAWs on Z^3","Audit the primary abstract, the exact Madras--Slade theorem number, and freely available modern statements","The proposed statement is a plausible strengthening of the well-known parity-two ratio limit","Kesten's abstract, Madras--Slade Theorem 7.3.4(a), Clay notes equation (1.17), and Grimmett Theorem 5.1(a) give only a limit or a two-sided error estimate; no finite sign was obtained",falsified,"proofs/kesten_bound.md;results/bounds/kesten_bound.json;sources/manifest.yaml","Require a page-level finite one-sided theorem or a complete independent proof before using any finite ratio"
H156,2026-08-13,"[COMPUTATION] Conditional on mu^2<=c_36/c_34, the exact counts give K_c>0.2158152282695194762796979344535594144773","The Ising SAW domination gives v_c>=1/mu, so a certified ratio upper bound on mu transfers monotonically through atanh","atanh(sqrt(c_34/c_36)) lies in the stored 90-dps directed interval and exceeds the incumbent","Bracket both square roots by adjacent rationals with denominator 10^90 and evaluate atanh by directed interval arithmetic","Exact integer inequalities and independent math.isqrt reconstruction give the interval [0.2158152282695194762796979344535594144773,0.2158152282695194762796979344535594144774] outward at 40 places","The finite ratio premise is unaudited, so this verified arithmetic is not a certified Ising endpoint",confirmed,"experiments/e55_kesten_bound.py;results/bounds/kesten_bound.json;proofs/kesten_bound.md;tests/test_kesten_bound.py","Keep this value explicitly conditional unless the missing theorem is supplied"
H157,2026-08-13,"[COMPUTATION] The last exact same-parity simple-cubic SAW ratios decrease on both parities","This is a useful finite-data sanity check for the conditional ratio calculation without assuming an all-n trend","c_36/c_34<c_34/c_32 and c_35/c_33<c_33/c_31 by exact cross multiplication","Evaluate both cleared-integer inequalities and independently rank c_n/c_(n+2) for n=31 through 34","Both strict integer inequalities pass and n=34 is the strongest of the four conditional candidates","Four finite comparisons neither prove ratio monotonicity nor determine the side of the limiting mu^2",confirmed,"experiments/e55_kesten_bound.py;results/bounds/kesten_bound.json;tests/test_kesten_bound.py","Use only as a sanity observation, never as the missing one-sided theorem"
H158,2026-08-13,"[LEMMA] Kesten's ratio limit alone licenses mu^2<=c_(n+2)/c_n at a selected finite n","A convergent finite ratio close to its limit might be mistaken for a rigorous one-sided estimator","The implication follows without any sign or monotonicity hypothesis","Check the logic against an arbitrary convergent sequence and against Grimmett's absolute-error statement","None","Convergence permits approach from either side, and abs(c_(n+2)/c_n-mu^2)<=A n^(-1/3) has neither a sign nor a usable numerical A",falsified,"proofs/kesten_bound.md;results/bounds/kesten_bound.json;sources/fulltext/grimmett2020_kesten_work.pdf","Do not infer a finite upper bound on mu from the ratio limit"
H159,2026-08-13,"[UNRESOLVED] A freely auditable post-2011 exact simple-cubic SAW count beyond c_36 exists and can strengthen the certified lower bound","A longer exact count would improve the submultiplicative route if its root is smaller and could sharpen any future valid ratio route","A full source supplies an exact integer c_n with n>36 and reproducible enumeration provenance","Search later exact-enumeration literature and distinguish exact simple-cubic coefficients from BCC/FCC data and extrapolated terms","The 2017 BCC/FCC paper explicitly calls N_max=36 the record simple-cubic series as of that date","No freely auditable later exact simple-cubic c_n was located; absence from this search is not proof of nonexistence",unresolved,"proofs/kesten_bound.md;results/bounds/kesten_bound.json;sources/fulltext/schram_barkema_bisseling_clisby2017_bcc_fcc.pdf","Revisit only when a specific later exact simple-cubic source is identified"
H135,2026-08-13,"[CONJECTURE] The full 2x3 joint matrix commutant is span{I global-X}","A two-dimensional full commutant would strengthen the Pauli-string centraliser theorem to a basis-independent conserved-charge no-go","The exact 8192x4096 commutator map has nullity two","Row-reduce the ordered-Pauli integer map over Q and verify a complete exact kernel basis","Identity and global spin flip are exact commuting operators","Row and column reflections already span an eight-dimensional group algebra; exact-Q elimination gives nullity 12",falsified,"experiments/e52_full_commutant.py;results/integrability/full_commutant.json;proofs/full_commutant.md;tests/test_full_commutant.py","Use the classified twelve-dimensional commutant rather than the false parity-only no-go"
H136,2026-08-13,"[THEOREM] The full 2x3 commutant algebra is M2(C) direct-sum C^8","The symmetry-sector Hom table distinguishes geometric symmetries from repeated or reducible generator modules","The exact Hom matrix has diagonal 1 2 1 1 1 2 1 1 with only the cross-pair 100<->110 nonzero","Solve every rational intertwiner block and exhibit the two common eigenlines and the rank-six cross intertwiner","Twelve exact independent Pauli vectors commute term by term; the Hom table has the predicted entries and centre dimension nine","None for the specified finite open layer",confirmed,"experiments/e52_full_commutant.py;results/integrability/full_commutant.json;proofs/full_commutant.md;tests/test_full_commutant.py","Use the exact algebra type when classifying alternative parity involutions"
H137,2026-08-13,"[THEOREM] The full open-chain commutant dimensions at n=4 5 6 are 5 6 7","The Jordan--Wigner complex structure supplies n+1 number sectors and is a control that must look larger than parity alone","Exact Pauli kernels have dimension n+1 for each tested chain","Directly eliminate each sparse rational commutator map and independently rebuild it in B-diagonal matrix units","Exact-Q dimensions are 5 6 7; every stored basis vector commutes exactly and two primes reproduce each nullity","This is finite-size evidence only and does not prove the equality for every chain length",confirmed,"experiments/e52_full_commutant.py;results/integrability/full_commutant.json;proofs/full_commutant.md;tests/test_full_commutant.py","Retain these cases as free-fermion regression controls"
H138,2026-08-13,"[THEOREM] The full 2x4 open-layer joint commutant has complex dimension 41","The 65536-variable problem tests whether the 2x3 excess disappears or grows on the next ladder width","Exact symmetry-block kernels sum to 41 and every lifted element commutes with both generators","Decompose by C2^3 characters restrict exactly to equal B energies and row-reduce every A-intertwiner block over Q","Forty-one exact rational block vectors are independent and verified element by element; both primes give the same rigorous nullity upper bound","No all-length 2xL formula is inferred from one additional size",confirmed,"experiments/e52_full_commutant.py;results/integrability/full_commutant.json;proofs/full_commutant.md","Seek an all-L representation-theoretic decomposition before extrapolating"
H139,2026-08-13,"[THEOREM] The full 3x3 open-layer joint commutant has complex dimension 98","The 262144-variable square is a stringent test of the exact symmetry-block method beyond ladders","Exact rational block nullities sum to 98 with a complete verified basis","Use row reflection column reflection and parity sectors then solve all 64 exact intertwiner systems","Ninety-eight exact rational vectors pass every block equation; exact-Q rank is 45486 after the B restriction and both primes give nullity 98","The result is for the single finite 3x3 open square and says nothing about thermodynamic integrability",confirmed,"experiments/e52_full_commutant.py;results/integrability/full_commutant.json;proofs/full_commutant.md","Compare future larger squares only through similarly certified block kernels"
H125,2026-08-13,"[COMPUTATION] The selected five-edge gauge tree has exactly 32 binary branches and the wave-4 decomposition is reproducible","A complete per-branch ledger requires systematic enumeration rather than extrapolation from branch 00000","Labels 00000 through 11111 reproduce every stored zero set nonzero set active-variable count and globally-linear count","Substitute every binary assignment into the fresh ungauged six-equation system and compare all metadata","All 32 records agree exactly with the predecessor artifact","[UNRESOLVED] The selected tree strata are not every support graph among all 30 weights",confirmed,"experiments/e50_kw_branches.py;results/kac_ward/branches.json;notes/kw_branches.md;tests/test_kw_branches.py","Retain the explicit 32-row ledger when adding any new constraint family"
H126,2026-08-13,"[THEOREM] Seventeen gauge-tree branches are empty over Q by primitive integer constant identities","Necessary lattice identities can contradict a branch before nonlinear elimination","Twelve branches satisfy 2*F_(3x3x2,4)-3*F_(2x2x3,4)=56 and five satisfy F_(3x3x2,4)-2*F_(3x2x2,4)=-16","Compute the exact Q-nullspace of all nonconstant monomial coefficients across 30 oriented-box constraints and expand each stored combination independently","Fresh exact expansion verifies a nonzero constant separately on all 17 named branches","[UNRESOLVED] The same constant-coefficient search finds no certificate on the other 15 branches",confirmed,"experiments/e50_kw_branches.py;results/kac_ward/branches.json;notes/kw_branches.md;tests/test_kw_branches.py","Search polynomial-multiplier certificates only on the 15 surviving branches"
H127,2026-08-13,"[UNRESOLVED] The remaining fifteen branch-specialised six-equation ideals can be decided by the present exact SymPy Groebner route","After constant elimination an exact Q basis could still certify [1] or expose a tractable proper ideal","Every surviving branch returns a recorded exact Q basis within the hard bound","Run exact row reduction and ProductOrder lex/grevlex F5B independently with a 60-second cap per branch","Every branch received a separate characteristic-zero attempt","All 15 workers reached the hard timeout and a timeout decides neither emptiness nor rational nonemptiness",unresolved,"experiments/e50_kw_branches.py;results/kac_ward/branches.json;notes/kw_branches.md","Use a stronger exact elimination engine or a proved low-degree Nullstellensatz ansatz"
H128,2026-08-13,"[COMPUTATION] Stored finite-field points on branch 11111 yield no reconstructed rational realization on the selected p-adic sections","High p-adic precision gives certified coordinate height exclusions and enables exact holdout evaluation without promoting finite-field points to Q","Lift every liftable witness through at least p^60 reconstruct all 25 coordinates and require exact construction plus two holdouts before any rational-point claim","Use full-row-rank Newton lifting for p=5 and 11 singular exact lookahead for p=3 and continued-fraction reconstruction with 2H^2<M","The selected lifts reach 3^126 5^86 and 11^60; only 8 23 and 23 coordinates reconstruct and every selected lift has a nonzero exact 3x3x3 residual","[UNRESOLVED] These bounds and falsifications concern selected local sections rather than all points on branch 11111",unresolved,"experiments/e50_kw_branches.py;results/kac_ward/branches.json;notes/kw_branches.md;tests/test_kw_branches.py","Search genuinely distinct finite-field residue classes only with an exact branch-aware solver"
H129,2026-08-13,"[THEOREM] The stored F3 point has no simultaneous lift modulo 9 after adjoining the 3x3x3 identities","The F3 witness was the only stored point passing the 3x3x3 holdout modulo its base prime and therefore needed a genuine lift test","A left-kernel vector annihilates the nine-equation Jacobian mod 3 but pairs nontrivially with -F(x)/3","Recompute the nine residuals and all 225 Jacobian entries exactly modulo 3","lambda=(0,0,0,0,0,0,0,1,0) has lambda*J=0 and pairing 2 mod 3; independently the stored F7 construction point has the prior pairing-5 obstruction mod 49","[UNRESOLVED] Both certificates exclude one stored residue point only and no global no-go follows while 15 branches remain",confirmed,"experiments/e50_kw_branches.py;results/kac_ward/branches.json;notes/kw_branches.md;tests/test_kw_branches.py","Do not infer branch emptiness from a nonlift certificate for one finite-field point"
H150,2026-08-13,"[THEOREM] The exact open 3x3 layer transfer operator at t=1/3 is not a positive-spectrum nine-mode Gaussian subset-product operator","This is the first tested layer containing a degree-four vertex and extends the finite Theorem S obstruction beyond 2xN ladders","The three lowest eigenvalues have disjoint exact rational enclosures and the forced window lambda1*lambda2/lambda0 has equal exact inertia counts at both ends","Build the rational operator split it with exact D4 x spin-flip projectors and sum fraction-free sector inertias at every endpoint","The exact outward-window counts are 8 and 8 with identical per-sector count vectors","[UNRESOLVED] This named rational coupling does not imply an interval or an all-size theorem",confirmed,"experiments/e54_spectral_3x3.py;results/spectral/spectral_3x3.json;notes/spectral_3x3.md;tests/test_spectral_3x3.py","Seek a parametric interval certificate only if exact root-separation data make it rigorous"
H151,2026-08-13,"[THEOREM] The exact open 3x3 layer transfer operator at t=1/2 is not a positive-spectrum nine-mode Gaussian subset-product operator","A second independent rational point tests that the degree-four-layer obstruction is not isolated to t=1/3","The three lowest eigenvalues have disjoint exact rational enclosures and the Gaussian-forced window is empty in every symmetry sector","Repeat the full exact D4 x spin-flip projector and inertia certificate at t=1/2","The exact outward-window counts are 11 and 11 and the standalone test independently re-derives them","[UNRESOLVED] Two finite coupling points do not prove coupling-uniform non-Gaussianity",confirmed,"experiments/e54_spectral_3x3.py;results/spectral/spectral_3x3.json;notes/spectral_3x3.md;tests/test_spectral_3x3.py","Retain t=1/2 as the standalone regression certificate"
H152,2026-08-13,"[THEOREM] The 512-dimensional 3x3 basis splits exactly into twelve refined D4 x spin-flip projector ranges of dimensions 51 51 19 19 33 33 33 33 60 60 60 60","Full square symmetry should make otherwise prohibitive exact inertia calculations independently auditable","Common-denominator projector numerators satisfy M^2=32M pairwise zero products completeness and exact commutation with the transfer matrix","Check every identity on all 512 columns all 66 projector pairs and all sixteen group actions then build exact integer bases of every range","All projector identities pass exactly and the dimensions sum to 512; the E isotypic rows give four 60-dimensional pencils","[UNRESOLVED] This finite representation decomposition is not an all-layer multiplicity formula",confirmed,"experiments/e54_spectral_3x3.py;results/spectral/spectral_3x3.json;notes/spectral_3x3.md;tests/test_spectral_3x3.py","Reuse the refined E-row split for future square-layer inertia certificates"
H153,2026-08-13,"[COMPUTATION] The open n=9 chain control has an occupied Gaussian-forced window at both t=1/3 and t=1/2","The exactly solvable one-dimensional control must not exhibit the layer's forced-value absence","Exact inertia counts at the outward forced-window ends differ at both couplings","Construct the same rational transfer operator and certify all full-dense counts with exact dyadic residual inequalities","The exact count pairs are 10 to 11 at t=1/3 and 10 to 11 at t=1/2","[UNRESOLVED] Window occupancy proves some eigenvalue is present but not exact algebraic equality to lambda1*lambda2/lambda0",confirmed,"experiments/e54_spectral_3x3.py;results/spectral/spectral_3x3.json;notes/spectral_3x3.md;tests/test_spectral_3x3.py","Use the controls as consistency checks rather than proofs of Gaussianity"
H154,2026-08-13,"[COMPUTATION] An exact full-dense dyadic residual witness reproduces both 3x3 sector inertia sums at t=1/2","Independent dense bookkeeping guards against a missing sector or an incorrect generalized Gram pencil","At integer A-shifts 3000000000 and 3100000000 exact residual norm inequalities certify full counts 11 and 11","Round a proposed eigenbasis to dyadic rationals then verify Gram invertibility residual bounds and strict spectral margins entirely over integers","Both strict safety margins are positive and the dense counts equal the twelve-sector sums","[UNRESOLVED] Direct 512x512 fraction-free Bareiss at the first shift timed out after at least 1200 seconds and was not claimed complete",confirmed,"experiments/e54_spectral_3x3.py;results/spectral/spectral_3x3.json;notes/spectral_3x3.md;tests/test_spectral_3x3.py","Prefer the proved residual witness for dense cross-checks while retaining Bareiss inside symmetry sectors"
H160,2026-08-13,"[THEOREM] Every connected proper support of size at most seven on the open 2x4 and 3x4 layers has only scalar joint commutants of A=sum X and B=sum ZZ","A conventional integrable hierarchy should expose bounded-support conserved operators; solving the full commutant is infeasible on 3x4","For every connected support orbit through size seven the exact rational kernel dimension is one","Enumerate supports modulo full-graph automorphisms and rank each 4^|S|-column integer commutator map over an odd prime with the identity as a rational lower-bound witness","All 30 support orbits on 2x4 and all 182 on 3x4 have prime nullity one at both listed primes; rank_Fp<=rank_Q plus I proves exact scalar kernels over Q","The theorem is finite and excludes neither disconnected nor size-eight supports",confirmed,"experiments/e57_flux_support.py;results/integrability/flux_support.json;notes/flux_support.md;tests/test_flux_support.py","Seek a symmetry-block or structural argument before attempting the 66 size-eight 3x4 orbits"
H161,2026-08-13,"[THEOREM] Every connected support of size at most six on the open 3x3 layer has only scalar joint commutants of A and B","This removes the predecessor's individual-Pauli restriction for arbitrary operators at bounded support","Every one of the 31 support orbits through size six has exact rational kernel span{I}","Build the boundary-aware ordered-Pauli map and obtain modular nullity one on every orbit","Both primes give nullity one on every orbit; the explicit rational identity and rank_Fp<=rank_Q prove rational equality","At size seven four support orbits have exact non-scalar kernels",confirmed,"experiments/e57_flux_support.py;results/integrability/flux_support.json;notes/flux_support.md;tests/test_flux_support.py","Use six—not seven—as the certified 3x3 scalar-vacuum cutoff"
H162,2026-08-13,"[COMPUTATION] Four seven-site supports of the open 3x3 layer carry exact non-scalar local conserved operators","The requested scalar-vacuum extension could fail through cancellation among many Pauli monomials even though no individual local Pauli flux exists","Masks 239 and 254 have kernel dimension four; masks 367 and 381 have dimension two","Rebuild each exceptional kernel by sparse Fraction elimination store every Pauli coefficient and substitute every vector into both integer commutator maps","Complete bases with support sizes [1 28 35 64] [1 28 35 64] [1 63] [1 63] have coefficients +/-1 zero exact residuals exact full rank and matching prime nullities","Whether these finite-layer charges extend to larger layers is unresolved; every seven-site support on 3x4 is scalar",confirmed,"experiments/e57_flux_support.py;results/integrability/flux_support.json;notes/flux_support.md;tests/test_flux_support.py","Parent review the explicit charges and test embedding or translation sums on wider layers"
H163,2026-08-13,"[COMPUTATION] The support-resolved map detects known one-dimensional and C4 conserved structures","Positive controls are required to show that boundary equations or rank code do not force scalar answers mechanically","The full open P4 kernel has dimension five; a three-site C4 support has dimension three and full C4 has dimension 27","Run exact Fraction elimination and two-prime ranks with complete exact kernel substitution","All three dimensions match; every stored basis vector commutes exactly and the standalone test independently rebuilds P4","A proper interval of a longer open chain is boundary-pinned and is not the extensive free-fermion density ansatz",confirmed,"experiments/e57_flux_support.py;results/integrability/flux_support.json;notes/flux_support.md;tests/test_flux_support.py","Retain full-chain and C4 cases as regression controls"
H164,2026-08-13,"[UNRESOLVED] The scalar-vacuum theorem extends to connected supports of size eight on 3x4","The next support budget would strengthen the local-charge obstruction and test whether the 3x3 seven-site exceptions recur","All 66 symmetry-inequivalent connected size-eight supports have rational kernel dimension one or every excess has a verified exact basis","Measure one 65536-unknown modular map before committing to the complete two-prime scan","No size-eight row was promoted; a full 2x4 trial took about 156 seconds because sparse elimination filled in","The measured wall and 66-orbit workload leave size eight undecided",unresolved,"experiments/e57_flux_support.py;results/integrability/flux_support.json;notes/flux_support.md","Develop boundary-constraint decomposition or symmetry-block elimination rather than brute-force repetition"