# Append-only ledger: preserve existing rows; corrections and later evidence belong in new rows.
id,date,hypothesis,mathematical_motivation,exact_predictions,cheapest_decisive_test,evidence_for,evidence_against,status,artifact_paths,next_action
H001,2026-08-11,Exact enumeration and transfer propagation implement the same finite Ising model,Independent engines should produce the same broken-bond polynomial under the fixed boundary conventions,Coefficient identity on every shared test lattice,Compare the smallest periodic and mixed-boundary boxes coefficient-by-coefficient,17 exact comparisons pass,None in tested domain,confirmed,experiments/e01_validate_enumeration.py;tests/test_tm_vs_enumeration.py,Keep as regression gate for all convention changes
H002,2026-08-11,Kaufman's four-sector formula reproduces finite 2D torus partition functions,This is the finite-size control behind Onsager solvability,Kaufman and exact-integer transfer values agree at arbitrary precision,Evaluate a few anisotropic and isotropic tori at 60 digits,Eight cases agree; maximum relative error 3.63867276317e-60,Nearby wrong sector signs and grid assignments fail,confirmed,notes/onsager_derivation.md;results/onsager/onsager_2d.json;tests/test_onsager.py,Retain as the control for proposed 3D operator formulas
H003,2026-08-11,The parity-resolved 2D transfer logarithm is Majorana-quadratic,Kaufman's solution closes in a finite-dimensional fermion algebra,All Pauli coefficients outside the constant and bilinear Majorana span vanish,Compute log V in parity sectors and project onto the Majorana basis,Maximum off-bilinear coefficient 1.246e-15 for n=3 through 6,No exact symbolic all-n proof was attempted here,provisionally_supported,notes/onsager_derivation.md;results/onsager/onsager_2d.json,Use as a numerical diagnostic rather than a substitute for proof
H004,2026-08-11,Finite-lattice Möbius inversion yields stable exact simple-cubic HT/LT coefficients,Connected clusters stabilize once all bounding boxes within the order budget are included,Old coefficients remain unchanged when the box family and order are enlarged,Extend by several orders and compare every prefix coefficient,HT reaches v^20 and LT reaches x^28; direct GF(2) and independent slab prefixes agree,Finite order does not imply a closed form,confirmed,notes/flm_derivation.md;results/series/extended_sc_ht_free_energy.json;results/series/extended_sc_lt_free_energy.json;results/series/lt_independent_check.json,Seek a genuinely different exact check beyond the current prefixes
H005,2026-08-11,Finite ferromagnetic field zeros lie on the Lee--Yang unit circle,The Lee--Yang theorem predicts |z|=1 for every finite ferromagnetic Ising graph,Correct root count and |z|-1=0 within recorded multiprecision residual,Root exact field polynomials on the smallest nontrivial 3D boxes,All checks pass on 13 lattices through 4x4x4; largest 64-site radial residual 9.1044993726259e-92,This is finite-volume verification and not a new proof of the theorem,confirmed,notes/lee_yang.md;results/lee_yang/lee_yang_analysis.json;tests/test_lee_yang.py,Use larger lattices only if a controlled scaling question is specified
H006,2026-08-11,The available small Lee--Yang lattices determine a reliable edge exponent,Finite-size scaling of the first zero and near-edge density might reveal the thermodynamic edge singularity,The procedure should reproduce the known 2D control before being trusted in 3D,Apply the same estimator to 2D sizes with known behavior,Qualitative zero-angle motion is visible,The 2D control is too small and density fits are unstable,falsified,notes/lee_yang.md;results/lee_yang/lee_yang_analysis.json,Do not quote an edge exponent without larger sizes and a passing 2D validation
H007,2026-08-11,Z.-D. Zhang's 2007 four-fold integral gives the simple-cubic critical coupling,The claimed singularity condition was presented as an exact solution,Its critical root must equal the independently known K_c,Evaluate the claimed condition at high precision without fitting,A real claimed root is reproduced,K_c=0.2406059125298... differs from 0.221654626(5) by about 3.79 million quoted sigma,falsified,notes/lit_claimed_solutions.md;notes/falsification.md;results/falsification/falsification.json,No further work unless a materially different formula is supplied
H008,2026-08-11,Z.-D. Zhang's 2007 magnetisation expansion is exact,An exact free-energy proposal should reproduce independently enumerated LT coefficients,The u^6 coefficient must equal the exact graph-expansion coefficient,Compare the first disputed nonzero coefficient,None,Claim gives -18 while exact enumeration gives +14,falsified,notes/lit_claimed_solutions.md;results/falsification/falsification.json,Closed
H009,2026-08-11,Degang Zhang's 2021 critical line is a physical simple-cubic invariant,Cubic isotropy requires invariance under permutations of J1 J2 J3,The critical beta is unchanged by all six coupling permutations,Permute one anisotropic triple and solve each claimed equation,None; only the isotropic benchmark is near the accepted value,Six predicted roots split into three incompatible values,falsified,notes/lit_claimed_solutions.md;notes/falsification.md;results/falsification/falsification.json,Closed unless a rotation-invariant replacement is supplied
H010,2026-08-11,Degang Zhang's 2021 free energy has the exact simple-cubic HT expansion,An exact thermodynamic free energy must reproduce the first connected plaquette term,The K^4 coefficient is +3,Expand symbolically through the first nontrivial graph order,Constant and K^2 terms coincide,Claim predicts -3 instead of +3 at K^4,falsified,notes/lit_claimed_solutions.md;results/falsification/falsification.json,Closed
H011,2026-08-11,Rosengren's cited conjectural transform supplies a complete exact 3D free energy,A closed callable would make coefficient and singularity tests possible,A source-defined weight rule must produce independent HT coefficients,Locate an unambiguous formula determining every weight/function,The source records a conjectural transform,No independent rule for the unknown functions is supplied; fitting known coefficients is interpolation,unresolved,notes/lit_claimed_solutions.md;notes/literature_matrix.md;results/reference_data/claimed_solutions.json,Test only if an independent complete callable is provided
H012,2026-08-11,The three-dimensional Ising model is self-dual,The 2D Kramers--Wannier relation tempts use of the same sinh(2K)sinh(2K*)=1 fixed point,Finite-volume duality would map Ising partition functions back to the same model after all sectors and prefactors,Check exact cell-complex duality on the smallest 3D torus,The scalar coupling map reappears,The dual degrees of freedom form a Z2 gauge theory; exact finite-volume sector identities are not Ising self-duality,falsified,proofs/duality_3d.md;results/duality/duality.json;tests/test_duality.py,Use gauge duality as a relation between distinct universality-related models
H013,2026-08-11,The natural 3D layer transfer pair satisfies a closed Dolan--Grady defect formula,The 2D Onsager algebra is generated by Dolan--Grady relations; local graph degree should expose the 3D failure,DG1 is universal and DG2 residual equals the stated degree-linear plus neighbor-triple Pauli sum,Expand exact commutators on stars and a small open grid,Term-by-term exact agreement on 16 graphs and a local proof,,confirmed,proofs/dolan_grady_defect.md;results/dg_theorem_check.json;experiments/e16_dg_theorem_check.py,Use the local defect to constrain deformations
H014,2026-08-11,Dolan--Grady holds if and only if the graph is 2-regular,Cycle controls suggested 2-regularity as the exact boundary,Every non-2-regular graph has nonzero DG2 residual,Add one isolated vertex to a cycle,Cycles pass,C3 plus an isolated vertex is not 2-regular but has exactly zero residual,falsified,proofs/dolan_grady_defect.md;results/audit/audit_replication.json,Use corrected condition: every vertex degree is 0 or 2
H015,2026-08-11,Dolan--Grady residual vanishes exactly when every degree is 0 or 2,"The proved coefficient conditions are d(d-2)=0 for the linear term and C(d,3)=0 for the quartic term","R=0 iff deg(v) belongs to {0,2} for every v",Verify the coefficient equations and the isolated-cycle counterexample,Proved locally and checked on 16 graphs,None,confirmed,proofs/dolan_grady_defect.md;results/dg_theorem_check.json;results/audit/audit_replication.json,State 2-regularity only after assuming no isolated vertices
H016,2026-08-11,A degree-d vertex generates a (d+1)-body all-neighbour Dolan--Grady term,A naive nesting picture suggested successively higher local bodies,Stars of degree 4 and above should contain all-neighbour degree-dependent body order,"Compute exact residual support on K1,d",Degree 3 creates the quartic term,For every d the residual contains only the linear term and sums over neighbor triples,falsified,experiments/e15_dg_local_structure.py;proofs/dolan_grady_defect.md,Closed; use the proven fixed quartic structure
H017,2026-08-11,An induced claw is equivalent to exponentially large two-generator algebra,A claw is the minimal term-wise Majorana and quartic DG obstruction,"Every clawed family should already have rapidly growing dim<A,B>",Close A=sum X and B=sum ZZ on stars and K4,A claw marks the exact local quartic obstruction and growing path-plus-bond examples,"K1,3 K1,4 and K4 are clawed but have dimensions 24 33 and 15",falsified,experiments/e13_minimal_obstruction.py;results/minimal_obstruction.json;proofs/dolan_grady_defect.md,Separate local integrability obstruction from global algebra-growth theorems
H018,2026-08-11,One extra bond destroys the small Onsager algebra of a path,A single degree-3 vertex creates the first quartic DG defect,Path-plus-one-rung dimensions should jump far above n^2,Compute exact closures for n=6 7 8,Dimensions jump to 470 3426 and 6397,Only three finite sizes are tested,provisionally_supported,results/minimal_obstruction.json;proofs/algebraic_obstruction.md,Find an inductive lower-bound construction
H019,2026-08-11,The two-generator algebra grows exponentially for every 2xL ladder,Finite depth profiles and exact small closures show rapid growth,A uniform lower bound c^L should follow from independent graded Pauli sectors,Compute D_(2L) and compare with 2^L,D_(2L)>=2^L is exact for L=2 through 6; dimensions include 11 263 and 2952,No all-L induction; 2x5 and 2x6 did not saturate within resource walls,provisionally_supported,notes/algebra_growth.md;results/algebra_growth/profiles.json;results/algebra_growth/exact_dimensions.json,Prove a recursive independent-word embedding or find a counterfamily
H020,2026-08-11,The natural 2D layer has a growing tower of translation-invariant local conserved Pauli charges,A higher-dimensional analogue of free-fermion charges would signal integrability,"Kernel dimension beyond span{I,H} should grow with support range",Solve exact finite-field commutator kernels at ranges 2 3 4 with 1D controls,The 1D control returns dimensions 1 3 5 7,The 2D layer returns only the two-dimensional trivial span through range 4,falsified,notes/integrability.md;results/integrability/conserved_charges.json,Broaden the ansatz only with a specific non-Pauli/local structure
H021,2026-08-11,The isotropic 3D bond tensor satisfies the tested constant tetrahedron equation,A Zamolodchikov-type local consistency equation could underlie higher-dimensional integrability,Every exact residual polynomial must vanish in the fixed delta-bond gauge,Evaluate the smallest nontrivial residual exactly,Degenerate zero-coupling controls vanish,A nonzero exact witness occurs for the physical specialization; allowed orthogonal/monomial gauges do not remove it,falsified,notes/integrability.md;results/integrability/tetrahedron.json,Do not infer a no-go for spectral-parameter or different tensor formulations
H022,2026-08-11,A symmetry-invariant local deformation can cancel the second Dolan--Grady residual on the 3x3 torus,The quartic obstruction may be removable by adding small-support orbit sums,The exact DG2 residual becomes identically zero for a rational coefficient vector,Solve the F3 exact linear system,An explicit rational F3 solution has zero DG2 residual,The same pair fails DG1,confirmed,proofs/dg_deformation_nogo.md;results/deformation/dg_deformation_search.json,Search only deformations that impose both relations simultaneously
H023,2026-08-11,The explicit F3 DG2-cancelling pair is Dolan--Grady integrable,Cancelling the known second relation is necessary for an Onsager algebra,It must also satisfy ad_A^3(B)=lambda ad_A(B) for some lambda,Check one coefficient with ad_A(B)=0,DG2 is exact,A witness has ad_A^3(B) coefficient 3 while ad_A(B) coefficient is 0,falsified,proofs/dg_deformation_nogo.md;results/deformation/dg_deformation_search.json,Retain as a cancellation example only
H024,2026-08-11,The natural 3D layer pair satisfies some tridiagonal/Askey--Wilson relation,Tridiagonal pairs strictly generalize the Dolan--Grady specialization,There exist beta gamma gamma* rho rho* solving both affine relations,Solve exact parameter systems on the smallest torus and exhibit a witness if inconsistent,Cycles satisfy the control relation,Every tested 3D torus/open-grid system is inconsistent; exact witnesses are stored,falsified,proofs/tridiagonal_nogo.md;results/tridiagonal.json;results/tridiagonal_certificate.json;results/tridiagonal_certificate_general.json,A deformed generator pair is a separate open question
H025,2026-08-11,One universal one-row quartic witness proves the tridiagonal no-go on every rectangular torus,A local quartic monomial seemed to isolate an inconsistent coefficient equation,The same single Pauli row is inconsistent for every tested side length,Evaluate the row on 3x3 through 5x5,It works for all 4x4 strings and half the strings when one side is 4,3x3 3x5 3x6 and 5x5 require four-row certificates,falsified,experiments/e22_tridiagonal_certificate.py;experiments/e23_certificate_general.py;results/tridiagonal_certificate_general.json,Use the stored one- or four-row witness for each geometry
H026,2026-08-11,The unsigned half-angle Kac--Ward guess gives the 3D cubic even-subgraph polynomial,A local non-backtracking determinant solves planar Ising and might extend with 3D direction angles,Finite-box determinant coefficients equal exact cycle-space coefficients,Compare the first nonzero coefficients on 2x2x2 free,None,First mismatch occurs at v^6: determinant coefficient 32i versus target 32,falsified,proofs/kac_ward_3d_obstruction.md;results/kac_ward/kac_ward.json,Closed for this natural guess
H027,2026-08-11,A strict cubic-covariant two-weight local Kac--Ward determinant represents 3D Ising,Cubic symmetry reduces coplanar and out-of-plane turns to two scalar weights,All exact closed-walk equations through v^8 have a common solution,Eliminate the two weights from the low-order exact equations,2D controls reproduce Kac--Ward exactly,The exact Groebner ideal is the unit ideal; the obstruction appears at v^8,falsified,proofs/kac_ward_3d_obstruction.md;results/kac_ward/kac_ward.json,Do not extrapolate beyond the strict two-weight slice
H028,2026-08-11,Some weight choice in the full translation-invariant 30-weight Kac--Ward family represents 3D Ising,Dropping strict cubic covariance leaves the broadest local directed-turn ansatz implemented here,The 30-weight polynomial system has a physical solution including possible zero branches,Classify every gauge chart and zero branch of the finite exact system,The exact system is constructed,The nonzero gauge chart timed out; zero branches and global consistency are unclassified,unresolved,proofs/kac_ward_3d_obstruction.md;results/kac_ward/kac_ward.json,Use modular elimination or certified branch decomposition
H029,2026-08-11,The short HT series is governed by a low-budget homogeneous Euler ODE,A D-finite free energy would satisfy a polynomial-coefficient differential equation,An equation fitted before the holdout predicts all three withheld coefficients,Search exact rational ODEs and validate three held-out terms,The method exactly identifies exp(z) in its control,No tested order/degree candidate survives all three Ising holdouts,falsified,notes/series_analysis.md;results/series/extended_series_analysis.json,Do not call this a proof of non-D-finiteness; extend the series first
H030,2026-08-11,The untuned short-series singularity estimate is consistent with the known critical point,Stable Dlog--Pade and differential approximants should cluster near the physical singularity,The external benchmark lies inside a method-spread uncertainty envelope,Repeat the same selection at v^16 v^18 v^20 without feeding K_c to the selector,Estimate 0.2229380779607 +/- 0.0050376391291 contains 0.221654626,Only ten nonzero coefficients make the exponent and uncertainty weak,provisionally_supported,notes/series_analysis.md;results/series/extended_series_analysis.json,Extend coefficients before tightening or interpreting the error bar
H031,2026-08-11,Simon--Lieb finite boxes improve the existing rigorous SAW lower bound,Larger exact boundary correlations might yield a stronger lower endpoint,The certified box root exceeds 0.2074277114992,Evaluate all implemented boxes with conservative rounding,The criterion proves a valid lower bound,Best endpoint 0.20517823158099 is below the SAW endpoint,falsified,proofs/simon_lieb_bound.md;results/bounds/simon_lieb_bounds.json,Seek analytic tail improvements or larger tractable cross-sections
H032,2026-08-11,The natural Ising generator set has no nontrivial conserved Pauli fluxes on a connected graph,A Kitaev mechanism would require an extensive Pauli centraliser,The Pauli centraliser of every X_i and Z_iZ_j is exactly {I global-X},Solve the binary symplectic constraints and brute-force small graphs,A general proof and seven exact brute-force checks agree,The statement does not cover non-Pauli operators or enlarged Hilbert spaces,confirmed,experiments/e27_flux_sectors.py;results/flux_sectors.json;proofs/algebraic_obstruction.md,Keep the conclusion scoped to Pauli fluxes of the term generator set
H033,2026-08-11,The full commutant of the summed operators A and B has only identity and global spin flip,The Pauli-term centraliser was initially overextended to the summed transfer pair,No linearly independent ordinary symmetry can commute with A and B,Check lattice translation on the C3 layer,The two Pauli strings do commute,C3 translation commutes exactly and is linearly independent; exact Gram determinant 480,falsified,results/audit/audit_replication.json;proofs/algebraic_obstruction.md,Distinguish Pauli flux sectors from momentum and other non-Pauli symmetries
H034,2026-08-11,The proposed exact free energies satisfy the external 3D specific-heat exponent constraint alpha=0.110(1),A correct free energy must have the accepted non-logarithmic 3D critical singularity,Its curvature near the candidate critical point scales with exponent alpha in [0.107 0.113],Run a benchmark-blind curvature classifier with Onsager and synthetic controls,The controls recover logarithmic and prescribed power laws,Both evaluable claimed formulas are classified as logarithmic alpha=0,falsified,notes/cft_constraints.md;results/cft/cft_constraints.json,Apply this necessary-condition check to any future closed free-energy candidate
H044,2026-08-12,The interlayer w^2 coefficient is exactly determined by squared zero-field 2D correlations once the single-bond cosh prefactor is separated,The decoupled-layer measure factorizes and the logarithm retains only connected interlayer-bond subsets,Residual c2=(1/2) sum_(r!=0) G(r)^2 while total [w^2](phi3D-phi2D)=(1/2) sum_r G(r)^2,Compare an exact 2D correlation-series transfer calculation with independent anisotropic 3D finite-lattice inversion,The two exact Fraction arrays agree at v^2 v^4 v^6; K=0 gives zero residual and the exact 1D-chain prefactor,Only c2 and its prefix through v^6 were computed; the w radius and isotropic continuation remain unknown,confirmed,notes/interlayer_expansion.md;experiments/e31_interlayer.py;results/interlayer/interlayer_expansion.json;tests/test_interlayer.py,Derive c4 from connected 2D four-point functions only if an independent anisotropic w^4 validation is available
H059,2026-08-12,The minimal simultaneous three-orbit deformation contains a noncommuting Dolan--Grady or tridiagonal pair,"The exact F3 term cancels DG2, so allowing both generators to move in the smallest common symmetry-orbit basis could repair DG1 or a more general Askey--Wilson relation",A nonproportional coefficient pair satisfies both exact relations on the 3x3 torus and remains valid with the same coefficients on a second layer size,"Expand exact Pauli coefficients, reduce by translations and D4, eliminate linear relation constants, and saturate every nonproportional cross-product chart",The F3 point cancels DG2 exactly on both 3x3 and 4x4 torus layers,Low-support coefficient rows force proportional generators; all three DG nonproportional saturations and the terminal tridiagonal branch have unit Groebner ideal,falsified,experiments/e36_dg_simultaneous.py;tests/test_dg_simultaneous.py;proofs/dg_simultaneous.md;results/deformation/dg_simultaneous.json,Classify the two omitted projective hyperplanes or enlarge the explicitly enumerated orbit basis without weakening the size-independent test
H035,2026-08-12,The tested boundary-lex Pauli leading-term rule supplies 2^L distinct pivots for every two-leg ladder,A uniform distinct-leading-word family would prove D_(2L)>=2^L by triangularity,Among all nonzero bracket words of depth at most 2L there are at least 2^L distinct leaders in the fixed right-boundary lexicographic order,Expand every actual word through depth 2L and count exact Pauli leaders at the first unresolved length,The rule has 5 leaders versus 4 at L=2 and 9 versus 8 at L=3,At L=4 it has only 15 distinct leaders versus the required 16; the explicit recursive labels 0101 and 0110 also collide at leader II II ZI XY,falsified,proofs/ladder_growth.md;experiments/e28_ladder_proof.py;results/algebra_growth/ladder_proof.json;tests/test_ladder_proof.py,The all-L inequality remains open; seek a different monomial order or a direct recursive minor identity
H050,2026-08-12,The best published rigorous simple-cubic SAW upper bound improves the certified Ising lower endpoint,SAW domination converts any rigorous upper bound on mu into K_c >= atanh(1/mu),The directed lower endpoint from mu<4.7114 exceeds the incumbent 0.2074277114992039908436804465100887760027,Verify the primary-source theorem and direction-round atanh(1/4.7114),The publisher abstract verbatim calls mu<4.7114 a rigorous upper bound,The full text and underlying theorem or numerical certificate were not obtainable; the abstract-only promotion to K_c>=0.21552750678753805271 is withdrawn without claiming the published inequality false,falsified,proofs/kc_bounds_improved.md;experiments/e33_bounds_improve.py;results/bounds/improved_bounds.json;sources/manifest.yaml,Reconsider 4.7114 only if its full proof and certificate become auditable
H051,2026-08-12,Lengthening the 4x4 Simon--Lieb prism or regrouping its boundary orbits can overtake the SAW lower endpoint,End-cap removal and exact symmetry orbits might expose unused sharpness in the finite-set criterion,The axial-limit root exceeds atanh(1/4.7114),Decompose kappa by boundary orbit and fit the exact-root sequence for lengths 8 16 32,The criterion is rigorous and roots increase along the tested sequence,Lateral faces contribute 0.999996723996058 of kappa while caps contribute only 0.000003276003468; the descriptive axial limit is K about 0.20517892,falsified,proofs/kc_bounds_improved.md;results/bounds/improved_bounds.json,A larger transverse region or genuinely new correlation inequality is required
H052,2026-08-12,Exact finite Peierls surface counts through area 28 by themselves improve the infrared upper endpoint,Low-area contour entropy is far below the generic Peierls overcount and may tighten the ordering criterion,A rigorously tailed Peierls sum proves K_c below 0.2527310098586630030260020266135701299926,Enumerate the exact finite prefix and demand an infinite-volume contour-tail theorem in the same normalization,The repository gives exact plus-boundary broken-bond coefficients through area 28,Those are finite configuration counts not connected infinite-volume contour counts; no rigorous tail domination was established and the generic Peierls theorem gives only K_c<=0.7488385776610204938868995703971670322475,falsified,proofs/kc_bounds_improved.md;results/bounds/improved_bounds.json,Develop a proved connected-contour tail before reusing the exact prefix
H062,2026-08-12,"The 3D Ising layer transfer operator has a free-fermion (Gaussian) spectrum in SOME mode basis, i.e. it is a 'free fermion in disguise' even though its natural generators do not close quadratically","Fendley's disguised free fermions show a spin chain can have an exactly free-fermion spectrum while the obvious generators fail to close on a quadratic Clifford algebra. Every earlier no-go in this repo (DG, TD, claw/Gaussian, Kac-Ward) constrains an ALGEBRA and so leaves this escape route open.",A Gaussian operator on m modes has log-spectrum equal to the multiset of subset sums of m single-particle energies; equivalently lambda_1*lambda_2/lambda_0 must itself be an eigenvalue,Exact rational transfer matrix at tanh(K*/2)=1/3 plus two Sylvester inertia counts deciding whether the forced eigenvalue lambda_1*lambda_2/lambda_0 is present,"Open 1D chains (2D Ising strips) reconstruct exactly: n generators for n modes, residual 2.03e-58 at 60 dps; the forced eigenvalue is present, inertia counts 5->6 and 7->8","The 2x3 open layer is MISSING the forced eigenvalue: exact inertia count is 8 at both outward-rounded ends of the enclosing rational window. At 40 dps the failure also holds for K = 0.05,0.1,0.2,0.221654626,0.3,0.5,1.0,2.0 (gaps 1.17e-7 to 1.89e-1) and at 60 dps for 2x4, 3x3 and the 2x3, 3x3 tori. Note the gap shrinks to 1.17e-7 at K=2.0, so large-K work needs raised precision.",falsified,experiments/e37_spectral_gaussianity.py; experiments/e38_gaussianity_certificate.py; proofs/spectral_gaussianity.md; tests/test_spectral_gaussianity.py; results/spectral/gaussianity.json; results/spectral/gaussianity_certificate.json,Close the remaining loophole: V as the restriction of a larger Gaussian to an invariant subspace (a submultiset of a subset-sum multiset need not be subset-sum)
H063,2026-08-12,"The spectral free-fermion obstruction switches on exactly at the first degree-3 vertex, matching the Theorem DG quartic-defect criterion",Theorem DG shows the quartic Dolan-Grady defect vanishes iff every vertex has degree 0 or 2. If the spectral test detects the same local mechanism it must classify 2-regular layers as 2D-like and fail exactly when a degree-3 vertex appears.,"The 2x2 'layer' is C_4, which is 2-regular, so it must pass; the 2x3 layer has degree-3 vertices, so it must fail","Run the subset-sum reconstruction on the 2x2 layer and compare with the 1D rings, using the repository's shared layer bond builder so the degree sequence is not hand-assigned","The 2x2 layer has degree sequence [2,2,2,2] from the shared builder and behaves exactly like the 1D rings (parity-sector reflection defect 8.9e-15); the first failure appears at 2x3, which has degree-3 vertices. The test was never told the degree criterion.","Only two layer sizes straddle the boundary, so this is a consistency observation across a small sample rather than a proved equivalence",provisionally_supported,experiments/e37_spectral_gaussianity.py; results/spectral/gaussianity.json; proofs/spectral_gaussianity.md,Test layer graphs with a single degree-3 vertex embedded in an otherwise 2-regular layer to see whether one claw alone flips the spectral verdict
H064,2026-08-12,The physical spin-flip operator P = prod_i X_i can be identified with fermion parity in any candidate Gaussian structure for the layer operator,"The torus layers fail reflection symmetry inside each PHYSICAL parity sector. If physical P had to coincide with fermion parity, that would rule out the parity-projected-pair structure outright rather than only for that one decomposition.","If true, the sector-wise reflection failure on the 2x3 and 3x3 tori would exclude parity-projected-pair Gaussianity in every basis","Construct, or prove impossible, a Gaussian structure whose fermion parity is an involution other than prod_i X_i but which still commutes with the transfer operator","For the 1D rings the physical P does coincide with the Kaufman NS/R sector split, and each physical sector is reflection-symmetric to 1e-11","Not established. The repository's own Theorem 11 counterexample (C3 translation commutes with A and B) shows the physical symmetry group is larger than the Pauli centraliser, so other involutions exist a priori.",unresolved,proofs/spectral_gaussianity.md sec.7; experiments/e37_spectral_gaussianity.py; proofs/algebraic_obstruction.md,Enumerate involutions commuting with A and B on a small torus layer and test each as a candidate fermion parity
H038,2026-08-12,The 4-cycle two-sum algebra is sp(4) plus a one-dimensional centre,Dimension 11 suggested a 10-dimensional B2/C2 simple factor plus one scalar,The Killing form has rank 10 and its semisimple root system is B2=C2,Compute the exact rational Killing form and classify faithful symmetry-sector images,The total dimension is 11,The exact Killing form has rank 9 and two-dimensional centre; the Levi factor has root system A1^3,falsified,notes/algebra_structure.md;experiments/e29_algebra_structure.py;results/algebra_structure/structure.json,Use the exact A1^3 plus C^2 decomposition as the small control
H039,2026-08-12,The first non-cycle 2D layer algebras remain finite loop-algebra quotients of Onsager type,The 1D control is a quotient of the fixed sl2 loop algebra and one might hope the larger finite layers only change the evaluation ideal,Every simple Levi factor is A1 and multiplicities come from loop evaluation points,Compute exact-Q structure on C4; on larger grids compute modular centre/derived ranks and scoped quotient images without inferring a characteristic-zero Levi decomposition,The chain and ring controls reproduce their Onsager spin-representation image dimensions; C4 is exactly A1^3 plus C^2 over Q,No characteristic-zero Levi decomposition or quotient classification was obtained for 2x3 or 2x4; modular C7/C3/D21/B13 quotient images have no rational lift in this experiment,unresolved,notes/algebra_structure.md;results/algebra_structure/structure.json;results/algebra_structure/onsager_controls.json,Whether the 2D-layer algebra is an Onsager quotient remains open; a characteristic-zero invariant form or rational quotient is required
H065,2026-08-12,An abstract-only assertion that mu<4.7114 is rigorous is sufficient for a repository-certified Ising endpoint,The claimed inequality would imply K_c>=0.2155275067875380527127805211792797739268 if its proof were auditable,The full article exposes a theorem or corollary and reproducible data proving mu<4.7114,Obtain the complete primary source and identify the page section equation and certificate,The publisher abstract contains the verbatim phrase rigorous upper bound,Only the abstract was obtainable after publisher Crossref OpenAlex Unpaywall and repository searches; no proof or certificate could be inspected,falsified,proofs/kc_bounds_improved.md;results/bounds/improved_bounds.json;sources/manifest.yaml,Do not reuse 4.7114 unless the complete proof becomes auditable
H066,2026-08-12,The published exact 36-step simple-cubic SAW count improves the certified Ising lower endpoint without an asymptotic estimate,Block submultiplicativity directly turns c_36 into a geometric high-temperature susceptibility majorant,c_36=2941370856334701726560670 gives K_c>=atanh(c_36^(-1/36))>0.2074277114992039908436804465100887760027,Verify the complete primary source SHA exact integer root bracket and directed atanh rounding,Schram Barkema and Bisseling give the exact length-doubling identity and c_36 in Section IV and Table I; the cached PDF hash is recorded,The enumeration is imported rather than recomputed locally but its complete primary source and exact algorithm are auditable,confirmed,proofs/kc_bounds_improved.md;experiments/e33_bounds_improve.py;results/bounds/improved_bounds.json;sources/fulltext/schram_barkema_bisseling2011.pdf,Use a longer independently auditable exact count or proved finite-memory bound to tighten further
H056,2026-08-12,The verified Ising parity tensor has a nonexceptional six-space edge-rapidity tetrahedron manifold,Independent rapidities on all six shared TE vector spaces strictly extend the frozen constant isotropic test,"The saturated exact TE ideal away from x_i=0,+1,-1 is nonempty and contains a curve through 0<x_1=...=x_6<1","Generate all 4096 components, remove invertible monomial factors on the nonzero torus, row-reduce over Q, and saturate by product_i x_i(x_i-1)(x_i+1)",A three-dimensional degenerate component exists at x4=x5=1 and x6=-1,The exact saturated Groebner basis is [1]; every solution has a zero-weight or +1/-1 exceptional leg and the physical diagonal has no solution,falsified,notes/tetrahedron_spectral.md;experiments/e35_tetrahedron_spectral.py;results/integrability/tetrahedron_spectral.json;tests/test_tetrahedron_spectral.py,"Any further tetrahedron search must change the edge-rapidity representation, use four independently parametrized R operators, or add interacting auxiliary structure"
H057,2026-08-12,A minimal direct-sum auxiliary state repairs the tetrahedron equation while retaining the physical two-state Ising block,Increasing local bond dimension is a standard escape from a bond-dimension-two obstruction,R3 equal to R_Ising on the physical block and identity on triples containing the auxiliary state satisfies every TE component,Evaluate the exact dimension-three residual at rational physical w=1/2,The construction preserves the physical tensor as an invariant principal block,"The extended residual retains physical component (output 20,input 0)=-675/4096",falsified,notes/tetrahedron_spectral.md;experiments/e35_tetrahedron_spectral.py;results/integrability/tetrahedron_spectral.json,General interacting auxiliary extensions remain unresolved and require mixing outside an invariant direct sum
H058,2026-08-12,The natural two-weight periodic Ising layer transfer matrices form a nontrivial commuting spectral family,A tetrahedron mechanism should induce commuting layer-to-layer transfer matrices,"T(a,b) with a=e^-2Kz and b=e^-2Kparallel commutes at distinct points on the isotropic curve and has a nonzero commuting tangent",Compute exact rational commutators on periodic 2x2 and 2x3 and solve the 2x2 tangent equations,Coincident matrices commute trivially,Distinct physical points have exact nonzero commutator witnesses; the interior isotropic tangent minor is nonzero,falsified,notes/tetrahedron_spectral.md;experiments/e35_tetrahedron_spectral.py;results/integrability/tetrahedron_spectral.json;tests/test_tetrahedron_spectral.py,Broader layer-weight parametrizations and singular exceptional branches remain unresolved
H041,2026-08-12,The full translation-invariant scalar Kac--Ward family can satisfy the exact finite-box trace identities through k=8 and pass an independent box prediction,The 25-parameter generic gauge chart is consistent through k=6 and has enough freedom that k=8 construction equations may still admit solutions,"An exact algebraic assignment solves k=4,6,8 on multiple construction boxes and at least one unused free box","Classify the explicit six-polynomial 25-variable system with a stronger modular Groebner or rational Nullstellensatz engine, then verify a holdout box exactly",Complex least squares finds points with construction residual near machine roundoff,The recorded numerical point fails the exact 3x3x3 holdout at k=8; modular Groebner timed out and all 32 tested tree zero-pattern strata remain undecided,unresolved,proofs/kac_ward_full_family.md;experiments/e30_kac_ward_full.py;results/kac_ward/full_family.json;tests/test_kac_ward_full.py,Use the stored explicit polynomials and SHA-256 in a sparse Macaulay/Nullstellensatz or stronger computer-algebra engine; never promote a timeout or sampled Jacobian rank to a no-go
H085,2026-08-12,At t=1/3 the physical P-sector spectra of the 2x3 layer are the even and odd halves of one six-mode Gaussian product spectrum,This is the parity-projected-pair escape route left open by Theorem S,After orienting factors above one the assigned spectra obey e0<o0<o1 and o0*o1/e0 belongs to the even sector,Split exactly under P and isolate e0 o0 o1 by rational inertia then count target eigenvalues across an outward forced-value window,The exact matrix commutes with physical P and both sectors have dimension 32,For P+=even the forced window has equal counts 2 and 2; the swapped assignment has the wrong minimum order and its formal window also has equal counts 1 and 1,falsified,proofs/parity_sector_gaussianity.md;experiments/e40_parity_sector.py;results/spectral/parity_sector.json;tests/test_parity_sector.py,Retain Theorem S-prime with its physical-parity and one-coupling scope
H086,2026-08-12,The e38 rational symmetrization admits exact rational physical spin-flip restrictions,Global bit complement preserves Hamming distance and every Ising bond energy,P is a fixed-point-free signed permutation; PR=RP; unnormalized plus/minus orbit bases give rational 32 by 32 restrictions,Verify all permutation identities and all rational commutator entries then construct one basis vector per complement orbit,"All 4096 equalities R[c(a),c(b)]=R[a,b] pass and both restricted matrices are rational positive definite",None in the finite 2x3 and chain cases,confirmed,proofs/parity_sector_gaussianity.md;experiments/e40_parity_sector.py;results/spectral/parity_sector.json,Reuse the orbit-basis construction for other physical-symmetry sector tests
H087,2026-08-12,Swapping the identification of physical P signs with fermionic even and odd parity rescues the 2x3 Gaussian pair ansatz,The sign of a fermionic parity involution is conventional so both physical assignments must be exhausted,At least one of P+=even or P-=even satisfies the required minimum ordering and forced cross-sector membership,Run exact lowest-sector enclosures and target-sector inertia counts for both assignments,P+=even has the required strict ordering,P+=even misses the forced value with counts 2 and 2; P-=even has odd minimum below even minimum and its formal forced window has counts 1 and 1,falsified,proofs/parity_sector_gaussianity.md;results/spectral/parity_sector.json;tests/test_parity_sector.py,No physical-sign assignment remains under the stated distinctness hypotheses
H088,2026-08-12,The six-site open-chain Gaussian control is consistent with the parity cross-sector relation at exact t=1/3,A known free-fermionic control should not be rejected by the outward-window certificate,For both physical sign assignments the target-sector inertia count differs across the forced-value window,Run the identical rational sector split and inertia calculation on the open chain,"Counts change 1 to 2 for both assignment windows, proving that each window contains an eigenvalue",A positive-width window does not certify exact equality to the forced value,confirmed,proofs/parity_sector_gaussianity.md;experiments/e40_parity_sector.py;results/spectral/parity_sector.json,Keep explicitly labeled as a consistency check rather than an exact-presence theorem
H089,2026-08-12,The physical-parity certificate excludes Gaussian restrictions graded by every commuting Z2 symmetry of the 2x3 layer,A basis-independent closure of all parity loopholes would require controlling every possible fermion parity involution,Every alternative commuting involution yields sector spectra violating its corresponding Gaussian cross-sector relation,Classify the full commutant and repeat exact sector certificates for every inequivalent involution,None; only P=product X was tested,The present theorem does not constrain a different Z2 grading or a non-parity invariant subspace,unresolved,proofs/parity_sector_gaussianity.md,Classify inequivalent commuting involutions before extending Theorem S-prime
H080,2026-08-12,The open 2x3 Ising layer transfer operator at t=tanh(K*/2)=1/5 is not fermionic Gaussian on six modes,Theorem S at t=1/3 may reflect a robust finite-layer spectral obstruction rather than an isolated arithmetic point,The three smallest eigenvalues are distinctly enclosed and the forced value lambda1*lambda2/lambda0 lies in an interval with equal endpoint inertia counts,Build the exact rational symmetrized operator and perform Sylvester-inertia bisection plus two outward-window counts,Disjoint exact enclosures have relative-gap lower bounds 0.0388789 and 0.745757; both forced-window counts equal 4,This is one finite operator at one coupling and gives no all-coupling or all-size statement,confirmed,experiments/e39_spectral_couplings.py;results/spectral/couplings.json;notes/spectral_couplings.md;tests/test_spectral_couplings.py,Seek an analytic coupling interval only if exact parameter-dependent inertia control becomes available
H081,2026-08-12,The open 2x3 Ising layer transfer operator at t=tanh(K*/2)=1/2 is not fermionic Gaussian on six modes,Testing a second substantially different rational coupling probes whether the Theorem S obstruction persists away from t=1/3,The three smallest eigenvalues are distinctly enclosed and the forced-value interval contains no eigenvalue,Run exact rational inertia bisection and compare exact counts at both outward-rounded forced-window endpoints,Disjoint exact enclosures have relative-gap lower bounds 0.853766 and 0.168100; both endpoint counts equal 8,A finite exact certificate cannot establish non-Gaussianity on a continuum of couplings,confirmed,experiments/e39_spectral_couplings.py;results/spectral/couplings.json;notes/spectral_couplings.md;tests/test_spectral_couplings.py,Do not interpolate the finite rational certificates into an unproved coupling-uniform claim
H082,2026-08-12,The open 2x3 Ising layer transfer operator at t=tanh(K*/2)=2/5 is not fermionic Gaussian on six modes,An intermediate optional rational point supplies a third independent exact coupling certificate,Distinct lowest-three enclosures force a predicted eigenvalue window whose two inertia counts agree,Apply the same exact matrix construction rational bisection and outward-window inertia test,Disjoint exact enclosures have relative-gap lower bounds 0.708556 and 0.289736; both endpoint counts equal 8,Only the named 64-dimensional operator is decided,confirmed,experiments/e39_spectral_couplings.py;results/spectral/couplings.json;notes/spectral_couplings.md;tests/test_spectral_couplings.py,Retain as finite-instance evidence rather than an all-t theorem
H083,2026-08-12,The open 2x4 Ising layer transfer operator at t=tanh(K*/2)=1/3 is not fermionic Gaussian on eight modes,Extending Theorem S to the next layer width tests whether the spectral obstruction survives beyond the minimal genuine layer,The exact 256-dimensional operator has three distinct lowest eigenvalues and equal inertia counts across the forced-value window,Clear denominators once decompose by exact commuting involutions and run fraction-free Sylvester-inertia bisection under explicit resource walls,Eight exact symmetry sectors span all 256 dimensions; the gap lower bounds are 0.491652 and 0.344832 and both forced-window counts equal 8,This proves only one finite 2x4 operator; embeddings larger Gaussian systems parity-projected variants and all sizes remain open,confirmed,experiments/e39_spectral_couplings.py;results/spectral/couplings.json;notes/spectral_couplings.md;tests/test_spectral_couplings.py,Use the certified symmetry-sector method for larger finite layers only when a new scoped question warrants the cost
H084,2026-08-12,The open n=8 chain at t=tanh(K*/2)=1/3 gives an occupied-window consistency control for the spectral certificate,A known free-fermionic geometry should not be rejected by the one-sided absence test,The exact inertia counts at the forced-window endpoints differ after the lowest three eigenvalues are distinctly enclosed,Run the identical rational construction and exact inertia test on the 256-dimensional open chain,The exact counts are 9 and 10 so some eigenvalue lies in the positive-width window,Differing counts do not prove that the exact forced value is present and are not an equality or Gaussianity certificate,confirmed,experiments/e39_spectral_couplings.py;results/spectral/couplings.json;notes/spectral_couplings.md;tests/test_spectral_couplings.py,Keep explicitly labeled as consistency only; exact presence would require an algebraic equality certificate
H105,2026-08-12,A low-budget algebraic equation explains the 12-coefficient HT reduced free-energy series,An algebraic exact solution would force a polynomial relation among sufficiently many exact coefficients,At least one bidegree with (dx+1)(df+1)<=10 has a nonzero kernel after all known coefficients,Build every exact rational coefficient matrix using U+2 training equations and all later coefficients as holdout,None,All 27 frontier matrices have full column rank with stored nonzero rational minors,falsified,experiments/e43_series_structure.py;results/series/structure_certificates.json;notes/series_structure.md,Do not infer transcendence; retest larger budgets only after deriving more coefficients
H106,2026-08-12,The LT reduced free-energy prefix has an observable low-budget algebraic relation,A low-temperature exact structure could appear at smaller bidegree than on the HT side,A surviving kernel involves at least one monomial column visible through u^16,Sweep all 45 bidegrees with U<=15 and separate strict-holdout survivors from zero-column truncation artifacts,Ten raw kernels survive,All ten full kernels are exactly spans of monomials such as f^6 whose first possible term lies beyond u^16; seven other prefix kernels fail holdout,falsified,experiments/e43_series_structure.py;results/series/structure_certificates.json;notes/series_structure.md,Audit again only when coefficients at or beyond the recorded monomial valuations are available
H107,2026-08-12,A low-budget first-order differential-algebraic equation explains the HT prefix,Nonlinear dependence on f and f-prime is the simplest extension beyond the earlier linear D-finite probe,At least one rectangular Q(t f f-prime) budget with U<=9 has a nonzero full kernel,Sweep every exact derivative-safe coefficient matrix with at least two excess equations,None,All 21 tested first-order HT budgets have full column rank and explicit nonzero minors,falsified,experiments/e43_series_structure.py;results/series/structure_certificates.json;notes/series_structure.md,This does not test higher derivatives or larger polynomial budgets
H108,2026-08-12,The LT prefix has an observable low-budget first-order differential-algebraic relation,The leading valuations f=O(u^3) and f-prime=O(u^2) permit a finite exact nonlinear search,A surviving kernel contains a monomial combination visible by derivative-safe order u^15,Sweep all 45 rectangular first-derivative budgets and inspect the exact support of every full kernel,Eight raw kernels survive,Every survivor is exactly a zero-column truncation artifact such as (f-prime)^8=O(u^16) or f^5 f-prime=O(u^17); eight prefix candidates fail holdout,falsified,experiments/e43_series_structure.py;results/series/structure_certificates.json;notes/series_structure.md,Require new LT coefficients before interpreting any survivor
H109,2026-08-12,The interlayer c2 identity extends through v^8 and the thermodynamic c3 coefficient vanishes,The squared-correlation formula admits an independent 2D finite-lattice expansion while layer staggering forces odd powers of w to vanish,sum_r G(r)^2 has v^8 coefficient 1556 so residual and total c2 have v^8 coefficient 778; c3(v)=0,Compare exact 2D boundary-parity FLM with anisotropic 3D FLM and inspect every w^3 box column,Both independent exact c2 arrays agree through v^8 and all 15 required anisotropic boxes have zero w and w^3 columns,None,confirmed,experiments/e43_series_structure.py;results/series/structure_certificates.json;notes/series_structure.md;tests/test_series_structure.py,Computing c4 would require connected four-spin data beyond the squared two-point machinery
H100,2026-08-12,The selected six-pivot Hensel section through the stored F_5 witness contains a rational construction point of coordinate height at most 803887338846092830409411774445,A full-row-rank modular point has a unique p-adic graph over the 19 held coordinates and a simple exact identity might appear by rational reconstruction,All 25 residues modulo 5^86 reconstruct within the symmetric uniqueness bound and their exact substitutions annihilate all six equations,Lift by doubling Newton precision and run complete extended-Euclidean reconstruction coordinatewise,The Jacobian has full row rank six and 23 coordinates reconstruct; one moving coordinate reconstructs as -11,"u_mx_mx and u_mx_py do not reconstruct, which certifies absence of a bounded rational vector in this selected residue class",falsified,experiments/e42_kw_hensel.py;results/kac_ward/hensel_lift.json;notes/kw_hensel.md;tests/test_kw_hensel.py,Do not generalize across the positive-dimensional variety; test other sections only with a systematic selection rule
H101,2026-08-12,The selected six-pivot Hensel section through the stored F_11 witness contains a rational construction point of coordinate height at most 1121690061089227884474199393243,A second full-row-rank prime tests whether rational structure survives independently of the F_5 residue class,All 25 residues modulo 11^58 reconstruct within the symmetric uniqueness bound and solve the six equations exactly,Lift by doubling Newton precision and reconstruct every coordinate with 2H^2<M,The Jacobian has full row rank six and 22 coordinates reconstruct,"u_px_px u_mx_mx and u_mx_my fail reconstruction, certifying no bounded rational vector in this selected residue class",falsified,experiments/e42_kw_hensel.py;results/kac_ward/hensel_lift.json;notes/kw_hensel.md;tests/test_kw_hensel.py,Seek a common algebraic parametrization rather than treating one local section as the whole variety
H102,2026-08-12,The stored rank-deficient F_7 construction point lifts to a solution modulo 49,Even a singular finite-field point can lift when the first-order residual lies in the Jacobian image,The linear system Jt=-F(x)/7 modulo 7 is consistent,Compute the exact augmented row reduction and a left-kernel obstruction if inconsistent,The point solves all six equations modulo 7,"lambda=(4,0,0,1,0,0) annihilates J but pairs with the right-hand side to 5 modulo 7",falsified,experiments/e42_kw_hensel.py;results/kac_ward/hensel_lift.json;notes/kw_hensel.md;tests/test_kw_hensel.py,Other F_7 points remain possible; do not infer pattern emptiness
H103,2026-08-12,The selected F_5 and F_11 lifts share a nontrivial consistently reconstructed moving coordinate,A common characteristic-zero point should leave compatible rational-coordinate traces across good primes,At least one of the six Newton coordinates reconstructs to the same rational at both primes,Compare exact Fraction reconstructions coordinate by coordinate without numerical matching,u_pz_mx and u_pz_my both reconstruct as 2,Both agreeing coordinates are deliberately held; every moving coordinate is inconsistent or unavailable,falsified,experiments/e42_kw_hensel.py;results/kac_ward/hensel_lift.json;notes/kw_hensel.md,Cross-prime comparison needs compatible residue classes or a global parametrization
H104,2026-08-12,The gauge-tree zero pattern 00000 is empty over characteristic zero,The smallest active-variable stratum may admit a short elimination certificate even when the generic 25-variable chart remains unresolved,An exact integer combination of its six construction equations is a nonzero constant,Run block-order Groebner bases modulo two primes then rederive any unit relation over ZZ,"Both modular bases are [1], and exactly 2F_(3x3x2,4)-3F_(2x2x3,4)=56",The theorem excludes only one selected tree stratum and says nothing about the other patterns,confirmed,experiments/e42_kw_hensel.py;results/kac_ward/hensel_lift.json;notes/kw_hensel.md;tests/test_kw_hensel.py,Search other smallest strata for similarly short exact certificates without inferring a full-family no-go
H110,2026-08-12,The verified six-leg Ising tensor remains exactly Z2-grade-preserving in the three-input three-output L-operator reshaping,Spin summation gives support only when the total number of occupied tensor legs is even,All 32 nonzero L entries preserve input/output total parity and the three stored finite-box partition integers are reproduced,Reuse the Wave-5 tensor builder and scan all 64 reshaped entries exactly,The coefficientwise box controls give 36450 16394562 and 246853161090; all 32 supported local entries preserve grade,"The two parity blocks each have rank one at q=1/4, so grade preservation alone does not imply an invertible physical L",confirmed,experiments/e44_tetra_graded.py;results/integrability/tetra_graded.json;notes/tetra_graded.md;tests/test_tetra_graded.py,Retain these controls as prerequisites for any later auxiliary-R construction
H111,2026-08-12,A nonzero Z2-grade-preserving 8x8 auxiliary R solves R_123 L_145 L_246 L_356=L_356 L_246 L_145 R_123 at the exact physical point q=1/4,Allowing all 32 grade-compatible entries includes interacting matrices excluded by the earlier direct-sum and gauge tests,After fixing one nonzero coordinate the exact QQ polynomial system has a solution,Generate all 4096 components and compute a QQ Groebner basis after exact row reduction,The zero matrix solves the unsaturated homogeneous relation,The 2048 nonzero component forms have exact rank 32; the raw chart r_000_000=1 has Groebner basis [1],falsified,experiments/e44_tetra_graded.py;results/integrability/tetra_graded.json;notes/tetra_graded.md;tests/test_tetra_graded.py,Do not search transfer-matrix commutativity in this empty normalized graded chart
H112,2026-08-12,The fixed-point graded auxiliary-R no-go extends uniformly to every finite ferromagnetic Ising weight,A symbolic full-rank component minor can turn a one-point computation into an all-parameter theorem,A 32x32 RLLL minor has no zero for 0<q=tanh(K)<1,Lift the fixed pivot components to QQ[q] and factor their determinant exactly,The determinant is -2*q^56*(q-1)^45*(q+1)^39 and its scaled q=1/4 specialization exactly matches the integer rank certificate,"The exceptional algebraic points q=0,+1,-1 are not classified",confirmed,experiments/e44_tetra_graded.py;results/integrability/tetra_graded.json;notes/tetra_graded.md;tests/test_tetra_graded.py,Test parity-breaking R or nonidentical spectral L factors without extending this theorem beyond its grading
H113,2026-08-12,An invertible graded R or a nonzero solution outside the primary r_000_000 normalization chart survives the RLLL equations,A single normalization coordinate can miss projective components whose chosen coordinate vanishes,At least one of the 32 coordinate charts or the determinant localization has a non-unit saturated ideal,Compute every chart r_j=1 and the Rabinowitsch saturation z*det(R)-1 after exact linear ideal reduction,All 32 charts and the determinant saturation were computed over QQ,Every one of the 32 chart bases is [1] and the invertibility saturation basis is [1],falsified,experiments/e44_tetra_graded.py;results/integrability/tetra_graded.json;notes/tetra_graded.md,"Treat R=0 as the only graded solution away from q=0,+1,-1"
H114,2026-08-12,A parity-breaking or higher-dimensional interacting auxiliary construction can evade the graded RLLL no-go,The exact determinant certificate uses the 32-coordinate grade-preserving 8x8 subspace and does not control its complement or dimension-changing projections,A nonzero invertible solution exists after dropping grade conservation or enlarging an auxiliary space and yields exact commuting small-layer transfer matrices,Derive the next sharply defined finite ansatz and require an exact nonzero solution before running 2x2 and 2x3 commutator checks,No evidence was produced in the ungraded or higher-dimensional classes,The present [1] certificates apply only to grade-preserving 8x8 R with three identical L factors,unresolved,notes/tetra_graded.md;results/integrability/tetra_graded.json,Study the parity-breaking 64-coordinate RLLL kernel first; keep higher dimensions separate
H095,2026-08-12,A product-lex Pauli order repairs the ladder leading-monomial injection uniformly,Changing the local alphabet or scan direction could remove the L=4 collision without changing the depth budget,One of the 96 longitudinal direction row direction and local-alphabet orders has at least 2^L leaders for every L=2 through 5,Enumerate every nonzero A/B bracket word through depth 2L and all 96 orders exactly,The order X>Y>Z>I has capacities 6 9 16 through L=2 3 4,At L=5 that order has 26 leaders and the maximum over all 96 is 27 below 32; no scanned order passes all four lengths,falsified,experiments/e46_ladder_induction.py;results/algebra_growth/ladder_induction.json;proofs/ladder_growth_family.md;tests/test_ladder_induction.py,Any further order search must leave the product-lex class and supply a symbolic all-L pivot proof
H096,2026-08-12,A fixed corner Pauli seed and translated single-rung Pauli controls encode every rung subset by nested commutators,Single-string commutators would give independence for free if every selected control remained anticommuting,All 2^L nested commutators are nonzero and have distinct supports for one fixed two-rung seed/control template,Search all 255 nonzero two-rung seeds and 15 translated rung controls at L=2 through 5,At L=2 exactly 960 families are injective and the top-row ZZ edge with XX rung controls gives four outputs,Disjoint controls commute with the seed outside its support; at L=3 through 5 no family is injective and at most four nonzero outputs occur,falsified,experiments/e46_ladder_induction.py;results/algebra_growth/ladder_induction.json;proofs/ladder_growth_family.md;tests/test_ladder_induction.py,Do not use a bounded-support seed for an all-L single-rung commutator induction
H097,2026-08-12,The formal family P_L=(ZI)^L with C_i=XX on rung i proves the ladder algebra lower bound,Its exact local signature is ZI off S and YX on S so the Pauli strings are visibly distinct,P_L and every C_i belong to the two-generator ladder Lie algebra for every L,Check the all-subset signature and then test row-exchange and longitudinal-reflection invariance required of algebra elements,The exact signature gives 2^L nonzero distinct Pauli supports for every tested L=2 through 7,P_L fails row exchange and every off-centre C_i fails reflection so the required individual strings cannot be algebra elements,falsified,experiments/e46_ladder_induction.py;results/algebra_growth/ladder_induction.json;proofs/ladder_growth_family.md;tests/test_ladder_induction.py,Membership must be proved with invariant multi-string elements rather than inferred from Pauli combinatorics
H098,2026-08-12,Single-Pauli elements isolated inside the two-generator ladder algebra can form a noncommuting rung-control family,Nested commutators and linear combinations might isolate local strings even though the generators are sums,Two single-Pauli algebra elements have odd symplectic pairing for some L,Use the exact row-exchange automorphism and enumerate its fixed Pauli basis through L=5,Every single-Pauli algebra element must be row-fixed,A row-fixed Pauli has equal top and bottom labels on each rung so every symplectic contribution occurs twice; all such words commute for every L,falsified,experiments/e46_ladder_induction.py;results/algebra_growth/ladder_induction.json;proofs/ladder_growth_family.md;tests/test_ladder_induction.py,Seek noncommuting invariant orbit sums; isolated single strings are categorically insufficient
H099,2026-08-12,Row-and-reflection orbit sums of depth-one rung controls repair the single-string membership obstruction without destroying subset injectivity,Orbit sums satisfy the necessary ladder symmetries while retaining local support,The vectors w_S differ for all 2^L subsets after replacing C_i by its symmetry orbit sum,Enumerate all corner seed orbits and all 15 rung-control orbits and compare S with its reflected subset,A canonical X-corner seed and IY control gives a nonzero endpoint output,The controls obey C_i=C_(L+1-i) and commute so w_S=w_rho(S); all 180 360 720 and 1440 identities pass at L=2 through 5,falsified,experiments/e46_ladder_induction.py;results/algebra_growth/ladder_induction.json;proofs/ladder_growth_family.md;tests/test_ladder_induction.py,Any symmetry-compatible induction must use noncommuting or nonlocal multi-string controls and prove cancellation control
H075,2026-08-12,Every finite-dimensional semisimple quotient of the complex Onsager algebra is a direct sum of sl2 copies,"The kernel of a map to a semisimple quotient is closed because that quotient has zero centre, so the Date--Roan closed-ideal classification applies without classifying arbitrary kernels",The semisimple quotient of every finite-dimensional OA quotient has only A1 simple ideals,"Factor a reciprocal closed-ideal polynomial, apply the Chinese-remainder local-factor descriptions, and remove each explicitly solvable radical","Date--Roan Theorem 2, Lemma 1, Theorem 3, and Proposition 4 give the needed full classification; the radical argument is proved locally",None within the stated finite-dimensional complex scope,confirmed,proofs/onsager_quotient_nogo.md;results/algebra_structure/oa_quotient.json;tests/test_oa_quotient.py;sources/manifest.yaml,Use this Levi corollary rather than irreducible-representation classification in every future OA quotient test
H076,2026-08-12,The 2x3 layer algebra is not abstractly a quotient of the Onsager algebra because its characteristic-zero Levi quotient has a non-A1 simple ideal,A non-A1 characteristic-zero factor would contradict the all-quotients Levi corollary even after arbitrary changes of generators,An exact characteristic-zero radical or quotient certificate exhibits a simple ideal not isomorphic to sl2,Complete the independent characteristic-zero Levi computation and feed only its certified outcome into the conditional theorem,Exact C7=sp(14) quotient images occur in sector 000 at two finite-field primes,Finite-field images and modular rank lower bounds do not certify the characteristic-zero Levi type,unresolved,proofs/onsager_quotient_nogo.md;results/algebra_structure/oa_quotient.json;results/algebra_structure/structure.json,Await the separate CharZeroLevi certificate; do not fire the theorem from modular evidence alone
H077,2026-08-12,Two matching modular sp(14) quotient witnesses by themselves prove that the characteristic-zero 2x3 Levi quotient has a non-A1 factor,Two-prime agreement is useful consistency evidence but was previously at risk of being promoted beyond its logical scope,A deterministic exact characteristic-zero simple-factor certificate follows from the two modular images alone,"Inspect the field scopes, rank implications, and missing characteristic-zero radical and Killing data in the stored structure artifact",Both primes give exact C7 images of dimension 105 on a 14-dimensional sector,The artifact explicitly certifies only finite-field images; modular nonzero minors give rational lower bounds and no rational equality or Levi lift,falsified,proofs/onsager_quotient_nogo.md;experiments/e47_oa_quotient_sanity.py;results/algebra_structure/oa_quotient.json;results/algebra_structure/structure.json,Retain the two-prime data only as relevance and consistency evidence
H078,2026-08-12,The fixed evaluation points t=+1 or t=-1 can contribute a non-sl2 semisimple factor to a finite-dimensional closed Onsager quotient,Degenerate fixed points are the only local factors not covered by ordinary off-fixed sl2 evaluation,A fixed-point factor has a nonzero Levi quotient,Read and apply the exact fixed-point structure in Date--Roan Section 5,For L=1 the evaluation image is one-dimensional abelian,Proposition 4 proves every fixed-point truncation solvable of dimension L+floor(L/2); the even exponents occurring in closed ideals are solvable non-abelian factors with zero Levi part,falsified,proofs/onsager_quotient_nogo.md;sources/fulltext/date_roan2000_onsager.pdf;sources/manifest.yaml,Treat fixed-point pieces as radical and off-fixed evaluation orbits as the only A1 Levi sources
H079,2026-08-12,The classification of finite-dimensional irreducible Onsager representations directly classifies every finite-dimensional quotient Lie algebra,If valid this would give a short no-go from Davies-style evaluation representations,Every arbitrary quotient kernel is closed and its quotient is a direct sum of evaluation sl2 copies,Compare representation kernels with the algebraic definition of a closed ideal and allow arbitrary solvable radicals,Irreducible kernels are closed by Schur's lemma,An arbitrary quotient can have a radical and a non-closed kernel; only the composite kernel after quotienting by the radical is necessarily closed,falsified,proofs/onsager_quotient_nogo.md;sources/fulltext/date_roan2000_onsager.pdf,Use the repaired semisimple-quotient proof and keep the Davies shortcut retracted
H090,2026-08-12,Rooted connected outer Peierls contours enclosing the origin can be enumerated exactly through area 24 by fixed-polycube BFS,"Discrete Loomis--Whitney gives A^3>=216 n^2, so area at most 24 forces at most eight enclosed cells","N(6,8,10,12,14,16,18,20,22,24)=(1,0,6,0,45,12,332,240,2538,3040)","Enumerate every translation class through eight cells, flood-fill the complement, and weight each class by its number of origin placements","The exact BFS produces fixed-polycube level counts 1,3,15,86,534,3481,23502,162913 and the predicted rooted area table",The theorem is finite-scope only; it gives no formula for A>24,confirmed,experiments/e41_peierls_upper.py;results/bounds/peierls_upper.json;proofs/kc_upper_peierls.md;tests/test_peierls_upper.py,Use the exact table only with a separately proved all-area tail
H091,2026-08-12,An exact area-24 contour head plus an elementary rigorous connected-plaquette tail improves the incumbent upper bound K_c<=0.25273100985867,Exact low-area counts remove the largest slack terms in a Peierls union bound,The optimized certified K0 from the head and tail is below 0.25273100985867,Optimize the exact rational majorant and compare its strict inequality threshold with the incumbent,A strict exact certificate does yield K_c<=848449/500000,The certified value 1.696898 is much larger than the incumbent; the tail convergence barrier alone exceeds 1,falsified,proofs/kc_upper_peierls.md;results/bounds/peierls_upper.json,"A competitive Peierls route needs a fundamentally sharper all-area contour bound, not merely a longer finite head"
H092,2026-08-12,Universal-cover subtree counting gives a fully proved exponential tail sharper than the naive 144^A depth-first-walk bound,"The shared-edge plaquette graph has degree 12, while non-root tree vertices have only 11 forward slots","For A>=26, N(A)<=(78/625)*(11^11/10^10)^A and the even-area weighted tail is geometric","Inject deterministic spanning trees into the 12-regular universal cover, apply exact Lagrange coefficients, and majorize one binomial term","The exact formula B_A=12/(A-1)*binom(11A,A-2) and the binomial theorem at 1/10 prove the stated tail",The overcount includes all connected plaquette animals and remains far too loose near the physical critical region,confirmed,proofs/kc_upper_peierls.md;experiments/e41_peierls_upper.py;results/bounds/peierls_upper.json,Retain as an explicit negative certificate and baseline for any sharper surface-specific encoding
H093,2026-08-12,The exact-head plus universal-cover tail majorant is below one half at K=1.696898 but not at K=1.696897,This brackets the best point on the millionth grid delivered by the stated Peierls certificate,Exact outward rational evaluation gives F(1.696898)<1/2<F(1.696897),Enclose exp(-2K) by alternating Taylor Fractions and substitute monotone rational endpoints,"The upper value is below 1/2 by more than 0.00003956119, while the preceding-grid lower value exceeds 1/2 by more than 0.00000881719","Grid minimality is only for multiples of 10^-6 and this fixed majorant, not for all rationals or all Peierls encodings",confirmed,experiments/e41_peierls_upper.py;results/bounds/peierls_upper.json;tests/test_peierls_upper.py,Do not replace the stronger incumbent upper endpoint with this valid but weak theorem
H094,2026-08-12,A direct even-edge plaquette closure search independently reproduces the smallest rooted contour counts,"An independent representation can detect translation weights, closure errors, or accidental polycube omissions","The direct search gives N(6)=1, N(8)=0, and N(10)=6","Branch on the first odd-incidence dual edge, deduplicate plaquette sets, recover bounded cells by exterior flood fill, and require the origin inside","The search visits 240439 distinct partial sets and returns exactly 1,0,6 after enclosure filtering",The independent cross-check is capped at area 10 and is not evidence for later coefficients by itself,confirmed,experiments/e41_peierls_upper.py;tests/test_peierls_upper.py;results/bounds/peierls_upper.json,Keep this direct engine as the small-area regression check
H070,2026-08-12,The 2x3 open-layer two-generator Lie algebra has rational dimension 263,Two matching modular dimensions suggested equality but supplied only a lower bound,An honest exact-Q Pauli closure and an independent faithful-matrix rank both equal 263,Close full spatial-orbit Pauli sums with Fraction elimination and rank exact symmetry-block word matrices over QQ,Both independent exact computations equal 263,None for the specified finite layer,confirmed,experiments/e45_char0_levi.py;results/algebra_structure/char0_levi.json;tests/test_char0_levi.py,Retain the full-orbit cross-check whenever orbit compression changes
H071,2026-08-12,The solvable radical of the 2x3 open-layer algebra is exactly its one-dimensional centre,Cartan's radical criterion reduces the question to an exact Killing orthogonal complement once the derived algebra is certified semisimple,The derived algebra has dimension 262 and the 263x263 Killing matrix has exact rank 262,Build the derived ideal and Killing matrix with exact rational ranks,The derived rank is 262 and Killing nullity is one; the Levi projections account for all 262 derived dimensions,None for the specified finite layer,confirmed,proofs/char0_structure.md;experiments/e45_char0_levi.py;results/algebra_structure/char0_levi.json,Use this finite algebra as a characteristic-zero control
H072,2026-08-12,The largest characteristic-zero simple factor is C7=sp(14) rather than B7=so(15),Both types have dimension 105 and rank seven so dimension and rank alone are insufficient,A faithful 14-dimensional image preserves a nondegenerate alternating form and saturates sp(14),Solve invariant-form equations over Q and compare the exact image dimension with dim sp(14),The alternating form is unique up to scale with determinant 16384 and the image dimension is 105,B7 has no nontrivial 14-dimensional characteristic-zero representation,confirmed,proofs/char0_structure.md;results/algebra_structure/char0_levi.json;tests/test_char0_levi.py,Keep the representation invariant explicit rather than identifying from dimension alone
H073,2026-08-12,The full characteristic-zero Levi quotient has type C7+C3+C3+A8+A5,The modular sector images could overlap and therefore could not previously be summed,Five exact sector projections should have individual dimensions 105 21 21 80 35 and joint rank 262,Compute every image and the joint projection rank over Q,The individual dimensions sum to 262 and the exact joint rank is 262,None for the finite 2x3 layer,confirmed,experiments/e45_char0_levi.py;proofs/char0_structure.md;results/algebra_structure/char0_levi.json,Do not extrapolate this splitting to wider layers
H074,2026-08-12,The earlier modular sp6 and gl6 witnesses lift to characteristic-zero factors,The finite-field images might have been bad-characteristic artifacts or repeated nonfaithful views,There are two independent C3 ideals and the gl6 image is A5 plus the common centre,Compute exact invariant forms derived image dimensions and cross-sector joint ranks,Two C3 images have determinant-16 alternating forms and dimension 21; the six-space derived image is sl6 of dimension 35 with the one-dimensional central radical,Repeated sectors do not create extra Levi factors,confirmed,proofs/char0_structure.md;results/algebra_structure/char0_levi.json,Interpret future modular quotient images only after an exact linkage computation
H130,2026-08-13,[LEMMA] The fourth direct-coupling cumulant of the full infinite layer stack is the same-gap two-layer cumulant plus a nonzero adjacent-gap three-layer cumulant,At fourth order the layer-gap support can span two adjacent gaps even though the second-order coefficient uses only one gap,c4_q=(1/24) sum kappa_same+(1/4) sum kappa_adjacent with kappa_same=M4^2-Gij^2Gkl^2-Gik^2Gjl^2-Gil^2Gjk^2 and kappa_adjacent=GijGklM4-Gij^2Gkl^2,Enumerate all zero-mean fourth-cumulant pair partitions and all nonwrapping layer-gap multiplicity patterns,The symbolic partition check passes and the height-three FLM component equals the adjacent-gap formula coefficientwise through v^12,None within the finite combinatorial identity,confirmed,experiments/e51_interlayer_c4.py;notes/interlayer_c4.md;results/interlayer/c4_series.json;tests/test_interlayer_c4.py,Retain the adjacent-gap term in every future c6 or higher stack derivation
H131,2026-08-13,[COMPUTATION] The full-stack residual fourth interlayer coefficient in w=tanh(K_z) has an exact high-temperature prefix through v^12,Linked-cluster subtraction makes each fixed v order a finite exact sum of 2D edge-boundary polynomials,c4_w_res=2v^2+63v^4+1050v^6+14223v^8+163950v^10+1700893v^12+O(v^14),Compute exact 2D four-spin and two-spin moment sums with Fraction arithmetic and rectangular finite-lattice inversion,All displayed coefficients are produced exactly by the cumulant route and stored order by order,The computation is finite-prefix only and supplies no all-orders formula,confirmed,experiments/e51_interlayer_c4.py;notes/interlayer_c4.md;results/interlayer/c4_series.json,Attempt v^14 only with a memory-bounded parity transfer or derive an analytic multipoint summation
H132,2026-08-13,[COMPUTATION] Independent cumulant and anisotropic slab routes give the same c4 prefix through v^12,"The two routes organize the calculation differently: 2D moment ratios versus direct P(v,w) logarithms on one- two- and three-layer slabs",Every exact Fraction coefficient of c2 and c4 agrees through v^12 and same-gap and adjacent-gap components agree separately,Compare the two arrays before writing the artifact and fail on any disagreement,Exact agreement holds through all 13 stored v degrees; adding one span unit also leaves both routes unchanged through v^8,Both routes share the proved finite-lattice span bound though the standalone spin-DOS test independently checks through v^6,confirmed,experiments/e51_interlayer_c4.py;results/interlayer/c4_series.json;tests/test_interlayer_c4.py,Keep the spin-DOS lower-order test as a regression gate
H133,2026-08-13,[COMPUTATION] An LxLx2 slab by itself reproduces the full three-dimensional fourth interlayer coefficient,A two-layer example might appear sufficient because it already reproduces the full-stack c2 coefficient after per-interface normalization,The height-three spanning finite-lattice weight vanishes through v^12,Separate the anisotropic finite-lattice weights by exact vertical extent,The bilayer correctly gives c4_w_bilayer_res=-5v^4-76v^6-657v^8-4356v^10-20607v^12,The height-three contribution is 2v^2+68v^4+1126v^6+14880v^8+168306v^10+1721500v^12 and is required for the full stack,falsified,experiments/e51_interlayer_c4.py;notes/interlayer_c4.md;results/interlayer/c4_series.json,Use at least three layers or vertical finite-lattice inversion for every full-stack check at order four and above
H134,2026-08-13,[COMPUTATION] The exact c4 engine reproduces the known c2 coefficient 778 at v^8 and extends c2 while retaining c3=0,The shared boundary-parity enumeration provides an internal lower-order control and odd interlayer columns must vanish by layer spin parity,c2_total=1/2+2v^2+18v^4+118v^6+778v^8+4978v^10+31398v^12 and every c3 coefficient is zero,Extract w^1 w^2 and w^3 columns from every required anisotropic slab and compare c2 with the independent cumulant sum,The two exact c2 arrays agree through v^12 and every enumerated w^1 and w^3 column is identically zero,No claim is made about convergence outside the finite high-temperature prefix,confirmed,experiments/e51_interlayer_c4.py;results/interlayer/c4_series.json;tests/test_interlayer_c4.py,Use the reproduced c2 prefix as a mandatory control for later interlayer coefficients
H145,2026-08-13,The exact HT v^22 prefix has a low-budget second-order differential-algebraic relation,A relation involving F-second is the next nonlinear structure class beyond the wave-6 first-order frontier,An observable kernel survives every known derivative-safe coefficient in a tested total-degree or jet-bidegree space,Sweep both complete second-order grids with U+2 exact training equations and all later equations held out,None,All seven HT rows are excluded: six exact full-rank training minors and one prefix kernel refuted first at withheld order v^12,falsified,experiments/e56_series_frontier2.py;results/series/frontier2.json;notes/series_frontier2.md;tests/test_series_frontier2.py,Extend the exact HT series before enlarging the second-order parameter budget
H146,2026-08-13,The exact LT x^32 prefix has an observable low-budget second-order differential-algebraic relation,The longer LT prefix permits second-order jet spaces with as many as 28 coefficients,An observable full-system kernel survives one of the complete supported total-degree or jet-bidegree grids,Sweep every second-order grid row satisfying U+2<=31 and classify every kernel,None,All twelve LT rows are excluded: eight exact full-rank training minors and four prefix kernels refuted by withheld coefficients,falsified,experiments/e56_series_frontier2.py;results/series/frontier2.json;notes/series_frontier2.md,Revisit only after new LT coefficients make larger second-order spaces observable
H147,2026-08-13,A homogeneous polynomial-coefficient linear ODE of order at most two explains either full HT v^22 or LT x^32 prefix,Earlier D-finite scans stopped at a smaller reduced-series budget and did not exhaust the present original-variable data,An observable exact ODE kernel survives all known coefficients at the maximal true-budget degree,Sweep every order r<=2 and degree d with (r+1)(d+1)+2<=N using strict holdouts,None,Every kernel is either exactly holdout-refuted or certified truncation-unobservable by parity support; no observable ODE survivor remains,falsified,experiments/e56_series_frontier2.py;results/series/frontier2.json;notes/series_frontier2.md;tests/test_series_frontier2.py,Do not promote this finite frontier to non-D-finiteness
H148,2026-08-13,A low-dependent-degree Mahler-type relation couples F(t^2) and F(t) for either exact prefix,Functional self-similarity is exotic but cheap to test with exact coefficient matrices,An observable kernel survives for dependent total degree at most two and an allowed polynomial t-degree,Sweep every low-degree Mahler budget with U+2 training equations and strict holdouts,None,Eight HT and six LT spaces have full-rank prefix minors; ten candidates are holdout-refuted and the sole remaining LT kernel is truncation-unobservable,falsified,experiments/e56_series_frontier2.py;results/series/frontier2.json;notes/series_frontier2.md,Test higher dependent degree only when more exact coefficients are available
H149,2026-08-13,Top-budget exact kernels in the extended series frontiers indicate genuine finite-prefix structure,Sparse parity support can create rank deficiency even when every individual monomial column is nonzero,A surviving kernel has a first unfixed supported order within the available coefficient range,Partition columns by certified support congruence class and compare exact component rank with the first unavailable supported order,None,All ten full-system kernels are exactly truncation-unobservable; component ranks account for the whole kernel and each first unfixed supported order lies beyond the prefix,falsified,experiments/e56_series_frontier2.py;results/series/frontier2.json;tests/test_series_frontier2.py,Retain support-aware observability checks in future series searches
H155,2026-08-13,[EXTERNAL] Kesten's 1963 theorem or Madras--Slade states c_(n+2)>=mu^2 c_n for every finite n on Z^d,Such a one-sided theorem would turn the last exact SAW ratio directly into a rigorous connective-constant upper bound,The cited source contains the finite sign with hypotheses covering nearest-neighbour SAWs on Z^3,"Audit the primary abstract, the exact Madras--Slade theorem number, and freely available modern statements",The proposed statement is a plausible strengthening of the well-known parity-two ratio limit,"Kesten's abstract, Madras--Slade Theorem 7.3.4(a), Clay notes equation (1.17), and Grimmett Theorem 5.1(a) give only a limit or a two-sided error estimate; no finite sign was obtained",falsified,proofs/kesten_bound.md;results/bounds/kesten_bound.json;sources/manifest.yaml,Require a page-level finite one-sided theorem or a complete independent proof before using any finite ratio
H156,2026-08-13,"[COMPUTATION] Conditional on mu^2<=c_36/c_34, the exact counts give K_c>0.2158152282695194762796979344535594144773","The Ising SAW domination gives v_c>=1/mu, so a certified ratio upper bound on mu transfers monotonically through atanh",atanh(sqrt(c_34/c_36)) lies in the stored 90-dps directed interval and exceeds the incumbent,Bracket both square roots by adjacent rationals with denominator 10^90 and evaluate atanh by directed interval arithmetic,"Exact integer inequalities and independent math.isqrt reconstruction give the interval [0.2158152282695194762796979344535594144773,0.2158152282695194762796979344535594144774] outward at 40 places","The finite ratio premise is unaudited, so this verified arithmetic is not a certified Ising endpoint",confirmed,experiments/e55_kesten_bound.py;results/bounds/kesten_bound.json;proofs/kesten_bound.md;tests/test_kesten_bound.py,Keep this value explicitly conditional unless the missing theorem is supplied
H157,2026-08-13,[COMPUTATION] The last exact same-parity simple-cubic SAW ratios decrease on both parities,This is a useful finite-data sanity check for the conditional ratio calculation without assuming an all-n trend,c_36/c_34<c_34/c_32 and c_35/c_33<c_33/c_31 by exact cross multiplication,Evaluate both cleared-integer inequalities and independently rank c_n/c_(n+2) for n=31 through 34,Both strict integer inequalities pass and n=34 is the strongest of the four conditional candidates,Four finite comparisons neither prove ratio monotonicity nor determine the side of the limiting mu^2,confirmed,experiments/e55_kesten_bound.py;results/bounds/kesten_bound.json;tests/test_kesten_bound.py,"Use only as a sanity observation, never as the missing one-sided theorem"
H158,2026-08-13,[LEMMA] Kesten's ratio limit alone licenses mu^2<=c_(n+2)/c_n at a selected finite n,A convergent finite ratio close to its limit might be mistaken for a rigorous one-sided estimator,The implication follows without any sign or monotonicity hypothesis,Check the logic against an arbitrary convergent sequence and against Grimmett's absolute-error statement,None,"Convergence permits approach from either side, and abs(c_(n+2)/c_n-mu^2)<=A n^(-1/3) has neither a sign nor a usable numerical A",falsified,proofs/kesten_bound.md;results/bounds/kesten_bound.json;sources/fulltext/grimmett2020_kesten_work.pdf,Do not infer a finite upper bound on mu from the ratio limit
H159,2026-08-13,[UNRESOLVED] A freely auditable post-2011 exact simple-cubic SAW count beyond c_36 exists and can strengthen the certified lower bound,A longer exact count would improve the submultiplicative route if its root is smaller and could sharpen any future valid ratio route,A full source supplies an exact integer c_n with n>36 and reproducible enumeration provenance,Search later exact-enumeration literature and distinguish exact simple-cubic coefficients from BCC/FCC data and extrapolated terms,The 2017 BCC/FCC paper explicitly calls N_max=36 the record simple-cubic series as of that date,No freely auditable later exact simple-cubic c_n was located; absence from this search is not proof of nonexistence,unresolved,proofs/kesten_bound.md;results/bounds/kesten_bound.json;sources/fulltext/schram_barkema_bisseling_clisby2017_bcc_fcc.pdf,Revisit only when a specific later exact simple-cubic source is identified
H135,2026-08-13,[CONJECTURE] The full 2x3 joint matrix commutant is span{I global-X},A two-dimensional full commutant would strengthen the Pauli-string centraliser theorem to a basis-independent conserved-charge no-go,The exact 8192x4096 commutator map has nullity two,Row-reduce the ordered-Pauli integer map over Q and verify a complete exact kernel basis,Identity and global spin flip are exact commuting operators,Row and column reflections already span an eight-dimensional group algebra; exact-Q elimination gives nullity 12,falsified,experiments/e52_full_commutant.py;results/integrability/full_commutant.json;proofs/full_commutant.md;tests/test_full_commutant.py,Use the classified twelve-dimensional commutant rather than the false parity-only no-go
H136,2026-08-13,[THEOREM] The full 2x3 commutant algebra is M2(C) direct-sum C^8,The symmetry-sector Hom table distinguishes geometric symmetries from repeated or reducible generator modules,The exact Hom matrix has diagonal 1 2 1 1 1 2 1 1 with only the cross-pair 100<->110 nonzero,Solve every rational intertwiner block and exhibit the two common eigenlines and the rank-six cross intertwiner,Twelve exact independent Pauli vectors commute term by term; the Hom table has the predicted entries and centre dimension nine,None for the specified finite open layer,confirmed,experiments/e52_full_commutant.py;results/integrability/full_commutant.json;proofs/full_commutant.md;tests/test_full_commutant.py,Use the exact algebra type when classifying alternative parity involutions
H137,2026-08-13,[THEOREM] The full open-chain commutant dimensions at n=4 5 6 are 5 6 7,The Jordan--Wigner complex structure supplies n+1 number sectors and is a control that must look larger than parity alone,Exact Pauli kernels have dimension n+1 for each tested chain,Directly eliminate each sparse rational commutator map and independently rebuild it in B-diagonal matrix units,Exact-Q dimensions are 5 6 7; every stored basis vector commutes exactly and two primes reproduce each nullity,This is finite-size evidence only and does not prove the equality for every chain length,confirmed,experiments/e52_full_commutant.py;results/integrability/full_commutant.json;proofs/full_commutant.md;tests/test_full_commutant.py,Retain these cases as free-fermion regression controls
H138,2026-08-13,[THEOREM] The full 2x4 open-layer joint commutant has complex dimension 41,The 65536-variable problem tests whether the 2x3 excess disappears or grows on the next ladder width,Exact symmetry-block kernels sum to 41 and every lifted element commutes with both generators,Decompose by C2^3 characters restrict exactly to equal B energies and row-reduce every A-intertwiner block over Q,Forty-one exact rational block vectors are independent and verified element by element; both primes give the same rigorous nullity upper bound,No all-length 2xL formula is inferred from one additional size,confirmed,experiments/e52_full_commutant.py;results/integrability/full_commutant.json;proofs/full_commutant.md,Seek an all-L representation-theoretic decomposition before extrapolating
H139,2026-08-13,[THEOREM] The full 3x3 open-layer joint commutant has complex dimension 98,The 262144-variable square is a stringent test of the exact symmetry-block method beyond ladders,Exact rational block nullities sum to 98 with a complete verified basis,Use row reflection column reflection and parity sectors then solve all 64 exact intertwiner systems,Ninety-eight exact rational vectors pass every block equation; exact-Q rank is 45486 after the B restriction and both primes give nullity 98,The result is for the single finite 3x3 open square and says nothing about thermodynamic integrability,confirmed,experiments/e52_full_commutant.py;results/integrability/full_commutant.json;proofs/full_commutant.md,Compare future larger squares only through similarly certified block kernels
H125,2026-08-13,[COMPUTATION] The selected five-edge gauge tree has exactly 32 binary branches and the wave-4 decomposition is reproducible,A complete per-branch ledger requires systematic enumeration rather than extrapolation from branch 00000,Labels 00000 through 11111 reproduce every stored zero set nonzero set active-variable count and globally-linear count,Substitute every binary assignment into the fresh ungauged six-equation system and compare all metadata,All 32 records agree exactly with the predecessor artifact,[UNRESOLVED] The selected tree strata are not every support graph among all 30 weights,confirmed,experiments/e50_kw_branches.py;results/kac_ward/branches.json;notes/kw_branches.md;tests/test_kw_branches.py,Retain the explicit 32-row ledger when adding any new constraint family
H126,2026-08-13,[THEOREM] Seventeen gauge-tree branches are empty over Q by primitive integer constant identities,Necessary lattice identities can contradict a branch before nonlinear elimination,"Twelve branches satisfy 2*F_(3x3x2,4)-3*F_(2x2x3,4)=56 and five satisfy F_(3x3x2,4)-2*F_(3x2x2,4)=-16",Compute the exact Q-nullspace of all nonconstant monomial coefficients across 30 oriented-box constraints and expand each stored combination independently,Fresh exact expansion verifies a nonzero constant separately on all 17 named branches,[UNRESOLVED] The same constant-coefficient search finds no certificate on the other 15 branches,confirmed,experiments/e50_kw_branches.py;results/kac_ward/branches.json;notes/kw_branches.md;tests/test_kw_branches.py,Search polynomial-multiplier certificates only on the 15 surviving branches
H127,2026-08-13,[UNRESOLVED] The remaining fifteen branch-specialised six-equation ideals can be decided by the present exact SymPy Groebner route,After constant elimination an exact Q basis could still certify [1] or expose a tractable proper ideal,Every surviving branch returns a recorded exact Q basis within the hard bound,Run exact row reduction and ProductOrder lex/grevlex F5B independently with a 60-second cap per branch,Every branch received a separate characteristic-zero attempt,All 15 workers reached the hard timeout and a timeout decides neither emptiness nor rational nonemptiness,unresolved,experiments/e50_kw_branches.py;results/kac_ward/branches.json;notes/kw_branches.md,Use a stronger exact elimination engine or a proved low-degree Nullstellensatz ansatz
H128,2026-08-13,[COMPUTATION] Stored finite-field points on branch 11111 yield no reconstructed rational realization on the selected p-adic sections,High p-adic precision gives certified coordinate height exclusions and enables exact holdout evaluation without promoting finite-field points to Q,Lift every liftable witness through at least p^60 reconstruct all 25 coordinates and require exact construction plus two holdouts before any rational-point claim,Use full-row-rank Newton lifting for p=5 and 11 singular exact lookahead for p=3 and continued-fraction reconstruction with 2H^2<M,The selected lifts reach 3^126 5^86 and 11^60; only 8 23 and 23 coordinates reconstruct and every selected lift has a nonzero exact 3x3x3 residual,[UNRESOLVED] These bounds and falsifications concern selected local sections rather than all points on branch 11111,unresolved,experiments/e50_kw_branches.py;results/kac_ward/branches.json;notes/kw_branches.md;tests/test_kw_branches.py,Search genuinely distinct finite-field residue classes only with an exact branch-aware solver
H129,2026-08-13,[THEOREM] The stored F3 point has no simultaneous lift modulo 9 after adjoining the 3x3x3 identities,The F3 witness was the only stored point passing the 3x3x3 holdout modulo its base prime and therefore needed a genuine lift test,A left-kernel vector annihilates the nine-equation Jacobian mod 3 but pairs nontrivially with -F(x)/3,Recompute the nine residuals and all 225 Jacobian entries exactly modulo 3,"lambda=(0,0,0,0,0,0,0,1,0) has lambda*J=0 and pairing 2 mod 3; independently the stored F7 construction point has the prior pairing-5 obstruction mod 49",[UNRESOLVED] Both certificates exclude one stored residue point only and no global no-go follows while 15 branches remain,confirmed,experiments/e50_kw_branches.py;results/kac_ward/branches.json;notes/kw_branches.md;tests/test_kw_branches.py,Do not infer branch emptiness from a nonlift certificate for one finite-field point
H150,2026-08-13,[THEOREM] The exact open 3x3 layer transfer operator at t=1/3 is not a positive-spectrum nine-mode Gaussian subset-product operator,This is the first tested layer containing a degree-four vertex and extends the finite Theorem S obstruction beyond 2xN ladders,The three lowest eigenvalues have disjoint exact rational enclosures and the forced window lambda1*lambda2/lambda0 has equal exact inertia counts at both ends,Build the rational operator split it with exact D4 x spin-flip projectors and sum fraction-free sector inertias at every endpoint,The exact outward-window counts are 8 and 8 with identical per-sector count vectors,[UNRESOLVED] This named rational coupling does not imply an interval or an all-size theorem,confirmed,experiments/e54_spectral_3x3.py;results/spectral/spectral_3x3.json;notes/spectral_3x3.md;tests/test_spectral_3x3.py,Seek a parametric interval certificate only if exact root-separation data make it rigorous
H151,2026-08-13,[THEOREM] The exact open 3x3 layer transfer operator at t=1/2 is not a positive-spectrum nine-mode Gaussian subset-product operator,A second independent rational point tests that the degree-four-layer obstruction is not isolated to t=1/3,The three lowest eigenvalues have disjoint exact rational enclosures and the Gaussian-forced window is empty in every symmetry sector,Repeat the full exact D4 x spin-flip projector and inertia certificate at t=1/2,The exact outward-window counts are 11 and 11 and the standalone test independently re-derives them,[UNRESOLVED] Two finite coupling points do not prove coupling-uniform non-Gaussianity,confirmed,experiments/e54_spectral_3x3.py;results/spectral/spectral_3x3.json;notes/spectral_3x3.md;tests/test_spectral_3x3.py,Retain t=1/2 as the standalone regression certificate
H152,2026-08-13,[THEOREM] The 512-dimensional 3x3 basis splits exactly into twelve refined D4 x spin-flip projector ranges of dimensions 51 51 19 19 33 33 33 33 60 60 60 60,Full square symmetry should make otherwise prohibitive exact inertia calculations independently auditable,Common-denominator projector numerators satisfy M^2=32M pairwise zero products completeness and exact commutation with the transfer matrix,Check every identity on all 512 columns all 66 projector pairs and all sixteen group actions then build exact integer bases of every range,All projector identities pass exactly and the dimensions sum to 512; the E isotypic rows give four 60-dimensional pencils,[UNRESOLVED] This finite representation decomposition is not an all-layer multiplicity formula,confirmed,experiments/e54_spectral_3x3.py;results/spectral/spectral_3x3.json;notes/spectral_3x3.md;tests/test_spectral_3x3.py,Reuse the refined E-row split for future square-layer inertia certificates
H153,2026-08-13,[COMPUTATION] The open n=9 chain control has an occupied Gaussian-forced window at both t=1/3 and t=1/2,The exactly solvable one-dimensional control must not exhibit the layer's forced-value absence,Exact inertia counts at the outward forced-window ends differ at both couplings,Construct the same rational transfer operator and certify all full-dense counts with exact dyadic residual inequalities,The exact count pairs are 10 to 11 at t=1/3 and 10 to 11 at t=1/2,[UNRESOLVED] Window occupancy proves some eigenvalue is present but not exact algebraic equality to lambda1*lambda2/lambda0,confirmed,experiments/e54_spectral_3x3.py;results/spectral/spectral_3x3.json;notes/spectral_3x3.md;tests/test_spectral_3x3.py,Use the controls as consistency checks rather than proofs of Gaussianity
H154,2026-08-13,[COMPUTATION] An exact full-dense dyadic residual witness reproduces both 3x3 sector inertia sums at t=1/2,Independent dense bookkeeping guards against a missing sector or an incorrect generalized Gram pencil,At integer A-shifts 3000000000 and 3100000000 exact residual norm inequalities certify full counts 11 and 11,Round a proposed eigenbasis to dyadic rationals then verify Gram invertibility residual bounds and strict spectral margins entirely over integers,Both strict safety margins are positive and the dense counts equal the twelve-sector sums,[UNRESOLVED] Direct 512x512 fraction-free Bareiss at the first shift timed out after at least 1200 seconds and was not claimed complete,confirmed,experiments/e54_spectral_3x3.py;results/spectral/spectral_3x3.json;notes/spectral_3x3.md;tests/test_spectral_3x3.py,Prefer the proved residual witness for dense cross-checks while retaining Bareiss inside symmetry sectors
H160,2026-08-13,[THEOREM] Every connected proper support of size at most seven on the open 2x4 and 3x4 layers has only scalar joint commutants of A=sum X and B=sum ZZ,A conventional integrable hierarchy should expose bounded-support conserved operators; solving the full commutant is infeasible on 3x4,For every connected support orbit through size seven the exact rational kernel dimension is one,Enumerate supports modulo full-graph automorphisms and rank each 4^|S|-column integer commutator map over an odd prime with the identity as a rational lower-bound witness,All 30 support orbits on 2x4 and all 182 on 3x4 have prime nullity one at both listed primes; rank_Fp<=rank_Q plus I proves exact scalar kernels over Q,The theorem is finite and excludes neither disconnected nor size-eight supports,confirmed,experiments/e57_flux_support.py;results/integrability/flux_support.json;notes/flux_support.md;tests/test_flux_support.py,Seek a symmetry-block or structural argument before attempting the 66 size-eight 3x4 orbits
H161,2026-08-13,[THEOREM] Every connected support of size at most six on the open 3x3 layer has only scalar joint commutants of A and B,This removes the predecessor's individual-Pauli restriction for arbitrary operators at bounded support,Every one of the 31 support orbits through size six has exact rational kernel span{I},Build the boundary-aware ordered-Pauli map and obtain modular nullity one on every orbit,Both primes give nullity one on every orbit; the explicit rational identity and rank_Fp<=rank_Q prove rational equality,At size seven four support orbits have exact non-scalar kernels,confirmed,experiments/e57_flux_support.py;results/integrability/flux_support.json;notes/flux_support.md;tests/test_flux_support.py,Use six—not seven—as the certified 3x3 scalar-vacuum cutoff
H162,2026-08-13,[COMPUTATION] Four seven-site supports of the open 3x3 layer carry exact non-scalar local conserved operators,The requested scalar-vacuum extension could fail through cancellation among many Pauli monomials even though no individual local Pauli flux exists,Masks 239 and 254 have kernel dimension four; masks 367 and 381 have dimension two,Rebuild each exceptional kernel by sparse Fraction elimination store every Pauli coefficient and substitute every vector into both integer commutator maps,Complete bases with support sizes [1 28 35 64] [1 28 35 64] [1 63] [1 63] have coefficients +/-1 zero exact residuals exact full rank and matching prime nullities,Whether these finite-layer charges extend to larger layers is unresolved; every seven-site support on 3x4 is scalar,confirmed,experiments/e57_flux_support.py;results/integrability/flux_support.json;notes/flux_support.md;tests/test_flux_support.py,Parent review the explicit charges and test embedding or translation sums on wider layers
H163,2026-08-13,[COMPUTATION] The support-resolved map detects known one-dimensional and C4 conserved structures,Positive controls are required to show that boundary equations or rank code do not force scalar answers mechanically,The full open P4 kernel has dimension five; a three-site C4 support has dimension three and full C4 has dimension 27,Run exact Fraction elimination and two-prime ranks with complete exact kernel substitution,All three dimensions match; every stored basis vector commutes exactly and the standalone test independently rebuilds P4,A proper interval of a longer open chain is boundary-pinned and is not the extensive free-fermion density ansatz,confirmed,experiments/e57_flux_support.py;results/integrability/flux_support.json;notes/flux_support.md;tests/test_flux_support.py,Retain full-chain and C4 cases as regression controls
H164,2026-08-13,[UNRESOLVED] The scalar-vacuum theorem extends to connected supports of size eight on 3x4,The next support budget would strengthen the local-charge obstruction and test whether the 3x3 seven-site exceptions recur,All 66 symmetry-inequivalent connected size-eight supports have rational kernel dimension one or every excess has a verified exact basis,Measure one 65536-unknown modular map before committing to the complete two-prime scan,No size-eight row was promoted; a full 2x4 trial took about 156 seconds because sparse elimination filled in,The measured wall and 66-orbit workload leave size eight undecided,unresolved,experiments/e57_flux_support.py;results/integrability/flux_support.json;notes/flux_support.md,Develop boundary-constraint decomposition or symmetry-block elimination rather than brute-force repetition
H115,2026-08-13,[THEOREM] The 2x3 layer spectrum is non-Gaussian throughout four explicit nonzero rational t intervals centred at 1/5 1/3 2/5 and 1/2,A Weyl-plus-inertia propagation certificate upgrades each isolated Theorem S point to a genuine continuum neighbourhood,The Gaussian-forced value lambda1*lambda2/lambda0 is absent at every parameter in each stored rational interval,Bound the polynomial matrix derivative exactly propagate the first three eigenvalues and compare exact center inertia counts on the Weyl-expanded forced window,Equal exact inertia counts occur throughout all four propagated certificates: 4 and 4 at the first interval and 8 and 8 at the other three,The four intervals are disjoint and do not cover the requested connected interval,confirmed,experiments/e48_parametric_gaussianity.py;results/spectral/parametric_gaussianity.json;proofs/parametric_gaussianity.md;tests/test_parametric_gaussianity.py,Seek a different Gaussian necessary relation near the gaps rather than presenting the four components as a chain
H116,2026-08-13,[LEMMA] A positive integer-polynomial representative supplies an exact rational Frobenius derivative bound for the 2x3 transfer matrix,Nonnegative entry coefficients make interval differentiation monotone and avoid floating-point norm decisions,M(t)=(2t)^7 q(t)^4 R(t) has nonnegative integer coefficients through degree 26 and ||M'(t)||_F is bounded by an outward rational square root,Expand every state contribution and evaluate the squared entrywise derivative upper bounds at the rational upper endpoint,The artifact stores the exact derivative square and a rational 10^-15-grid upper square root for every interval,The Frobenius bound is intentionally conservative and may be too weak for wide propagation,confirmed,experiments/e48_parametric_gaussianity.py;results/spectral/parametric_gaussianity.json;proofs/parametric_gaussianity.md;tests/test_parametric_gaussianity.py,Retain exact square comparisons if the interval grid is refined
H117,2026-08-13,[LEMMA] Exact Weyl motion bounds propagate positivity distinctness and a rational enclosure of the Gaussian-forced value,The forced-value argument requires lambda0>0 and three distinct lowest eigenvalues at every parameter not merely at the grid centre,If rho=Lh then l0-rho>0 l1-u0-2rho>0 and l2-u1-2rho>0 imply the standing hypotheses and monotone rational bounds on lambda1*lambda2/lambda0,Combine the spectral-to-Frobenius norm inequality with exact center enclosures and positive rational interval arithmetic,All twelve stored positivity and gap margins are exact and strictly positive; the standalone test independently recomputes two cases,This lemma cannot pass a parameter where the forced relation has zero spectral margin,confirmed,proofs/parametric_gaussianity.md;results/spectral/parametric_gaussianity.json;tests/test_parametric_gaussianity.py,Use the same propagation template only where a strictly positive center margin is certified
H118,2026-08-13,"[UNRESOLVED] The single forced-value certificate proves non-Gaussianity for every t in [1/5,1/2]",A connected interval theorem would remove the coupling-discreteness caveat in Theorem S,Adaptive rational subintervals chain with strictly positive inertia margins from 1/5 through 1/2,Run exact interval propagation and require overlapping coverage with no uncovered point,Four exact nonzero neighbourhoods are certified,They remain disjoint; numerical reconnaissance suggests isolated forced-value eigenvalue crossings so this necessary relation can lose all absence margin,unresolved,experiments/e48_parametric_gaussianity.py;results/spectral/parametric_gaussianity.json;proofs/parametric_gaussianity.md,Find a second independent Gaussian spectral identity that remains obstructed at the apparent crossings
H119,2026-08-13,[COMPUTATION] The n=4 open-chain control is not rejected by the exact forced-window machinery at t=1/3,The exactly solvable strip control should contain an eigenvalue where a Gaussian subset-product spectrum forces one,Exact endpoint inertia counts differ across the forced-value enclosure,Rebuild the chain matrix and run the same exact inertia enclosure logic then independently repeat on the original rational matrix,Both experiment and standalone paths give exact counts 5 and 6,Window occupancy locates some eigenvalue but is not an exact equality certificate,confirmed,experiments/e48_parametric_gaussianity.py;results/spectral/parametric_gaussianity.json;tests/test_parametric_gaussianity.py,Keep the control as a one-sided consistency check
H140,2026-08-13,The recursive multi-word ladder family has rank 2^L through L=7,Multi-word elements can escape the proved single-Pauli membership obstruction,The 2^L AB/BB bracket words have modular rank 2^L at both recorded primes for every tested L=2..7,Expand all words exactly and eliminate independently modulo both 31-bit primes,Ranks 4 8 16 32 64 128 agree at both primes for L=2..7,Finite modular ranks do not imply an all-length induction,confirmed_finite,experiments/e53_ladder_alll.py;results/algebra_growth/ladder_alll.json;tests/test_ladder_alll.py,Seek a symbolic invariant for a different family or extension map
H141,2026-08-13,The AB/BB extension maps propagate distinct triangular leading words,A pair of boundary-compatible adjoint moves could double an echelon family without requiring isolated Pauli elements,Every rational-echelon parent has two children with mutually distinct leaders,Echelonize exactly over Q at L=2 and apply both lifts to all four parents,None at the first step,At L=2 to 3 the eight lifts have only seven leaders; parents 1/T0 and 3/T1 collide at II ZI XY,falsified,experiments/e53_ladder_alll.py;proofs/ladder_alll.md;results/algebra_growth/ladder_alll.json,Do not use this AB/BB triangular induction
H142,2026-08-13,A standard product-lex Pauli order repairs the AB/BB triangular base lift,Changing rung direction row direction or local Pauli priority might separate the colliding multi-word leaders,At least one of 96 orders gives eight distinct leaders at L=2 to 3,Exhaust all 2x2x24 product-lex orders with exact rational lifting,None,Exact histogram is 16 orders with 5 leaders 36 with 6 and 44 with 7; maximum 7 below 8,falsified,experiments/e53_ladder_alll.py;proofs/ladder_alll.md;results/algebra_growth/ladder_alll.json,A successful order must leave this product-lex class or change the family
H143,2026-08-13,The minimal triangular collision is a true dependence of the lifted elements,A shared leader could merely expose a redundant child rather than only an order failure,The two colliding lifted coefficient vectors are proportional,Compute an exact two-support coefficient minor,None,Supports YI XI ZI and XY ZI II give determinant 6 so the lifted rows are not proportional,falsified,experiments/e53_ladder_alll.py;results/algebra_growth/ladder_alll.json;proofs/ladder_alll.md,Retain the determinant-6 witness when testing alternative orders
H144,2026-08-13,D_{2L} is at least 2^L for every two-leg ladder length L>=2,Finite growth and the multi-word family suggest an all-length injection,A locality-closed extension rule supplies 2^L independent elements at every L,Require an exactly true bounded-window leading rule plus a written translation-covariant induction,Rigorous modular lower bounds now cover L=2..7,The tested AB/BB rule fails its first local triangular step and all 96 product-lex orders; no alternative induction was proved,unresolved,experiments/e53_ladder_alll.py;proofs/ladder_alll.md;results/algebra_growth/ladder_alll.json,Search extension maps or invariant multi-word families outside the exhausted class
H120,2026-08-13,[UNRESOLVED] The open 2x4 layer Killing form has rational rank 2951,Two matching modular derived ranks and a one-dimensional modular centre suggested a reductive algebra with one central direction,An exact nonzero 2951-minor and an exact integer Killing-null vector certify rank_Q=2951,Construct a 2952-word basis sparse adjoints and the full Killing certificate,A modular word basis of dimension 2952 and depth 21 was rebuilt; the final Killing array alone is feasible,The adjoint/trace construction and two-sided exact rank certificate were not completed; no rational rank equality is claimed,unresolved,experiments/e49_char0_levi_2x4.py;results/algebra_structure/char0_levi_2x4.json;proofs/char0_structure_2x4.md,Develop a blockwise trace formula or exact sparse rank certificate without all adjoints
H121,2026-08-13,[UNRESOLVED] The solvable radical of the open 2x4 layer equals its one-dimensional centre,Cartan criterion would identify the radical once Killing nullity one and semisimplicity of the derived quotient were exact over Q,The exact Killing kernel is central and one-dimensional and the induced quotient Killing form is nondegenerate,Rebuild the Killing nullspace exactly and verify its generator commutes with A and B,Prior modular centre and derived ranks remain consistent with the prediction,Neither exact Killing nullity nor a complete semisimple quotient certificate was obtained; modular agreement is insufficient,unresolved,results/algebra_structure/char0_levi_2x4.json;proofs/char0_structure_2x4.md,Do not invoke Cartan radical equality until both exact antecedents are certified
H122,2026-08-13,[COMPUTATION] The 000 sector has an exact 42-dimensional orthogonal quotient and the 28-dimensional sectors have exact 27-dimensional orthogonal quotients,The modular D21 and B13 images should lift to characteristic-zero invariant symmetric forms,Common kernels have dimensions 2 and 1 and quotient form spaces are one-dimensional with full-rank witnesses,Solve kernels and invariant-form equations over Q and verify stored integer forms by multiplication,The 000 quotient has dimension 42 and form rank 42; 010 100 110 have dimension 27 and form rank 27,Exact-Q image dimensions 861 and 351 were not independently upper-certified in this wave so type equality remains conditional,confirmed_finite,experiments/e49_char0_levi_2x4.py;results/algebra_structure/char0_levi_2x4.json;tests/test_char0_levi_2x4.py,Certify the exact-Q image ranks to promote orthogonal containment to D21 and B13 equality
H123,2026-08-13,[COMPUTATION] The unidentified 32-dimensional sector modules split rationally as 4+4+24 or 4+28,The 606- and 799-dimensional images act reducibly and rational commutants should expose their natural constituents,001 and 111 have projector ranks 4 4 24; 011 and 101 have ranks 4 28,Compute exact commutants choose rational separating elements and verify spectral projectors,Exact commutant dimensions are 3 2 2 3 and exact idempotent projectors have the predicted ranks,The abstract simple factor types and cross-sector ideal linkages remain unresolved,confirmed_finite,experiments/e49_char0_levi_2x4.py;results/algebra_structure/char0_levi_2x4.json;proofs/char0_structure_2x4.md,Compute exact image algebras on the 24- and 28-dimensional constituents
H124,2026-08-13,[COMPUTATION] Direct full-adjoint construction is a measured resource wall for the 2x4 characteristic-zero Killing certificate,Sparse Pauli brackets avoid the nominal 205.8 GB dense-adjoint allocation but coordinate conversion and exact elimination can still dominate,The word basis and generator adjoints are feasible but deterministic exact kernel or all-word trace construction exceeds the practical wall,Measure word closure generator-adjoint sparsity RSS and elapsed time without using incomplete outputs as evidence,Word closure took 83.49 to 120.54 seconds; generator adjoints took 115.38 seconds with 1160908 and 1000657 nonzeros,A common-kernel attempt exceeded 3600 seconds at about 660242432 bytes RSS and was stopped without a result,confirmed_resource_wall,results/algebra_structure/char0_levi_2x4.json;proofs/char0_structure_2x4.md,Use sector-level trace decompositions rather than constructing all 2952 adjoints
H195,2026-08-13,"[LEMMA] The sixth interlayer cumulant has only the connected gap profiles 6, 4+2, 2+4, and 2+2+2",Zero-field layer parity forces every used cut to carry a positive even number of the six vertical bonds and cumulant connectedness forbids skipped gaps,"All 203 set partitions reduce to the four listed contiguous profiles with admissible profile counts 1/15/15, 1/7/3, 1/7/3, and 1/3/1; separated-gap mixed cumulants cancel symbolically",Enumerate Pi_6 symbolically with distinct subset moments for independent gap families and specialize every block to layer parity,The Bell count is 203; the surviving zero-mean formula is kappa6=mu6-15 mu4 mu2+30 mu2^3; the disconnected-family polynomial expands exactly to zero,"None; this is a finite combinatorial identity for the sixth cumulant, not an all-order interlayer formula",confirmed,experiments/e64_interlayer_c6.py;proofs/interlayer_c6.md;results/interlayer/c6_series.json,Reuse the generated partition machinery rather than hand-entering higher cumulants
H196,2026-08-13,[COMPUTATION] The full-stack direct-coupling coefficient c6_q has an exact HT prefix through v^12,Exact independent-layer moments and vertical/planar linked-cluster inversion determine each finite coefficient without using the benchmark critical coupling,c6_q=1/45+(4/45)v^2+(304/5)v^4+(144236/45)v^6+(4097156/45)v^8+(83024036/45)v^10+(455977232/15)v^12+O(v^14),"Enumerate exact 2D boundary polynomials, form height-two through height-four raw moments, apply the generated cumulant, and perform rectangular Moebius inversion",All 28 required oriented rectangles were evaluated with integer/Fraction arithmetic and a one-span enlargement changes no component through v^8,This is a finite prefix and supplies neither an all-orders expression nor a convergence-radius result,confirmed_finite,experiments/e64_interlayer_c6.py;proofs/interlayer_c6.md;results/interlayer/c6_series.json,Extend only with an independently checkable higher-order box budget
H197,2026-08-13,[COMPUTATION] In w=tanh Kz the sixth-order residual is 2v^2+138v^4+(13682/3)v^6+109718v^8+2061698v^10+32654478v^12,"The exact change q=atanh w mixes c6_q with (4/3)c4_q and (23/45)c2_q, while the single-bond prefactor contributes 1/6 only at v^0","A direct anisotropic spin-DOS FLM must reproduce c6_w_res through at least v^6 and each exact height-two, height-three, and height-four component separately","Transform exact open-box joint spin densities of states to P(v,w), extract r6-r2 r4+r2^3/3, and independently invert all 3D boxes through v^6",The independent route gives exactly 2v^2+138v^4+(13682/3)v^6 and agrees componentwise by vertical extent; the standalone test passes,The independent route currently stops at v^6 although the primary exact route reaches v^12,confirmed_finite,experiments/e64_interlayer_c6.py;tests/test_interlayer_c6.py;proofs/interlayer_c6.md;results/interlayer/c6_series.json,Raise the independent spin-DOS order only if larger exact boxes remain practical
H198,2026-08-13,[LEMMA] Odd interlayer coefficients c3 and c5 vanish and sixth-order connected terms have vertical extent at most four layers,"Flipping every other open layer sends q to -q without changing in-plane energies, and each used layer cut of an even graph is crossed evenly","Every w^1, w^3, and w^5 column is zero; c2 has no weights beyond height two, c4 beyond height three, and c6 beyond height four",Check the alternating-layer symmetry symbolically and enumerate all boundary-mask and direct spin-DOS odd columns,Both exact engines return zero odd columns; the generic cumulant FLM also returns zero forbidden c2/c4 vertical weights through v^12,The recorded finite arrays do not replace the symmetry argument for arbitrary in-plane order,confirmed,experiments/e64_interlayer_c6.py;tests/test_interlayer_c6.py;proofs/interlayer_c6.md;results/interlayer/c6_series.json,Keep this parity constraint as a regression gate for future interlayer orders
H199,2026-08-13,[COMPUTATION] The generic sixth-cumulant layer-moment engine reproduces the established c2 and c4 prefixes through v^12,A correct c6 implementation must preserve the lower cumulant normalizations and the distinction between q=Kz and w=tanh Kz,c2=1/2+2v^2+18v^4+118v^6+778v^8+4978v^10+31398v^12 and c4_q=-1/12+(2/3)v^2+51v^4+(2914/3)v^6+(41113/3)v^8+(481894/3)v^10+1679961v^12,Run the same generated set-partition and layer-mask engine at orders two and four and compare every exact coefficient with the prior artifact,"Every coefficient agrees, the K=0 controls are 1/2, -1/12, and 1/45 in q, and the independent DOS route agrees for c2/c4 through v^6","Agreement is a normalization and implementation control, not new all-orders information about c2 or c4",confirmed_finite,experiments/e64_interlayer_c6.py;tests/test_interlayer_c6.py;results/interlayer/c6_series.json;results/interlayer/c4_series.json,Retain the lower-order reproduction checks when extending to c8
H210,2026-08-13,[THEOREM] The exact open 2x5 layer spectrum at t=1/3 is not one positive ten-mode Gaussian subset-product spectrum,This basis-independent obstruction tests the disguised-free-fermion escape route on the 1024-dimensional open layer,The three lowest eigenvalues are distinct and the exact interval forced by lambda1*lambda2/lambda0 contains no eigenvalue,Construct the exact integer operator split all eight row/column/flip sectors and compare exact inertia at the forced endpoints,Exact complete-sector inertia counts are 8 and 8 with identical per-sector vector (2 1 0 1 0 2 0 2); all projector and strict congruence checks pass,The result is only for finite n=10 at one coupling and leaves projected or larger-Gaussian descriptions open,confirmed,experiments/e67_spectral_2x5.py;results/spectral/spectral_2x5.json;proofs/spectral_2x5.md;tests/test_spectral_2x5.py,Seek an exact coupling interval or an all-size mechanism without promoting this finite computation
H211,2026-08-13,[THEOREM] The exact open 2x5 layer spectrum at untuned t=1/2 is not one positive ten-mode Gaussian subset-product spectrum,A second predeclared rational point checks that the 2x5 obstruction is not an isolated artifact of t=1/3,The three lowest eigenvalues are distinct and the exact interval forced by lambda1*lambda2/lambda0 contains no eigenvalue,Repeat the complete exact sector-inertia certificate at q=5/4 without using any critical-coupling benchmark,Exact complete-sector inertia counts are 12 and 12 with identical per-sector vector (2 3 0 2 0 3 0 2); every strict integer margin is positive,Two isolated rational couplings do not imply a connected interval or generic-coupling theorem,confirmed,experiments/e67_spectral_2x5.py;results/spectral/spectral_2x5.json;proofs/spectral_2x5.md;tests/test_spectral_2x5.py,Propagate the certificate only with rigorous parameter bounds or add independent rational points
H212,2026-08-13,[COMPUTATION] Row reflection column reflection and global spin flip give a complete exact eight-sector split of the open 2x5 transfer operator,A spectral absence claim is valid only if every one of the 1024 eigenvalues is included exactly once,Projector numerators obey N_chi^2=8N_chi mutual orthogonality completeness and exact commutation and their traces sum to 1024,Check every projector identity on all computational-basis columns and every group invariance entry over the integers,All identities pass; sector dimensions are 152 136 120 120 120 136 120 120 and sum exactly to 1024 at both couplings,This finite symmetry decomposition supplies no all-size representation theorem,confirmed_finite,experiments/e67_spectral_2x5.py;results/spectral/spectral_2x5.json;tests/test_spectral_2x5.py;proofs/spectral_2x5.md,Retain the exact projector checks as a mandatory gate for larger spectral certificates
H213,2026-08-13,[LEMMA] A strict relative integer-congruence Frobenius bound certifies exact inertia of every rational generalized sector pencil,A scaled residual bound avoids unstable full 1024-dimensional fraction-free elimination while keeping float proposals non-decisive,For C=Q^T(dB-nG)Q=D+E a rigorously bounded relative off-diagonal Frobenius norm below one fixes inertia(C)=inertia(D) and proves Q invertible,Form B G Q and C exactly and compare one dyadic integer numerator with its power-of-two denominator in every sector at every shift,All 216 stored sector-shift inequalities have strictly positive integer margins; the independent test reconstructs all 72 t=1/3 layer witnesses and counts,No full-dense 1024 witness was run and a poor floating proposal may fail to certify even though it can never create a false passing count,confirmed,experiments/e67_spectral_2x5.py;results/spectral/spectral_2x5.json;tests/test_spectral_2x5.py;proofs/spectral_2x5.md,Reuse only with the exact strict-margin check and complete-sector bookkeeping intact
H214,2026-08-13,[COMPUTATION] Exact open n=10 chain controls occupy the Gaussian-forced windows at t=1/3 and t=1/2,The solvable one-dimensional controls test that the exact absence machinery does not reject every 1024-dimensional spectrum,Complete chain-sector inertia must increase across each outward forced-value window,Build the same exact rational operators split all four reflection/flip sectors and sum exact certified inertias at both endpoints,Both controls give exact endpoint counts 11 and 12 and all four sector dimensions sum to 1024,Window occupancy proves only that some eigenvalue lies inside and not exact equality to lambda1*lambda2/lambda0,confirmed_finite,experiments/e67_spectral_2x5.py;results/spectral/spectral_2x5.json;proofs/spectral_2x5.md;tests/test_spectral_2x5.py,Keep as a one-sided regression control; do not promote occupancy to a Gaussianity proof
H230,2026-08-13,[THEOREM] No strictly positive-real translation-invariant scalar 30-weight Kac-Ward assignment satisfies the coefficientwise finite-box Ising determinant identity,Positive Ising edge weight and positive nonzero local transition weights define the requested physical positive-real cone inside the unresolved complex family,The necessary free-cube order-four equation is bounded below by 48 throughout the full nonnegative orthant and therefore cannot vanish,Rebuild the ungauged 2x2x2 k=4 trace equation over QQ and certify every nonconstant monomial is nonnegative on U>=0,"Exact reconstruction gives F_(2x2x2,4)=48+8 times six oriented plaquette products and the standalone test verifies the polynomial coefficient by coefficient",Signed-real and complex phase weights are outside this cone and remain possible,confirmed,experiments/e71_kw_positive_real.py;tests/test_kw_positive_real.py;results/kac_ward/positive_real.json;proofs/kac_ward_positive_real.md,Attack the remaining signed/complex generic chart using its exact plaquette phase constraints
H231,2026-08-13,[COMPUTATION] The free 2x2x2 order-four Kac-Ward equation has constant 48 and exactly six positive-coefficient squarefree plaquette monomials,The smallest cubic box isolates the first nontrivial closed nonbacktracking loops and can decide a whole sign sector without higher-order elimination,"P(v)=1+6v^4+16v^6+9v^8 and F_(B,4)=48+8(M_xy+ + M_xy- + M_xz+ + M_xz- + M_yz+ + M_yz-)",Enumerate even subgraphs and direction words exactly then compare the freshly expanded QQ polynomial with the stored sparse record,Independent exact enumeration gives [v^4]log P=6; all six trace monomials have coefficient 8 degree four and distinct oriented plaquette support,This is one finite-box coefficient identity but it is a necessary condition for the requested all-box construction,confirmed,experiments/e71_kw_positive_real.py;tests/test_kw_positive_real.py;results/kac_ward/positive_real.json;proofs/kac_ward_positive_real.md,Reuse the six holonomies when eliminating the remaining generic complex branch
H232,2026-08-13,[THEOREM] A rational preordering Positivstellensatz identity certifies infeasibility of the nonnegative-real Kac-Ward domain,A machine-checkable algebraic certificate is stronger than numerical minimization or an informal sign argument,"-1=-(1/48)F_(2x2x2,4)+(1/6)sum M with 1/6=(1/3)^2+(1/6)^2+(1/6)^2 lies in ideal(F) plus the preordering generated by all U_i>=0",Reconstruct every rational square multiplier and expand the full identity over QQ to the constant -1,The artifact records the ideal multiplier source monomials odd generator products square-monomial parts and rational SOS scalars; the standalone test rechecks them independently,The certificate deliberately makes no statement on signed-real or complex coordinates,confirmed,experiments/e71_kw_positive_real.py;tests/test_kw_positive_real.py;results/kac_ward/positive_real.json;proofs/kac_ward_positive_real.md,Seek analogous exact real-algebraic certificates for physically motivated phase sectors
H233,2026-08-13,[THEOREM] Every one of the 32 stored gauge-tree branches is empty on its nonnegative-real specialization while strict positivity occupies only branch 11111,The physical result must be reconciled exactly with the prior zero/nonzero branch inventory without promoting rational branch timeouts,Each bit specialization retains constant 48 and only nonnegative monomials and admits its own rational preordering identity,Freshly substitute all labels 00000 through 11111 into the ungauged cube equation and recheck each stored certificate over QQ,All 32 specialized identities equal -1 exactly; a positive direction-state gauge normalizes the five nonzero tree weights to 11111,The 32 tree labels are not an exhaustive classification of complex support graphs and 15 source Q/C ideals remain unresolved,confirmed,experiments/e71_kw_positive_real.py;tests/test_kw_positive_real.py;results/kac_ward/positive_real.json;proofs/kac_ward_positive_real.md,Keep the semialgebraic status separate from characteristic-zero ideal status in future branch work
H234,2026-08-13,[LEMMA] Any real signed cube solution has an odd negative-sign parity on at least one oriented plaquette; under reversal conjugation its three representative holonomies have real parts summing to -3,The positive-cone obstruction identifies the precise phase/sign burden that a surviving nonpositive construction must carry,The six plaquette products sum to -6; if reversed paths are conjugate then Re(H_xy)+Re(H_xz)+Re(H_yz)=-3 and with unit-modulus corners all three H equal -1,"Pair the six exact monomials under (d,d')->(-d',-d) and verify the algebraic consequences of the cube equation",The test reconstructs all three reversal pairs exactly and verifies that they cover all six oriented plaquette products,Reversal conjugation and unit modulus are conditional consequences and are not assumptions of the source full-family parameterization,confirmed,experiments/e71_kw_positive_real.py;tests/test_kw_positive_real.py;results/kac_ward/positive_real.json;proofs/kac_ward_positive_real.md,Combine the forced plaquette holonomies with k=6 and k=8 equations on the surviving complex generic chart
H170,2026-08-13,"[THEOREM] The exact characteristic-zero image of the open-2x4 sector 000 quotient is the full orthogonal algebra so(F_000,Q) of absolute type D21 and dimension 861",The prior modular D21 label becomes a theorem only when the same exact rational quotient is contained in a 861-dimensional orthogonal algebra and has an independent 861-dimensional lower certificate,The common zero kernel has dimension 2; the quotient has dimension 42; its unique symmetric invariant form is nonsingular; the image dimension is exactly 861,Rebuild the exact quotient and form over Q then exhibit a nonzero 861-minor modulo a good prime using literal Lie words in that same quotient basis,All exact kernel and basis identities hold; form nullity is 1 and rank 42; at p=65521 the stored same-basis 861-minor has determinant 6248,The rational form is not asserted split and this single sector does not determine the complete full-layer Levi sum,confirmed,experiments/e59_levi_images_2x4.py;results/algebra_structure/levi_images_2x4.json;proofs/levi_images_2x4.md;tests/test_levi_images_2x4.py,Use the D21 quotient as a certified characteristic-zero obstruction; do not sum overlapping sector images
H171,2026-08-13,[THEOREM] Each open-2x4 sector 010 100 and 110 has an exact 27-dimensional quotient whose image is the full orthogonal algebra of absolute type B13 and dimension 351,The three conditional modular B13 labels require exact rational upper and lower certificates in their own quotient bases,Each common zero kernel has dimension 1; each quotient has a unique nonsingular symmetric form; each exact image dimension is 351,Audit each exact quotient basis and form over Q and find a nonzero same-basis 351-minor at a prime avoiding every denominator,All three exact form ranks are 27; the p=65521 minor determinants are 1304 47530 and 7018 and every generator denominator LCM is 1,These quotient images can share full-layer simple factors so their dimensions are not a full Levi decomposition,confirmed,experiments/e59_levi_images_2x4.py;results/algebra_structure/levi_images_2x4.json;proofs/levi_images_2x4.md;tests/test_levi_images_2x4.py,Use exact joint intertwiners before drawing any full-layer linkage conclusion
H172,2026-08-13,[LEMMA] A nonzero good-prime minor of literal right-normed rational Lie words gives a characteristic-zero lower bound when the same rational basis and p-integral generators are used,This closes the logical gap between a finite-field image rank and an exact-Q image theorem without treating matching modular dimensions as equality,Every selected modular row has a prime-independent rational word recipe and the listed insertion pivots multiply to the selected raw-row minor determinant,Retain raw Lie-word rows and recipes during echelon selection verify all denominators are nonzero modulo p and record the pivot columns and determinant,At p=65521 all eight generator denominator pairs are [1 1]; every stored selected-minor determinant is nonzero; the standalone verifier independently regenerates the 861-word D21 certificate,The lemma supplies only a lower bound; exact equality in every application still requires a separate characteristic-zero containment or trace-space upper bound,confirmed,experiments/e59_levi_images_2x4.py;results/algebra_structure/levi_images_2x4.json;proofs/levi_images_2x4.md;tests/test_levi_images_2x4.py,Retain this same-basis requirement for every future modular-to-Q promotion
H173,2026-08-13,[THEOREM] The exact open-2x4 images in sectors 001 and 111 are Qz+sl4+sl4+sl24 while sectors 011 and 101 are Qz+sl4+sl28,The prior 606- and 799-dimensional labels become identifiable from exact rational constituents and a sharp block-trace upper bound,The constituent dimensions are 4+4+24 and 4+28; pairwise Hom matrices are identities; the image dimensions are exactly 606 and 799 with one-dimensional centres,Build exact rational projectors and component bases solve all pairwise Hom and invariant-form equations bound the image by its one-dimensional block-trace space and saturate that bound with same-basis minors,Projectors are exact orthogonal idempotents; off-diagonal Hom spaces and all traceless constituent invariant bilinear forms vanish; p=65521 minor determinants are nonzero and attain 606 or 799,The four sector images overlap as quotients and cannot be added to infer the complete full-layer Levi algebra,confirmed,experiments/e59_levi_images_2x4.py;results/algebra_structure/levi_images_2x4.json;proofs/levi_images_2x4.md;tests/test_levi_images_2x4.py,Use a separate exact cross-sector linkage and full-kernel certificate for any complete Levi theorem
H174,2026-08-13,[THEOREM] The complexified open-2x4 layer Lie algebra is not a finite-dimensional quotient of the Onsager algebra,Any further quotient of an Onsager quotient is again an Onsager quotient while the audited Date-Roan corollary permits only sl2 sums as finite-dimensional semisimple quotients,"The exact D21 sector image complexifies to a surjection onto simple so(42,C), contradicting the Onsager quotient classification",Combine the independently rebuilt exact-Q D21 quotient with the hash-bound audited Levi corollary in results/algebra_structure/oa_quotient.json,"The 000 image is exactly a Q-form of D21; scalar extension gives simple so(42,C); the audited corollary says every semisimple OA quotient is sl2^n",This excludes only finite-dimensional Onsager-algebra realizations and does not exclude non-Lie infinite-dimensional or non-Onsager integrability mechanisms,confirmed,experiments/e59_levi_images_2x4.py;results/algebra_structure/levi_images_2x4.json;proofs/levi_images_2x4.md;tests/test_levi_images_2x4.py,Retain as the single-finite-layer OA obstruction; make no thermodynamic or exact-3D-solution claim
H180,2026-08-13,[THEOREM] A support S carries a nonidentity site-permutation joint charge exactly when its complement has a nontrivial pointwise stabilizer,Graph automorphisms preserve the transverse-field vertex sum and Ising edge sum while pointwise fixation localizes the tensor permutation,A permutation pi of S works iff it preserves G[S] and every outside-neighborhood cell; the resulting U_sigma commutes exactly with A and B,Check internal adjacency and outside neighborhoods then substitute the permutation operator in both ordered-Pauli commutators,Exact conjugation proof; all 250 stored support-orbit rows agree with the criterion,Necessity for arbitrary non-permutation charges remains unproved outside the finite budgets,proved,experiments/e61_charge_criterion.py;proofs/charge_criterion.md;results/integrability/charge_criterion.json;tests/test_charge_criterion.py,Search proper supports of seven-vertex asymmetric graphs for a counterexample to arbitrary-charge necessity
H181,2026-08-13,[THEOREM] The four exceptional 3x3 support kernels are exactly two C^4 diagonal-reflection Bell algebras and two C^2 axial-reflection algebras,The six moved sites form three equitable reflection cells; an alternating Bell assignment exists only for the diagonal quotient path,Masks 239 and 254 have basis I 4U-32P I-4U-32P -64X_fP and projector ranks 56 70 1 1; masks 367 and 381 have basis I I-8U and ranks 72 56,Expand swap and Bell projectors in ordered Pauli coordinates and compare termwise with every stored Fraction basis before symbolic substitution,All four bases match exactly with term counts 1/28/35/64 or 1/63; orthogonal projectors and both commutators verify exactly,These finite projectors do not imply an extensive or thermodynamic conserved-charge family,proved_finite,experiments/e61_charge_criterion.py;proofs/charge_criterion.md;results/integrability/charge_criterion.json;tests/test_charge_criterion.py,Test compatibility of the minimum-support projector constructions under embeddings into larger rectangles
H182,2026-08-13,[COMPUTATION] On every connected simple graph through six vertices and every nonempty proper connected support orbit a non-scalar exact-Q kernel occurs iff the complement pointwise stabilizer is nontrivial,A broad finite converse tests whether the stabilizer mechanism merely fits the four grid anomalies or captures all small proper supports,Zero mismatches on 142 graph classes and 2682 support orbits at both recorded primes; trivial-stabilizer cases have exact-Q nullity one,Enumerate graph/support isomorphism classes; use two-prime modular ranks for upper bounds and explicit identity or permutation witnesses for matching lower bounds,858 positive and 1824 scalar cases match; both primes agree; ordered case digest is 7cba88cf79625ade4fc992d5f1ba26a8d176290049c1f726cbc5cc6300c0fb19,The all-size equivalence remains conjectural and full supports are deliberately excluded,confirmed_finite,experiments/e61_charge_criterion.py;proofs/charge_criterion.md;results/integrability/charge_criterion.json;tests/test_charge_criterion.py,Extend targeted enumeration to seven-vertex asymmetric graphs and proper supports
H183,2026-08-13,[THEOREM] No connected size-seven support of the open 3x4 grid has the pointwise-stabilizer mechanism and every such exact local kernel is scalar,The smallest 3x4 symmetry moves eight sites split across two rows and connectivity requires a ninth fixed-row connector,All 234 connected size-seven supports have trivial complement stabilizer; the first positive supports have size nine; all 62 stored size-seven orbits have kernel dimension one over Q,Enumerate every connected support by graph automorphisms and compare with the exact flux_support kernel table,Moved-set sizes are 8 12 12; positive-support histogram begins with four size-nine supports; 4x4 and 3x5 likewise have no size-seven mechanism and minima 13 and 11,No complete-kernel claim is made for the new size-nine or larger positive supports,proved_finite,experiments/e61_charge_criterion.py;proofs/charge_criterion.md;results/integrability/charge_criterion.json;tests/test_charge_criterion.py,Characterize the four 3x4 size-nine permutation-charge supports without constructing full kernels
H184,2026-08-13,[CONJECTURE] The exceptional 3x3 charges arise from an induced C4 or from independent swaps of twin vertices,Squares and equal boundary neighborhoods are plausible local sources of accidental commutants,Every exceptional support should contain a C4 or a single swapped pair should itself preserve the graph,Enumerate induced C4 subgraphs and exact kernel intersections; test each pair transposition separately,Mask 254 contains two C4 subgraphs and every reflection pair has equal outside neighborhoods,Masks 239 367 381 have no C4; mask 27 is a scalar C4 support; mask 254 intersects each C4 operator space only in identity; all individual swaps fail while their simultaneous product succeeds,falsified,experiments/e61_charge_criterion.py;proofs/charge_criterion.md;results/integrability/charge_criterion.json;tests/test_charge_criterion.py,Use the simultaneous pointwise-stabilizer and alternating Bell-cell criteria instead
H225,2026-08-13,The unrestricted 8x8 auxiliary-R RLLL equations contain all 64 matrix entries while decomposing exactly into two parity-change sectors,Removing the Z2 ansatz requires retaining both parity-preserving and parity-reversing matrix units; parity of the fixed L may organize but must not restrict the full system,B(q) has shape 4096x64 with 32 columns in each parity-change sector and identically zero off-sector blocks,Construct B(1/4) exactly and compare every coefficient with direct embedded 64x64 operator products,All 64 coordinates occur; all 4096 rows are nonzero; 262144 coefficients match directly; both off-sector nonzero counts are zero,None,confirmed,experiments/e70_tetra_ungraded.py;tests/test_tetra_ungraded.py;results/integrability/tetra_ungraded.json;proofs/tetra_ungraded.md,Keep the full-system reconstruction as the regression gate for any future tetrahedron ansatz
H226,2026-08-13,A maximal minor of the full unrestricted RLLL system is generically nonzero,Full column rank of the 4096x64 linear system rules out every nonzero arbitrary 8x8 R,The primary 64x64 minor has determinant 2*q^109*(q-1)^92*(q+1)^77*(q^3+2*q-1),Reconstruct the listed even and primary odd 32x32 blocks and factor their exact fraction-free determinants over Q[q],"The block determinants are -2*q^56*(q-1)^45*(q+1)^39 and -q^53*(q-1)^47*(q+1)^38*(q^3+2*q-1), giving the predicted product",The single primary minor vanishes at the cubic roots and alone does not classify them,confirmed,experiments/e70_tetra_ungraded.py;tests/test_tetra_ungraded.py;results/integrability/tetra_ungraded.json;proofs/tetra_ungraded.md,Use a complementary minor to decide whether the cubic roots are true rank drops
H227,2026-08-13,Two complementary maximal minors give an arbitrary-8x8 RLLL no-go for every characteristic-zero q outside 0 and plus or minus 1,A second minor can remove spurious roots of the first and turn generic rank into an all-parameter localized theorem,The alternate determinant is 2*q^110*(q-1)^92*(q+1)^77*(q^2+1); the monic gcd is q^109*(q-1)^92*(q+1)^77; rank is 64 off 0 and plus or minus 1,Factor the alternate exact minor and verify a Bezout identity between q^3+2*q-1 and q*(q^2+1),The alternate determinant has the predicted factorization and -(q^2+q+2)*(q^3+2*q-1)/2+(q^2+q+3)*q*(q^2+1)/2=1 exactly,None within the identical-L arbitrary-8x8 ansatz,confirmed,experiments/e70_tetra_ungraded.py;tests/test_tetra_ungraded.py;results/integrability/tetra_ungraded.json;proofs/tetra_ungraded.md,Test higher auxiliary dimension or nonidentical spectral L factors rather than reintroducing R symmetries
H228,2026-08-13,The cubic and quadratic roots appearing in individual unrestricted minors are not exceptional RLLL parameters,At a root unique to one minor the complementary maximal minor may still force the full nullspace to vanish,"Every root of q^3+2*q-1 and q^2+1 has exact rank 64, nullity zero, and no invertible R solution",Work in Q[q]/(q^3+2*q-1) and Q[q]/(q^2+1) and invert the complementary extra factor exactly,(q^2+q+3)/2 inverts q*(q^2+1) modulo the cubic and -(q+1)/2 inverts q^3+2*q-1 modulo q^2+1; hence the complementary minors are nonzero at all five conjugate roots,None,confirmed,experiments/e70_tetra_ungraded.py;tests/test_tetra_ungraded.py;results/integrability/tetra_ungraded.json;proofs/tetra_ungraded.md,Retain both minors because neither one alone has the theorem-level exceptional set
H229,2026-08-13,"The true degenerate parameters q=0,+1,-1 admit complete nonzero and invertible unrestricted RLLL solution spaces",The common maximal-minor factor identifies parameters that require direct exact specialization rather than localization,"Exact ranks/nullities are 14/50 at q=0, 26/38 at q=1, and 0/64 at q=-1; R=I_8 lies in every nullspace with determinant 1","Compute exact QQ RREFs, serialize every sparse nullspace basis vector, and verify the identity witness in the original RLLL equations","All three RREF bases have zero residual, independent columns, and rank plus nullity 64; the reconstructed I_8 residual is zero and determinant is 1 at each parameter",The nonexceptional no-go cannot be extended through these degenerate weights,confirmed,experiments/e70_tetra_ungraded.py;tests/test_tetra_ungraded.py;results/integrability/tetra_ungraded.json;proofs/tetra_ungraded.md,Treat these as classified boundary degeneracies not finite-ferromagnetic counterexamples
H240,2026-08-13,A 2D-calibrated ratio/crossing PRG with analytic open-boundary corrections resolves the Lee-Yang edge control,The first-zero shift exponent obeys p=d/(1+sigma) and consecutive-size drop ratios eliminate edge and amplitude,The frozen omega=1 depth-two Bulirsch-Stoer protocol places exact sigma_2d=-1/6 inside its robust window envelope,Use exact theta1 for open squares L=4..15 and compute the full leave-one-center and largest-size-suffix hull,Central sigma is -0.1503243693382576465... and the robust hull is [-0.1836639975044933868...;-0.1456280039362044877...] containing -1/6,The envelope remains broad and is empirical rather than a rigorous asymptotic error bound,confirmed,experiments/e73_lee_yang_prg.py;results/lee_yang/prg.json;tests/test_lee_yang_prg.py;proofs/lee_yang_prg.md,Retain this 2D-only frozen protocol and do not retune it using 3D benchmark information
H241,2026-08-13,The frozen calibrated PRG protocol can identify a 3D Lee-Yang exponent from the current isotropic cubes,Applying exactly the calibrated size and correction protocol avoids post-selection bias,The required isotropic raw sizes L=4..15 are present and yield ten consecutive local PRG centers,Compare the frozen protocol size set with exact open-cube availability,Only L=2;3;4 are available so none of the required L=5..15 cubes exists and the protocol is not instantiable,Shortening or shifting the size window after reading 3D data would violate the calibration freeze,falsified,experiments/e73_lee_yang_prg.py;results/lee_yang/prg.json;tests/test_lee_yang_prg.py;proofs/lee_yang_prg.md,Compute additional isotropic cube theta1 values or prove a smaller-size protocol on an independent control
H242,2026-08-13,Current exact L=2;3;4 open-cube first zeros identify the 3D Lee-Yang edge exponent under two analytic correction terms,Three sizes might appear sufficient for an edge amplitude and leading exponent,Every positive-edge globally decreasing analytic-correction model fitting the exact angles has the same p,Construct exact models theta(L)=1/50+L^(-p)(c0+c1/L+c2/L^2) at p=2 and p=4 and certify positivity and monotonicity by rational discriminants,At both certified-high-temperature couplings x=7/10 and x=2/3 the two models fit all exact angles and give sigma=1/2 versus -1/4 separated by 3/4,No independently proved correction-amplitude bound is available to exclude either model,falsified,experiments/e73_lee_yang_prg.py;results/lee_yang/prg.json;tests/test_lee_yang_prg.py;proofs/lee_yang_prg.md,Seek a theorem restricting correction coefficients or add enough isotropic sizes to overdetermine them
H243,2026-08-13,The adversarial Lee-Yang correction models remain valid after exact angle uncertainty is propagated,Approximate interpolation alone would not establish a theorem-like identifiability barrier,Radius-10^-60 rational theta enclosures propagate to coefficient boxes whose positivity and derivative discriminants have fixed signs,Reconstruct reduced integer polynomials; certify one root in t0 plus or minus 10^-70 by exact signs and Sturm count; bound cosine by rational alternating series; propagate with exact Lagrange coefficients,All six angles are certified and every p=2 or p=4 coefficient box has C(u)>0 and theta prime(L)<0 for all real L>0,None within the stated finite-polynomial and rational-series certificates,confirmed,experiments/e73_lee_yang_prg.py;results/lee_yang/prg.json;tests/test_lee_yang_prg.py;proofs/lee_yang_prg.md,Use the same interval method when additional exact cube zeros become available
H244,2026-08-13,Fixed-field transfer can extend Lee-Yang first-zero sequences without materializing the full field polynomial,A fixed unit-circle field turns the field-polynomial axis into a 16-state complex layer recurrence for a 2x2 cross-section,Open bars and one-transverse-periodic cylinders reach length 64 and agree with exact small field polynomials,Scout the first sign change then bisect at 120 and 160 dps; validate length two against exact degree-eight polynomials,Lengths 2;4;8;16;32;64 have empirical brackets at most 10^-75 wide and both length-two checks agree to better than 10^-60,Fixed 2x2 cross-section is a quasi-one-dimensional limit and cannot supply missing isotropic cube sizes,confirmed_finite,experiments/e73_lee_yang_prg.py;results/lee_yang/prg.json;tests/test_lee_yang_prg.py;proofs/lee_yang_prg.md,Explore wider cross-sections only as geometry-specific diagnostics and never substitute them for isotropic 3D scaling
H250,2026-08-13,[THEOREM] Every zero-field Ising stack whose interlayer bonds respect the layer-parity two-colouring has pressure even in the interlayer coupling so every odd interlayer coefficient vanishes,An alternating-layer spin flip fixes all in-plane bonds and reverses every interlayer bond so it should force q -> -q symmetry with no in-plane bipartiteness and no series truncation,"Z(K,q)=Z(K,-q) identically in finite volume; c_(2m+1)=0 for every m; evenness survives any pointwise thermodynamic limit; the same holds in w=tanh(q)",Exactly expand Z in q on small slabs including a frustrated in-plane triangle and on a three-layer periodic ring where the colouring fails,A four-layer slab over an in-plane triangle has exactly zero q^1 q^3 q^5 q^7 q^9 and every enumerated w^1 w^3 w^5 slab column vanishes identically,The infinite-volume coefficient statement needs the limit to be differentiable or analytic and that regularity is assumed not proved; periodic odd layer count breaks the hypothesis with [q^3]Z=8,confirmed,experiments/e75_interlayer_allorders.py;proofs/interlayer_allorders.md;results/interlayer/allorders.json;tests/test_interlayer_allorders.py,Use the finite-volume theorem freely and quote the limit version only with an explicit regularity hypothesis
H251,2026-08-13,[THEOREM] c_n is the set-partition joint-cumulant sum of vertical-bond variables factorized into 2D spin moments and a generic generator reproduces the certified c2 and c4,log<exp(qV)>_0 with V the sum of interlayer bond variables has multilinear cumulants over bonds and every block moment factorizes layer by layer after Ising parity reduction,"kappa_0=sum_pi (-1)^(|pi|-1)(|pi|-1)! prod_B prod_l M_l(S_(l,B)) with odd layer sets zero; the generator returns kappa_2=G_ij^2 and both certified c4 formulas; c2 through v^8 ends in 778 and [w^4] ends in 14223",Compare the generated polynomial against the literal partition definition on a non-Gaussian rational moment oracle then rerun c2 and c4 through v^8 against the existing c4 artifact,All seven m<=3 patterns agree exactly with the literal definition and the generic route reproduces c2 c4 the same-gap and adjacent-gap components and the exact tanh change of variable coefficientwise through v^8,The infinite-volume bulk form carries an explicit absolute-convergence hypothesis and the formula neither evaluates 2D multipoint moments nor solves the model,confirmed,experiments/e75_interlayer_allorders.py;proofs/interlayer_allorders.md;results/interlayer/allorders.json;tests/test_interlayer_allorders.py,Feed exact 2D multipoint moment recursions into the generator to push c_(2m) beyond m=3
H252,2026-08-13,[THEOREM] At order 2m only the 2^(m-1) layer-gap patterns given by compositions of m can contribute with every occupied gap even the support an interval and at most m+1 layers participating,Zero-field layer parity kills odd spin sets layer by layer and an unoccupied gap splits the bonds into independent layer families so only interval patterns with even multiplicities can survive,Pattern count 2^(m-1); maximal vertical extent m+1 attained only by all parts one; blockwise even layer parity is equivalent to blockwise even per-gap multiplicity; reversed compositions contribute identically,Exhaustively search normalized gap multisets to m=4 test the parity equivalence on all 203 partitions per pattern and check that slabs taller than m+1 layers carry zero even-subgraph weight at w^(2m),Composition construction equals exhaustive search to m=4 with counts 1 2 4 8; the parity equivalence holds on every partition of every m<=3 pattern; independent even-subgraph weights vanish above m+1 layers for m<=6; inadmissible patterns give the empty formal polynomial,Only necessity is proved; sufficiency is verified computationally at m<=3 where all four m=3 patterns are nonzero rather than proved for every m,confirmed,experiments/e75_interlayer_allorders.py;proofs/interlayer_allorders.md;results/interlayer/allorders.json;tests/test_interlayer_allorders.py,Prove genuine nonvanishing of every composition pattern for all m or exhibit the first vanishing pattern
H253,2026-08-13,[COMPUTATION] The exact sixth interlayer coefficient is c6=1/45+(4/45)v^2+(304/5)v^4+(144236/45)v^6 in the direct coupling and [w^6]f=1/6+2v^2+138v^4+(13682/3)v^6 in the tanh variable,The all-order formula makes c6 a finite sum over exactly four gap patterns so it can be computed exactly instead of estimated,[v^0]c6=1/45=[q^6]log cosh q and [v^0][w^6]=1/6; four nonzero pattern components with the two three-layer mirror patterns exactly equal at -4/3 v^2-166/3 v^4-3092/3 v^6,Recompute c6 by three independent exact routes namely cumulant moments plus rectangle finite-lattice inversion even-subgraph slab columns plus 3D inversion and spin-enumerated joint-DOS boxes and require coefficientwise equality plus a bound-stability check,All three routes agree coefficientwise both decoupled normalizations are exact adding an extra in-plane span unit changes nothing through v^4 and a concurrent agent computing c6 independently reported exact agreement in a blind coefficient exchange,It is a finite v^6 prefix from finite-lattice inversion and says nothing about convergence or about criticality,confirmed,experiments/e75_interlayer_allorders.py;results/interlayer/allorders.json;proofs/interlayer_allorders.md;tests/test_interlayer_allorders.py,Extend c6 past v^6 by caching 2D multipoint moments or compute c8 from the eight m=4 composition patterns
H254,2026-08-13,[THEOREM] The residual pressure of the simple cubic stack satisfies [v^2 w^(2m)]=2 for every m>=1 with the entire coefficient carried by clusters of exactly m+1 layers,An even subgraph with only two in-plane edges must be one ladder cycle over a single in-plane edge and the logarithm has no multi-cycle correction at this in-plane order,Exactly 2 for every m split as one per in-plane direction and zero weight at w^(2m) for slabs of any height other than m+1,Run the independent even-subgraph finite-lattice inversion at in-plane order two through w^12 record every per-height weight and then enlarge the in-plane box family,Exact value 2 for m=1..6 with the whole weight at height m+1 unchanged under one extra in-plane span unit m<=3 re-derived from full spin enumeration and consistent with the certified [w^2] [w^4] [w^6] rows whose v^2 coefficients are all 2,It covers only the second in-plane order; no sign positivity or radius-of-convergence statement was obtained for c_(2m) and none is claimed,confirmed,experiments/e75_interlayer_allorders.py;proofs/interlayer_allorders.md;results/interlayer/allorders.json;tests/test_interlayer_allorders.py,Attempt the analogous closed count at [v^4 w^(2m)] where multi-cycle logarithm corrections first appear
H185,2026-08-13,[THEOREM] Fourteen of the fifteen wave-7 unresolved Kac--Ward gauge-tree branches are empty over Q by exact thin-box identities,A universal free-box determinant identity must also hold on one-cell-thick induced cubic boxes,"Ten branches satisfy 2 F_(2x1x2,8)-F_(2x1x3,8)=16 and four satisfy 2 F_(2x2x1,8)-F_(2x3x1,8)=16",Regenerate the four raw even-subgraph constants and branch-reduced trace polynomials then check each integer identity,All 14 identities reduce exactly to the nonzero integer 16; with 17 imported certificates the map is 31 EMPTY_OVER_Q,Branch 11111 has no constant identity in the searched span,proved,experiments/e62_kw_close.py;results/kac_ward/close.json;tests/test_kw_close.py;proofs/kac_ward_close.md,Attack branch 11111 without promoting the partial map to a global no-go
H186,2026-08-13,[LEMMA] The branch-11111 thin-plane ideal has a 16-dimensional prime radical defined by six turn products equal to -1 and three straight products equal to 1,Planar restrictions expose exact monomial structure and remove nine coordinates before genuinely three-dimensional elimination,For each plane S=A+B+2 P=AB-1 T=s(A+B)+2 lie in the raw constraint span; the nine exponent rows have Smith diagonal all ones,Rebuild every rational linear combination reduce all raw thin equations by the radical basis and recompute the integer Smith form,All span identities and radical reductions vanish exactly; Smith diagonal is [1]^9 and all 25 coordinates are forced nonzero,This decides only the thin subsystem and not the added three-dimensional equations,proved,experiments/e62_kw_close.py;results/kac_ward/close.json;tests/test_kw_close.py;proofs/kac_ward_close.md,Substitute the torus parametrization into higher-degree three-dimensional elimination
H187,2026-08-13,[THEOREM] Branch 11111 has no degree-zero certificate in the 108-equation thin span and no rational Nullstellensatz certificate of multiplier degree at most one in the recorded 42-constraint system,An explicit negative certificate measures the exact elimination budget instead of interpreting a timeout,Thin coefficient ranks are 45 and 45; the same 546-column integer Macaulay matrix has ranks 546 and 547 after constant augmentation,Recompute exact-Q thin ranks and same-matrix modular ranks at 101 1009 and 10007 with column-count upper bounds,All three good primes give 546/547 and the matrix hash and 21-equation exact basis agree independently,Higher-degree multipliers remain untested and may contain a certificate,proved,experiments/e62_kw_close.py;results/kac_ward/close.json;tests/test_kw_close.py;proofs/kac_ward_close.md,Search multiplier degree two with an exact characteristic-zero upper bound for the six observed syzygies
H188,2026-08-13,[COMPUTATION] The expanded branch-11111 construction has exact points over F3 F5 F7 and F11 but the selected zero-free p-adic sections yield no rational candidate,Finite-field points prevent modular emptiness claims at those primes while point-specific lifts diagnose singular components,All 42 residues vanish; Jacobian ranks are 7 12 12 12; the p3 point blocks mod 9 and selected p5 p7 p11 lifts block at the next digit after p squared,Substitute every point exactly recompute each Jacobian and left-kernel pairing and test the last residue on 3x3x3,Every modular point verifies; each stored nonlift has lambda J=0 and lambda b nonzero; the longer selected paths fail 3x3x3 at k=8,Finite-field existence and selected-path nonlifting decide neither existence nor emptiness over Q,unresolved,experiments/e62_kw_close.py;results/kac_ward/close.json;tests/test_kw_close.py;proofs/kac_ward_close.md,Explore other singular sections or obtain a higher-degree exact elimination certificate
H189,2026-08-13,[UNRESOLVED] Branch 11111 is the sole survivor of the 32 named Kac--Ward gauge-tree branches so no global no-go is established,The branch ledger may support a global conclusion only after every chart is decided,A decisive continuation must provide an exact emptiness certificate or a rational point passing all 42 equations and the exact 3x3x3 holdout,Run saturation or resultant elimination after the prime-radical parametrization and verify any candidate on the holdout,Thirty-one branches are EMPTY_OVER_Q and branch 11111 has exact finite-field survivors plus no bounded certificate,The 32 tree patterns are not all support patterns among 30 weights and the full 3D model remains unsolved,unresolved,experiments/e62_kw_close.py;results/kac_ward/close.json;tests/test_kw_close.py;proofs/kac_ward_close.md,Keep the global theorem withheld until branch 11111 and broader support scope are resolved
H235,2026-08-13,An audited refinement of the reflection-positivity infrared criterion strictly lowers the certified upper endpoint 0.2527310098586630030260020266135701299926,"Gaussian domination is applied pointwise at every nonzero momentum before the exact spin sum rule, so finite tori, anisotropy, block spins or optimized test functions might recover the discarded slack",Some admissible refinement yields a certified threshold strictly below I3/2 under 100-dps outward rounding,"Re-derive the normalization, enumerate the refinements the method actually licenses, and test each one for a valid magnetization lower bound",None: every candidate either loses its block-variance lower bound or reproduces I3/2 exactly,"Theorem D exhibits a feasible zero-magnetization spectral profile at every K<=I3/2, and Theorems C and E close the test-function and sub-model routes exactly",falsified,experiments/e72_upper_infrared.py;proofs/upper_infrared.md;results/bounds/upper_infrared.json;tests/test_upper_infrared.py,"Stop reweighting the infrared ceiling; new exact input is required inside [0.2122119011661678,0.2527310098586630]"
H236,2026-08-13,The profile Ghat_*(k)=1/(I3*lambda(k)) satisfies every thermodynamic-limit constraint of the infrared route at all K<=I3/2 while having zero long-range order,C(z)>=0 with C(0)=I3 makes the Gaussian-saturating profile a legitimate correlation function with G(0)=1 and no zero-mode atom,"G_*(0)=1 exactly, G_*(z)=C(z)/I3>=0, the ceiling holds iff 2K<=I3, M_*^2=0, and G_*(e)=1-1/Wsc=0.340537329550999142826273184432902896710",Prove C(z)=(1/3)sum_n P_n(0->z)>=0 from the nonnegative walk expansion and check the four constraints term by term with exact rational certificates,"Thirty-step rational lower bounds are strictly positive at seven sites, the truncated Green function satisfies the Laplace equation with exact defect P_31, the visit partial sums increase below the certified Wsc lower endpoint, and the nearest-neighbour value saturates the derived bound G(e)>=1-1/(6K) at K=I3/2","At finite even L the profile is infeasible because C_L has strictly negative sites, so genuinely finite-volume arguments are not covered by the theorem",confirmed,experiments/e72_upper_infrared.py;proofs/upper_infrared.md;results/bounds/upper_infrared.json;tests/test_upper_infrared.py,Attack the witness with an exact susceptibility or nearest-neighbour upper bound valid above K=0.2122119011661678
H237,2026-08-13,"Every test function whose autocorrelation kernel is nonnegative off the diagonal has infrared threshold at least I3/2, with equality only for the single-site kernel","GKS-I supplies the block-variance lower bound exactly when (q*q)(z)>=0 for z nonzero, and the same positivity forces sum_z (q*q)(z) C(z)>=C(0)*||q||_2^2",R(q)-I3/2>=q(z)q(w)C(z-w)/||q||_2^2>0 whenever two sites carry mass; R(t)-I3/2=t((12*I3-4)+(15*I3-6)*t)/(2*(2+3*t^2)); the energy-augmented criterion is D(t)=(2K-I3)(1+6t)+3t^2(K+1-3*I3),"Verify both factorizations symbolically and by exact rational sampling, then certify the coefficient signs on the 100-dps interval","Both symbolic residuals vanish identically, 12*I3-4>2.0655 and 15*I3-6>1.5819, K+1-3*I3<0 for every K<=I3/2, and the two-site kernel excess equals C(e1)>=68033920400922061123/511745184538734624768",The barrier assumes the block variance is bounded below through GKS-I diagonal dominance; a different lower bound for mixed-sign kernels would evade it,confirmed,experiments/e72_upper_infrared.py;proofs/upper_infrared.md;results/bounds/upper_infrared.json;tests/test_upper_infrared.py,Seek an exact block-variance lower bound for mixed-sign kernels; the pointwise optima 0.08606434319199 and 0.05273100985866 remain rejected non-bounds
H238,2026-08-13,Weakening the couplings anisotropically cannot sharpen the infrared threshold below I3/2,"Order in a sub-model implies order in the full model by GKS-II monotonicity, and the anisotropic Watson integrand is pointwise nonincreasing in each coupling","T(alpha)=(1/A)*sum_n R_n(alpha)>=I3 for all 0<alpha_i<=1, with equality only at alpha=(1,1,1), so the best sub-model threshold is exactly I3/2","Verify termwise domination R_n(alpha)/A>=R_n(1,1,1)/3 in exact rational arithmetic for several rational anisotropies","Termwise domination holds for every n<=20 at alpha=(1,1,1/2),(1,1/2,1/2),(1,1,1/10) with partial sums 0.5636,0.7100,0.7725 against the isotropic 0.4580",Strengthened couplings give smaller integrals but bound a different Hamiltonian and are therefore inadmissible for an isotropic upper bound,confirmed,experiments/e72_upper_infrared.py;proofs/upper_infrared.md;results/bounds/upper_infrared.json;tests/test_upper_infrared.py,Treat anisotropic and block-spin variants as closed; reopen only with a genuinely new comparison theorem
H239,2026-08-13,Exact finite-torus geometry combined with GKS positivity beats the thermodynamic threshold I3/2,"The zero-mode-removed torus Green function has strictly negative sites, so the saturating witness is infeasible at finite L and the finite-volume constraint set is strictly smaller than its limit","C_L(0)=29/96,88/243,1517/3840,1289503/2993760 with minima -11/96,-11/243,-49/1280,-13861/598752 for L=2,3,4,6, each C_L(0)/2 below I3/2 while certifying nothing","Compute C_L exactly on the rational-cosine sides, verify the defect equation 3C_L(z)-(1/2)sum C_L(z+e)=delta-1/L^3 at every site, and test whether any finite-L conclusion survives the uniform-in-L requirement",The finite-volume constraint is genuinely non-vacuous: all minima are strictly negative and the degenerate single-bond L=2 torus even violates the ceiling with exact Ghat=280125/269348>0.978807594485608843,"C_L(0) increases toward I3 and |min C_L| decreases through 0.1146,0.0453,0.0383,0.0231, so the extra information vanishes, and no quantified uniform-in-L magnetization floor exists in the audited manifest",unresolved,experiments/e72_upper_infrared.py;proofs/upper_infrared.md;results/bounds/upper_infrared.json;tests/test_upper_infrared.py,Derive an explicit uniform finite-volume error theorem for the even-torus Riemann sums before quoting any C_L-based threshold
H245,2026-08-13,[THEOREM] The open 3x2 two-sum Ising DLA has rational dimension 263,Grid transposition should transfer the exact characteristic-zero 2x3 certificate to the congruent 3x2 grid,The 3x2 modular depth closure saturates at 263 and the exact-Q 2x3 upper-and-lower certificate transfers term-by-term,Recompute the 3x2 orbit closure at two primes and verify that graph transposition maps A and B to the exact-Q 2x3 certificate,"Both prime profiles end 245,262,263,263; the source artifact has exact Pauli dimension 263 and faithful exact-Q matrix rank 263",None; equality comes from the exact-Q source certificate and graph isomorphism rather than prime agreement,confirmed,experiments/e74_dla_3xl.py;results/algebra_growth/dla_3xl.json;proofs/dla_3xl.md;tests/test_dla_3xl.py,Retain 263 as a finite exact control and do not infer an all-L law
H246,2026-08-13,[COMPUTATION] The open 3x3 two-sum DLA has rational dimension at least 8034,The 3x3 square is the first nontrivial symmetric three-row layer and fixes the scope of the existing 8034 count,"A completed modular closure contains 8034 independent integer Lie words and has depth profile ending 7473,8034,8034",Validate the archived point-group/parity-reduced saturated profile and retain the modular-minor implication only,"The complete p1 profile is 2,3,5,7,11,16,26,41,65,98,153,236,375,592,947,1504,2391,3735,5805,7473,8034,8034; the prior second-prime count agrees","No exact rational upper certificate is supplied, so dimension_Q=8034 is not asserted",confirmed_finite,experiments/e74_dla_3xl.py;results/algebra_growth/dla_3xl.json;proofs/dla_3xl.md;tests/test_dla_3xl.py,Construct a faithful exact-Q upper certificate before promoting 8034 to equality
H247,2026-08-13,[COMPUTATION] The open 3x4 depth filtration satisfies D_15>=1242 over Q,One more complete sparse depth gives a rigorous finite family beyond the previous 741-row depth-14 frontier,The exact mod-p depth sequence extends from D_14=741 to D_15=1242,Run the reflection/parity-reduced e20 sparse orbit engine through the complete depth-15 boundary at p=2147483647,"The measured sequence is 2,3,5,7,11,16,26,41,67,105,169,271,448,741,1242; the run used 773276448 basis bytes and stopped cleanly at max_depth=15",The closure is unsaturated and was not repeated at a second prime; 1242 is only a rational lower bound,confirmed_finite,experiments/e74_dla_3xl.py;results/algebra_growth/dla_3xl.json;proofs/dla_3xl.md;tests/test_dla_3xl.py,Improve the sparse representation or find a structured family rather than treating 1242 as the full dimension
H248,2026-08-13,[COMPUTATION] The subset-indexed AB/BB integer Lie-word family has rank 2^L on open 3xL grids for 2<=L<=6,A concrete doubling family gives rigorous finite exponential growth without relying on fitted dimensions,For every binary label s of length L the recurrence w_(L+1)(s0)=AB w_L(s) and w_(L+1)(s1)=BB w_L(s) yields 2^L independent words of depth at most 2L,"Expand the words over exact integer Pauli coefficients, eliminate at both primes, and recompute exact selected minors at consecutive sizes","Two-prime ranks are 4,8,16,32,64 for L=2..6; exact nonzero integer determinants are stored for L=2..5 and independently recomputed at L=4,5","The selected pivots change globally and no determinant recurrence, evaluation intertwiner, or stable all-L signature was proved",confirmed_finite,experiments/e74_dla_3xl.py;results/algebra_growth/dla_3xl.json;proofs/dla_3xl.md;tests/test_dla_3xl.py,Seek a representation evaluation with a provable local block determinant recurrence
H249,2026-08-13,[UNRESOLVED] The open 3xL two-sum DLA has an all-L exponential lower bound dim_Q(g_L)>=c^L for some c>1,The verified binary family and rapidly growing finite depth profiles suggest exponential algebra growth,An explicit all-size family has a proved local recurrence whose evaluation matrix remains nonsingular for every L,Prove a bounded-window block recurrence or stable symplectic-sign evaluation; finite ranks alone are not decisive,The explicit family proves 2^L independent elements for every tested 2<=L<=6,All 96 natural product-lex orders fail for that family: at L=4 the maximum is 13 leaders for 16 words and at L=5 it is 18 for 32; no alternative induction was found,unresolved,experiments/e74_dla_3xl.py;results/algebra_growth/dla_3xl.json;proofs/dla_3xl.md;tests/test_dla_3xl.py,Change the family or construct a representation-evaluation intertwiner; do not extend finite checks as a substitute for induction
H175,2026-08-13,[THEOREM] The open 2xL joint commutant has exact finite dimensions 27 12 41 20 for L=2 3 4 5,Symmetry-character Hom blocks turn the 4^(2L)-variable full commutant into exact rational module intertwiners,dim_Q Comm(A_L B_L)=27 12 41 20 respectively,Rebuild every C2^3 character Hom block over Q and independently rebuild L=3 and L=5 in reversed orbit bases,Every exact nullspace is substituted and independent greatest-pivot prime ranks reproduce the complete L=3 and L=5 Hom tables,None beyond finite scope; no all-L formula follows,confirmed_finite,experiments/e60_commutant_family.py;results/integrability/commutant_family.json;proofs/commutant_family.md;tests/test_commutant_family.py,Seek a genuine local recurrence before proposing any all-L dimension formula
H176,2026-08-13,[THEOREM] The exact 2x3 commutant algebra is M2(Q) direct-sum Q^8 and hence M2(C) direct-sum C^8,The unexpected twelve dimensions must be separated into geometric projectors splitting projectors and true intertwiners,One repeated six-dimensional irreducible occurs in characters 100 and 110 while 001 and 101 each split off one common eigenline,Construct rational metric-self-adjoint invariant projectors verify one-dimensional corners and sandwich every Hom basis,Exact primitive projectors give eight multiplicity-one classes and one multiplicity-two class; centre dimension is nine,None; this is a finite structural theorem rather than an integrability claim,confirmed_finite,experiments/e60_commutant_family.py;results/integrability/commutant_family.json;proofs/commutant_family.md;tests/test_commutant_family.py,Use the projector/intertwiner distinction when interpreting other finite-layer commutants
H177,2026-08-13,[THEOREM] The open 2x5 commutant has dimension 20 and split type M2(Q)^2 direct-sum Q^12,The next odd ladder decides whether the 2x3 algebra type persists and supplies new exact n=10 data,Over C the type is M2(C)^2 direct-sum C^12 with centre dimension 14,Exact-Q eliminate all 36 upper-triangle Hom blocks build minimal invariant projectors and independently reconstruct the whole Hom table,A ten-dimensional irreducible repeats across 000 and 010 and a 120-dimensional irreducible repeats across 100 and 110; all other classes have multiplicity one,The theorem is only for L=5 and supplies no odd-L induction,confirmed_finite,experiments/e60_commutant_family.py;results/integrability/commutant_family.json;proofs/commutant_family.md;tests/test_commutant_family.py,Search whether either repeated module admits a translation-covariant extension map
H178,2026-08-13,[THEOREM] At L=6 the rational commutant dimension lies between 57 and 71,Even ladders possess a common A=B=0 reducing subspace whose full endomorphism algebra lies in the commutant,Exact character dimensions of ker A intersect ker B are 1 0 2 0 2 0 2 0 giving dim W=7 and End(W) dimension 49; disjoint C2^3 geometry adds eight,Compute the common-zero kernels over Q and all character Hom ranks over GF(1000000007),Exact arithmetic proves the lower bound 57 and same-matrix modular rank proves the upper bound 71,A modular nullity is not an exact characteristic-zero dimension and the L=6 Wedderburn type remains unresolved,partially_confirmed,experiments/e60_commutant_family.py;results/integrability/commutant_family.json;proofs/commutant_family.md,Compute exact-Q L=6 Hom kernels only if a substantially cheaper structured closure is found
H179,2026-08-13,[COMPUTATION] Small-size commutant formulas fail and the excess elements are finite module symmetries not certified extensive local charges,Changing algebra types distinguish spatial automorphisms common eigenline projectors and inter-character or intra-character matrix units,The constant odd type from L=3 fails minimally at L=5 and the even fit 7L+13 from L=2 4 fails at L=6 because dim is at least 57 rather than 55,Compare exact Wedderburn components with the represented graph-automorphism times spin algebra and audit candidate formulas,For L>=3 the spatial permutation image has dimension eight while the full excess is exhausted by exact module projectors and intertwiners; no local-density recurrence was found,Finite full-matrix commutants neither establish integrability nor solve the 3D Ising model; odd 4L remains only a two-point conjecture,unresolved,experiments/e60_commutant_family.py;results/integrability/commutant_family.json;proofs/commutant_family.md;tests/test_commutant_family.py,Require a real bounded-window induction or compatible local density before any all-L promotion
H200,2026-08-13,[LEMMA] Computational matrix-unit evaluation is an injective representation of the ladder Pauli coefficient space,Computational-basis restrictions and Walsh characters offer a route outside leading Pauli words,For every L the full matrix-unit Gram equals 2^(2L) times the Pauli coefficient Gram,Derive the exact Walsh transform and independently compare both integer Grams at several base lengths,Exact equality and nonzero determinants hold at L=2 3 4,Injectivity alone gives no all-L lower bound,confirmed,experiments/e65_ladder_representation.py;tests/test_ladder_representation.py;results/algebra_growth/ladder_representation.json;proofs/ladder_representation.md,Use the evaluation identity only with a family whose determinant survives
H201,2026-08-13,[COMPUTATION] The AB/BB ladder family remains independent through L=7 under representation evaluation,The existing finite modular ranks should survive an order-free exact operator evaluation,The 2^L coefficient and computational-evaluation Grams have full rank for L=2 through 7,Expand exact bracket vectors and eliminate at two good primes without selecting leading Pauli words,Ranks are 4 8 16 32 64 128 at both primes and exact base Grams are nonzero,Finite ranks do not imply an all-L induction,confirmed_finite,experiments/e65_ladder_representation.py;tests/test_ladder_representation.py;results/algebra_growth/ladder_representation.json;proofs/ladder_representation.md,Do not extrapolate beyond the tested lengths
H202,2026-08-13,[COMPUTATION] The 256-member AB/BB family has exact rational rank 248 at L=8,A first singular Gram gives a decisive negative certificate for this proposed all-L family,A good-prime 248-minor and eight independent characteristic-zero null relations certify rank_Q=248,Compute ranks at good primes reconstruct the nullspace by CRT and verify every integer residual in full Pauli coordinates,Eight primes give rank 248 and the same eight dependency indices; all eight primitive integer residuals vanish exactly,The family loses eight dimensions relative to the required 256,falsified,experiments/e65_ladder_representation.py;tests/test_ladder_representation.py;results/algebra_growth/ladder_representation.json;proofs/ladder_representation.md,Replace the failed family rather than seek another minor of it
H203,2026-08-13,[COMPUTATION] The first AB/BB rank defect is visible in a last-three-rung representation block,A finite boundary transfer state may control independence without global product-lex pivots,Projection to Pauli terms identity on the first L-3 rungs has the same family rank at consecutive L=7 and 8,Project exact vectors to the six-qubit boundary block and eliminate at both primary primes,Boundary ranks equal full ranks 128 at L=7 and 248 at L=8,No proved transfer recurrence follows from two finite lengths,provisionally_supported,experiments/e65_ladder_representation.py;tests/test_ladder_representation.py;results/algebra_growth/ladder_representation.json;proofs/ladder_representation.md,Derive the finite-state boundary transfer map for a replacement word family
H204,2026-08-13,[UNRESOLVED] D_(2L)>=2^L for every open two-leg ladder length L>=2,Rapid finite growth still permits an all-length injection outside the failed AB/BB family,A different depth-at-most-2L family or quotient representation has dimension at least 2^L for every L,Require a rigorous local tensor induction or exact quotient recursion whose base cases and surjectivity are proved,The inequality remains rigorously certified for L=2 through 7 and the full depth space is not tested by the L=8 family relation,The AB/BB family has exact rank 248 below 256 at L=8 so it cannot prove the theorem,unresolved,experiments/e65_ladder_representation.py;tests/test_ladder_representation.py;results/algebra_growth/ladder_representation.json;proofs/ladder_representation.md,Search for eight replacement depth-at-most-16 words and a boundary-state recursion not tied to AB/BB
H215,2026-08-13,[COMPUTATION] The simple-cubic HT free-energy coefficient at v^24 can be computed exactly with local resources,Only the new minimal-span 5x5x5 box exceeds the old transfer guard and it can be treated separately,Produce an exact rational v^24 coefficient while every coefficient through v^22 equals the canonical series,Extract the exact 5x5x5 weight with the cut-capped frontier and inject it into the ordinary exact finite-lattice Moebius inversion,The interaction coefficient is 266958797382 and [v^24] phi=2135670379057/8; all 23 coefficients through v^22 agree exactly,This is one finite series coefficient and does not solve the three-dimensional Ising model,confirmed,experiments/e68_ht_v24.py;results/series/ht_v24.json;proofs/ht_v24.md;tests/test_ht_v24.py,Use v^24 as a strict holdout for finite-prefix structure claims
H216,2026-08-13,[COMPUTATION] The old 242-GB wall is the dense spin-frontier exponent times polynomial degree rather than connectivity states or simultaneous CRT moduli,Auditing the actual allocation distinguishes the causal state explosion from incidental factors,Account exactly for the projected peak and identify every state-space factor,Inspect the CRT broken-bond transfer allocation for the 5x5x5 wall box,The engine allocates three 2^25 by 301 int64 arrays: 242397216768 bytes; it has no connectivity state and processes its five primes sequentially,This diagnoses the tested dense transfer implementation and is not a lower bound for every exact algorithm,confirmed,experiments/e68_ht_v24.py;results/series/ht_v24.json;proofs/ht_v24.md,Apply coefficient-targeted cut constraints before increasing dense cross-section guards
H217,2026-08-13,[THEOREM] Every degree-24 even subgraph with full 5x5x5 bounding box crosses each of its 12 coordinate cuts exactly twice,Each cut has positive even crossing number and the sum of all cut crossings equals the edge count,Prove the exact-two cut condition and recover the ordinary minimal-cube finite-lattice weight on independent smaller cubes,Track frontier parity and ternary cut counters 0 1 2; discard a third crossing and take the full-support square-free logarithm coefficient,The exact 5x5x5 v^24 weight is 8163299968; the same extractor gives 16 9188 and 8655072 for sides 2 3 and 4 matching ordinary FLM,The exact-two reduction is specific to the minimal order 6(side-1) for cubic full-span boxes,confirmed,experiments/e68_ht_v24.py;results/series/ht_v24.json;proofs/ht_v24.md;tests/test_ht_v24.py,Generalize the cut-capped frontier to other minimal-span coefficient extractions
H218,2026-08-13,[THEOREM] Five deterministic 31-bit prime moduli uniquely reconstruct the exact 5x5x5 v^24 finite-lattice weight,A centered CRT residue is exact once the modulus product exceeds twice a proved absolute coefficient bound,Verify primality and coprimality and prove M greater than 2B for the same square-free logarithm coefficient,Bound each active-cut coefficient by C(25 2)^12 and sum the absolute logarithm expansion over ordered set partitions,B=1724666954455386000000000000000000000000 and M=45671921168693645933699105804560590380377589537 exceeds 2B; centered reconstruction gives 8163299968,The bound certifies this finite coefficient only and is deliberately loose,confirmed,experiments/e68_ht_v24.py;results/series/ht_v24.json;proofs/ht_v24.md;tests/test_ht_v24.py,Retain the explicit bound whenever changing the modulus set or state representation
H219,2026-08-13,[COMPUTATION] Cut-capped frontier extraction breaks the v^24 memory wall with bounded local memory and no disk checkpoints,Minimal-order cut constraints replace the 2^25 by 301 dense array with a sparse exact parity frontier,Complete the 5x5x5 extraction below physical memory and independently reproduce a lower-order result,Measure the isolated exact five-prime run and compare side-3 output against the old spin-transfer FLM,The frontier peaks at 1727071 states and 352305152 bytes maximum RSS with zero disk blocks; side 3 independently gives weight 9188 and the full coefficient pipeline passes,RSS is a measurement on the stated workstation rather than an algorithm-independent bound; the full other-box pipeline peaked at 7305396224 bytes,confirmed,experiments/e68_ht_v24.py;results/series/ht_v24.json;proofs/ht_v24.md;tests/test_ht_v24.py,Profile a direct v^26 cut-cap generalization before attempting the next coefficient
H220,2026-08-13,[FALSIFIED] The proposed degree-four spectral relation F is necessary for positive six-mode Gaussian subset-product spectra,A basis-free polynomial identity would avoid eigenvalue ordering and forced-value crossings in the open 2x3 layer,"Every valid positive six-mode Gaussian control must make F vanish; for r_1=...=r_6=1 the attempted variables are (64,1,64,1)",Substitute the all-unit six-mode control into the explicit candidate over ZZ,The candidate arose from an exact but only three-generator elimination attempt,"Exact substitution gives F(64,1,64,1)=64(64-8)(64-1)(64+1)=14676480 != 0",falsified,experiments/e69_spectral_polynomial.py;results/spectral/polynomial_identity.json;proofs/spectral_polynomial.md;tests/test_spectral_polynomial.py,Never use this candidate as a 2x3 obstruction; retain the counterexample as a regression gate
H221,2026-08-13,[FALSIFIED] The proposed single-mode norm factors correctly encode squared normalized traces,Correct Chebyshev factors are required before any generator elimination can be a necessary Gaussian identity,For z=r+r^-1+2 the squared centered factor at k=2 must equal g2(z)=(z-2)^2,Expand (r+r^-1)^2 after substituting z=r+r^-1+2 and compare over ZZ,The unsquared factor z-2 resembles the usual centered Chebyshev expression,The exact discrepancy (z-2)^2-(z-2)=z^2-5z+6 is nonzero,falsified,experiments/e69_spectral_polynomial.py;results/spectral/polynomial_identity.json;proofs/spectral_polynomial.md;tests/test_spectral_polynomial.py,Build future norm equations from g_k=r^k+r^-k+2 using the exact recurrence
H222,2026-08-13,[COMPUTATION] The all-unit positive six-mode Gaussian control falsifies both attempted normalizations,A decisive control should reject an invalid identity before expensive 2x3 trace interpolation or Sturm work,For r_i=1 all centered traces S_k equal 64 and all genuine squared norm invariants Q_k equal 4096,"Evaluate the stored candidate exactly at both (64,1,64,1) and (4096,4096,4096,4096)",Exact residuals are respectively 14676480 and -280788234870780,This control says nothing about whether the actual 2x3 layer is Gaussian,confirmed,experiments/e69_spectral_polynomial.py;results/spectral/polynomial_identity.json;tests/test_spectral_polynomial.py,Run this control before accepting any future six-mode spectral identity
H223,2026-08-13,[UNRESOLVED] Correct six-generator elimination may yield a polynomial obstruction for the rational open 2x3 layer,The sound normalized traces S_k=Tr(V^k)/det(V)^(k/64) are basis-free and insensitive to crossings,"Use a degree-six polynomial E(z)=prod_i(z-z_i), the correct Chebyshev norms g_k, and at least seven equations to eliminate all six elementary generators",Derive the seven exact norm equations and complete elimination with a check on arbitrary positive six-mode controls,The parameter count supplies one expected algebraic relation and the normalized-trace product formula is exact,The required six-generator elimination was not completed; the three-generator shortcut and its claimed obstruction are invalid,unresolved,experiments/e69_spectral_polynomial.py;results/spectral/polynomial_identity.json;proofs/spectral_polynomial.md,Attempt a genuine six-variable quotient-ring norm or resultant computation and validate it on symbolic six-mode controls before applying layer traces
H224,2026-08-13,[COMPUTATION] The standalone spectral-polynomial regression independently catches the invalid generalization,Small exact controls prevent a false low-mode identity from becoming a continuum theorem,"A correct one-mode relation Q2-(Q1-2)^2 vanishes at r=4,9,25 while the proposed six-mode candidate fails the all-unit control",Independently derive the one-mode resultant and reevaluate both stored six-mode residuals without importing the experiment,All independent exact checks pass and the artifact contains no obstruction or Sturm headline fields,The regression validates falsification only and supplies no 2x3 no-go,confirmed,tests/test_spectral_polynomial.py;results/spectral/polynomial_identity.json,Keep this standalone test as a mandatory gate for any repaired six-mode elimination
H255,2026-08-13,[THEOREM] The finite open 2x4 Ising Lie algebra has exact Q dimension 2952 and derived dimension 2951,Complete characteristic-zero structure needs matching bounds in one faithful representation,2952 full words and 2951 derived words have nonzero good-prime minors with matching exact-Q upper containers,Replay canonical raw Pauli trees and exact-Q linked sector bounds,Clean-room ranks are 2952 and 2951 at p=2147483647 with upper bounds 2952 and 2951,None,confirmed,experiments/e76_char0_complete_2x4.py;results/algebra_structure/char0_complete_2x4.json;tests/test_char0_complete_2x4_independent.py;proofs/char0_complete_2x4.md,Retain the clean-room tree and container gate
H256,2026-08-13,[THEOREM] Exact-Q sector images have absolute D21 on 000 and B13 on 010/100/110 with certified rational orthogonal forms and no splitness claim,Invariant forms plus exact image dimensions identify orthogonal Q-forms without a split-form overclaim,Kernel dimensions 2/1/1/1 and active dimensions 42/27/27/27 with image ranks 861/351/351/351,Rebuild Gram splittings and invariant forms then replay raw-word minors at p=65521,All forms and splittings rebuild exactly and all selected determinants are nonzero,Split Q-isomorphism is intentionally not claimed,confirmed,experiments/e76_char0_complete_2x4.py;results/algebra_structure/char0_complete_2x4.json;tests/test_char0_complete_2x4_independent.py;proofs/char0_complete_2x4.md,Describe these factors as rational forms of absolute type
H257,2026-08-13,[THEOREM] The Levi absolute type is D21+2B13+A23+A27+2A3 with dimension 2951 and rank 103,Projectors and intertwiners determine repeated factors while joint word minors exclude extra diagonal linkages,Sector ranks 861/606/351/799/351/799/351/606 and joint ranks 702/351/606/799/1389,Reconstruct projectors and intertwiners then eliminate all eight image and five linkage minors,Clean-room exact-Q reconstruction and all thirteen selected-minor eliminations pass,None,confirmed,experiments/e76_char0_complete_2x4.py;results/algebra_structure/char0_complete_2x4.json;tests/test_char0_complete_2x4_independent.py;proofs/char0_complete_2x4.md,Use the complete factor list in integration
H258,2026-08-13,[THEOREM] The radical equals the one-dimensional centre and the exact Q Killing rank is 2951 with nullity one,A faithful semisimple factor map with central kernel makes the algebra reductive and determines Killing rank structurally,Global z commutes with A/B and B-z lies in the 2951-dimensional derived image so the factor-map kernel is Qz,Reconstruct z from trace projectors and verify derived membership by exact containment and equal dimension,Clean-room verifies z=(1/8)z_integer and B-z belongs to g prime equals S,[UNRESOLVED] No direct adjoint-trace matrix or original-word-basis Killing minor,confirmed,experiments/e76_char0_complete_2x4.py;results/algebra_structure/char0_complete_2x4.json;tests/test_char0_complete_2x4_independent.py;proofs/char0_complete_2x4.md,Keep structural and direct-adjoint Killing claims distinct
H259,2026-08-13,[COMPUTATION] A clean-room verifier certifies every recipe/pivot/sector/linkage/central-kernel step without experiment imports,Producer-coupled checks can share implementation errors so publication needs an independent verifier,Mutation of any stored recipe/pivot/linkage/container field/global central witness causes failure,Run the independent standalone verifier,It reconstructs from raw formulas and stable Pauli support APIs and ended PASS in 364.427 seconds,Direct dense adjoints remain a resource wall,confirmed,tests/test_char0_complete_2x4_independent.py;results/algebra_structure/char0_complete_2x4.json;proofs/char0_complete_2x4.md,Retain as publication regression gate
H205,2026-08-13,[COMPUTATION] Twenty exact open-box Simon-Lieb certificates fix the completed cross-section<=16 family frontier,Larger exact finite sets might push the certified lower bound past the c_36 incumbent,Each shape has a modest-denominator safe point with exact integer sign tQ-P<0 and a directed-rounded endpoint,Evaluate the exact rational criterion at fixed benchmark-free size-ordered shapes through 4x4x24,Best completed endpoint is atanh(2023/10000)>=0.2051295405318898002935737421801965685413,The family is finite and says nothing about wider cross-sections or refined criteria,confirmed_finite,experiments/e66_simon_lieb_next.py;results/bounds/simon_lieb_next.json;proofs/simon_lieb_next.md;tests/test_simon_lieb_next.py,Only a wider exact transfer or a refined criterion can continue this route
H206,2026-08-13,[COMPUTATION] The challenge point t=23/110 beyond the incumbent is exactly rejected by every tested shape,A single certified shape at that point would strictly improve the interval lower endpoint,phi_S(23/110)>=1 as an exact integer sign on all twenty shapes,Evaluate the exact integer tQ-P at 23/110 on every shape and fingerprint the integers,All twenty challenge residuals are nonnegative; four were independently recomputed by the standalone test,Rejection at one rational point does not preclude other points below atanh-inverse of the frontier,confirmed,experiments/e66_simon_lieb_next.py;results/bounds/simon_lieb_next.json;proofs/simon_lieb_next.md;tests/test_simon_lieb_next.py,Treat 23/110 as the canonical challenge for any future Simon-Lieb refinement
H207,2026-08-13,[UNRESOLVED] The scalar Simon-Lieb route with cross-section<=16 boxes improves the certified K_c lower bound,The route is exact and already audited so only its finite reach was in question,An improvement requires some finite set certifying a point above 0.2122119011661678393310862783954278184914,Complete the exact family and compare directed-rounded endpoints against the incumbent,The completed family tops out at 0.2051295405318898 and the incumbent stands unchanged,Failure of this family is not a global no-go for diamonds cylinders or vector criteria,falsified,experiments/e66_simon_lieb_next.py;results/bounds/simon_lieb_next.json;proofs/simon_lieb_next.md;tests/test_simon_lieb_next.py,Route future lower-bound effort to wider transfers or genuinely refined finite-set criteria
H208,2026-08-13,[COMPUTATION] Complete spin enumeration and parity transfer agree on the 2x2x2 criterion polynomials,Two independent exact routes must agree before any larger-shape sign is trusted,The enumerated integer P and Q coefficient vectors reproduce the transfer values at t=1/5,Enumerate all spin configurations then evaluate the scaled polynomials and compare with the transfer stream,Exact agreement on both polynomials and on the 2x3x2 residual-stream control at t=2/9,This is a control identity not a new bound,confirmed,experiments/e66_simon_lieb_next.py;results/bounds/simon_lieb_next.json;tests/test_simon_lieb_next.py,Keep both routes as the standing control pair for criterion evaluations
H209,2026-08-13,[COMPUTATION] The producing agent died on provider quota and the front was completed by the lead session,An abandoned near-complete front must be finished and verified rather than dropped or overstated,The artifact reruns cleanly; a standalone library-only verifier recomputes signs fingerprints and decimals,Rerun the experiment then write and run an independent verifier from the stored artifact,Experiment PASS in 161 s; standalone test PASS with four recomputed sign certificates,An earlier in-flight run appeared to improve the bound but exited nonzero and was superseded,confirmed,experiments/e66_simon_lieb_next.py;results/bounds/simon_lieb_next.json;proofs/simon_lieb_next.md;tests/test_simon_lieb_next.py,Record agent-death salvage explicitly so provenance stays honest
H280,2026-08-15,[COMPUTATION] Independent open-slab even-subgraph FLM determines c6_w residual through v^12,"Removes the prior single-route caveat at v^8,v^10,v^12 without generated cumulants",[w^6]log P=2v^2+138v^4+13682/3 v^6+109718v^8+2061698v^10+32654478v^12+O(v^14),Independently invert all open boxes with in-plane span <=6 and heights <=4,Exact coefficientwise agreement with results/interlayer/c6_series.json at v^0..v^12; clean-room verifier passes,None in the certified prefix,confirmed,experiments/e84_interlayer_closed.py;results/interlayer/closed_form.json;tests/test_interlayer_closed.py,Retain the independent route as the c6 v^12 regression certificate
H281,2026-08-15,[LEMMA] c6_w FLM support is finite through v^12,Even cut parity bounds vertical extent and coordinate-cut parity bounds planar span,All omitted [v^<=12 w^6] box weights vanish exactly when height>4 or (a-1)+(b-1)>6,Prove each used vertical gap has at least two edges and each crossed planar cut at least two in-plane edges,Formal cut-parity proof plus exact 112-box inversion and height split,No claim beyond w^6 or v^12,confirmed,proofs/interlayer_closed.md;results/interlayer/closed_form.json,Use the bound pattern when extending higher w orders
H282,2026-08-15,[THEOREM] c4_q has a closed expression in 2D G and connected U4,The two allowed fourth-order layer-gap cumulants can be algebraically combined after decomposing M4 into its three pair channels and U4,c4_q=1/24 sum U4^2+1/2 sum G_0r G_st U4+3/4 sum G_0r G_st G_0s G_rt,Verify the finite-volume identity from the complete fourth cumulant partition formula,Exact algebra on every finite FLM rectangle; independent clean-room reconstruction passes,Infinite-volume sums are only coefficientwise formal without a convergence proof,confirmed,proofs/interlayer_closed.md;experiments/e84_interlayer_closed.py;results/interlayer/closed_form.json,Seek analytic simplifications of the U4 contractions only if independently motivated
H283,2026-08-15,[COMPUTATION] The c4 G/U4 form reproduces the certified v^12 series,"Exact 2D boundary transfer supplies all finite G,M4,U4 data and planar FLM extracts bulk coefficients","c4_q=(-1/12,0,2/3,0,51,0,2914/3,0,41113/3,0,481894/3,0,1679961); c4_w total=(1/4,0,2,0,63,0,1050,0,14223,0,163950,0,1700893)",Compare all coefficient vectors with the stored c4 primary artifact,All 13 coefficients and each of three closed-form contraction series agree exactly; standalone test passes,None in the certified prefix,confirmed,results/interlayer/closed_form.json;tests/test_interlayer_closed.py,Keep the U4/G term split as a regression certificate
H284,2026-08-15,[UNRESOLVED] Formal interlayer identities do not establish convergence or critical behavior,Finite high-temperature coefficients and finite-support FLM do not control the infinite series at nonzero coupling,"No radius of convergence, critical-coupling evaluation, or 3D solution follows",Would require independent analytic convergence bounds or a nonperturbative representation,No such bound is supplied by the exact c4/c6 certificates,The present results are finite-order formal identities only,unresolved,proofs/interlayer_closed.md;results/interlayer/closed_form.json,Do not infer values at K_c; pursue only separately certified convergence work
H260,2026-08-15,[THEOREM] The stated branch-11111 42-constraint catalogue has no rational Nullstellensatz certificate with multiplier degree at most two,A constant ideal certificate would decide finite-catalogue emptiness; exact degree-two Macaulay elimination tests the next untried bound,Q column rank 7365 among 7371 columns; six exact syzygies; constant target outside the span,"Rebuild the 42 exact equations, 21-basis degree-two columns, and Fraction-reduce target 1","Fraction elimination gives rank 7365, six stored syzygies, and residual 1",This is limited to multiplier degree<=2 and the finite catalogue,confirmed,experiments/e80_kw_branch11111.py;results/kac_ward/branch11111.json;tests/test_kw_branch11111.py;proofs/kw_branch11111.md,Try a higher-degree exact certificate only with a bounded sparse strategy
H261,2026-08-15,[COMPUTATION] The thin primary radical admits explicit 16-dimensional Laurent torus coordinates and leaves six independent 3D numerator constraints,The prime thin radical can remove nine coordinates before attacking genuinely three-dimensional equations,All 27 primary thin rows vanish after substitution; 15 3D rows reduce to 10 nonzero cleared numerators of Q-rank 6,Substitute the nine exact radical binomials and rebuild every finite-box equation over QQ,The substitutions and every stored support hash are independently rederived,No univariate or zero-dimensional elimination consequence was obtained,confirmed,experiments/e80_kw_branch11111.py;results/kac_ward/branch11111.json;tests/test_kw_branch11111.py;proofs/kw_branch11111.md,Seek a justified extra relation or a bounded elimination on the six torus numerators
H262,2026-08-15,[COMPUTATION] A reversal-conjugate Q(i) mu_4 branch-11111 candidate satisfying the thin holonomies passes the construction equations,Conditional reversal conjugation plus fourth-root phases gives a finite exact complex chart where candidates can be exhausted,Among 4^11 raw phase assignments and all 65536 thin-radical solutions at least one passes all 42 construction equations,Enumerate the exact Z/4Z congruence chart and evaluate Gaussian-integer residuals,All 65536 radical solutions were evaluated exactly,Zero construction-passing candidates; this does not cover general reversal-conjugate complex weights,falsified,experiments/e80_kw_branch11111.py;results/kac_ward/branch11111.json;tests/test_kw_branch11111.py;proofs/kw_branch11111.md,Broaden only to another explicitly bounded algebraic phase chart or derive a general relation
H263,2026-08-15,[UNRESOLVED] Branch 11111 is empty over Q or C,The last generic gauge-tree branch would be closed by a characteristic-zero Nullstellensatz certificate or an exact surviving point,A full ideal certificate or a candidate passing construction and 3x3x3 holdout,Extend an exact certificate search or construct and holdout-test an algebraic point,Degree<=2 is absent; torus reduction and finite Q(i) slice are exhausted,No all-degree certificate and no general Q/C point classification,unresolved,experiments/e80_kw_branch11111.py;results/kac_ward/branch11111.json;tests/test_kw_branch11111.py;proofs/kw_branch11111.md,Retain unresolved status unless a full certificate or holdout-passing exact candidate is obtained
H264,2026-08-15,"[LEMMA] On the thin torus, reversal conjugation forces Re(H_xy)=Re(H_xz)=Re(H_yz)=-1",The six oriented thin plaquette relations are H=-1 and reversal pairs them by conjugation,The oriented holonomy sum is -6 and each of the three representative real parts is -1,Rebuild the nine radical binomials and pair orientations under reversal,Exact Laurent substitution and the finite Q(i) scan verify all six oriented products are -1,This is conditional on reversal conjugation and does not impose it on the full 30-weight ansatz,confirmed,experiments/e80_kw_branch11111.py;results/kac_ward/branch11111.json;tests/test_kw_branch11111.py;proofs/kw_branch11111.md,Use only as a scoped constraint on explicitly reversal-conjugate charts
H275,2026-08-15,[THEOREM] The fixed-order one-line-cabled 16x16 Ising RLLL system has rank 256 over Q(q),A nonzero polynomial full minor excludes a generic cabled auxiliary R even before its root locus is factored,rank_Q(q)=256 and generic nullity=0,Rebuild the stored p=101 and p=103 sector row minors at q=2 and verify rank 128 in both parity sectors,Both primes give rank 128 plus 128 and the off-sector blocks vanish exactly,"The determinant polynomials are not factored, so specialization exceptions remain unidentified",proved_generic,experiments/e83_tetra16.py;tests/test_tetra16.py;results/integrability/tetra16.json;proofs/tetra16.md,Factor complementary symbolic minors or derive a Bezout identity
H276,2026-08-15,[COMPUTATION] The cabled 16x16 system has exact rank 256 at q=1/4,The physical rational control tests the cabled ansatz without a numerical approximation,Both 128x128 sector minors are nonzero and the full nullity is zero,Reconstruct both scaled integer minors and factor their determinants,Preserving determinant factors are 2^1346 3^290 5^274 17^2 1801; reversing factors are 2^1332 3^290 5^272 11 17^2 463 4373,One rational point cannot identify the full exceptional locus,confirmed_finite,experiments/e83_tetra16.py;tests/test_tetra16.py;results/integrability/tetra16.json,Use symbolic or complementary-minor work to localize exceptions
H277,2026-08-15,[COMPUTATION] The cabled 16x16 system has exact rank 256 at q=1/3,A second exact ferromagnetic rational control guards against a q=1/4-specific pivot artifact,Both 128x128 sector minors are nonzero and the full nullity is zero,Reconstruct both scaled integer minors and factor their determinants,Preserving factors are 2^854 3^668 5^2 37; reversing factors are 2^859 3^665 5^2,One rational point family is not an all-parameter certificate,confirmed_finite,experiments/e83_tetra16.py;tests/test_tetra16.py;results/integrability/tetra16.json,Use symbolic or complementary-minor work to localize exceptions
H278,2026-08-15,[COMPUTATION] The cabled 16x16 system has exact rank 256 at q=2/5,A third exact ferromagnetic rational control independently tests the fixed cabled row-minor certificate,Both 128x128 sector minors are nonzero and the full nullity is zero,Reconstruct both scaled integer minors and factor their determinants,Preserving factors are 2^306 3^290 5^668 7^274 13 29^2 367; reversing factors are 2^292 3^290 5^664 7^272 29^2 31 53 18911 20611,Finite rational checks do not factor the all-q determinant roots,confirmed_finite,experiments/e83_tetra16.py;tests/test_tetra16.py;results/integrability/tetra16.json,Seek a factored Z[q] determinant or a second complementary minor
H279,2026-08-15,[UNRESOLVED] The all-specialization exceptional set for the cabled 16x16 RLLL system is not yet factored,A generic Q(q) rank theorem needs explicit determinant factors or a Bezout identity to classify individual algebraic specializations,Two symbolic 128x128 sector determinants should be computed and factored or complemented by minors with coprime residual factors,Run fraction-free Z[q] determinants on the stored sparse-derived sector minors under a recorded hard wall,Generic rank is proved and three rational full-rank certificates pass,Both 128x128 symbolic determinants timed out at 120.005033 and 120.005257 seconds; total 240.158974 seconds and peak RSS 157990912 bytes,unresolved,experiments/e83_tetra16.py;results/integrability/tetra16.json;proofs/tetra16.md,Exploit rank-16 product factorizations or find lower-complexity complementary minors with an exact Bezout certificate
H265,2026-08-15,[LEMMA] Every positive six-mode Gaussian subset-product spectrum satisfies the multiplicity-safe forced relation f=lambda_1 lambda_2/lambda_0 in its spectrum.,"The lowest three ordered eigenvalues may have repeated one-mode factors, so the forced relation must not rely on distinctness.","For sorted eigenvalues counted with multiplicity, f is a subset product even when the smallest factors coincide.",Prove the subset-product ordering case split and check an exact degenerate two-mode spectrum.,"The exact control {1,A,B,AB} with A=1+t^2 and B=A^3 has f=AB exactly; the proof note gives the general multiplicity-safe argument.",It makes no assertion for spectra outside the positive six-mode Gaussian subset-product class.,confirmed,experiments/e81_spectral_interval2.py;results/spectral/interval2.json;proofs/spectral_interval2.md;tests/test_spectral_interval2.py,Use this necessary condition without adding distinctness hypotheses to later spectral obstructions.
H266,2026-08-15,[FALSIFIED] The open-2x3 forced value is absent on every connected interval through the scanned crossing region.,"If absence held throughout such an interval, the exact count of layer eigenvalues below the continuous forced value could not change.",The c-count is constant across any interval with no equality f(t)=mu_j(t).,Rebuild rational forced-value enclosures at the two endpoints of each bracket and compare exact inertia counts.,"Four disjoint width-1/16777216000 brackets have exact c-count jumps 4->5, 5->6, 6->7, and 7->8; continuity yields an attained real algebraic parameter in every bracket.",The certificates do not identify a unique root or rule out additional tangential crossings.,falsified,experiments/e81_spectral_interval2.py;results/spectral/interval2.json;proofs/spectral_interval2.md;tests/test_spectral_interval2.py,Treat the four localizing brackets as genuine obstruction points rather than failures of interval propagation.
H267,2026-08-15,[THEOREM] Forced-value absence holds on three exact closed rational open-2x3 intervals.,"Outside an attained forced value, exact eigenvalue enclosures plus Weyl/inertia propagation can certify the required necessary-condition failure on a continuum interval.","Absence holds on [524287/2097152,524289/2097152], [50331643/167772160,50331653/167772160], and [8388605/25165824,8388611/25165824].","Independently rebuild M(t), exact endpoint low-eigenvalue enclosures, and full-matrix inertia for each interval.","All three intervals pass exact rational Weyl/inertia certificates; the first has width 1/1048576, greater than the prior maximum component width 1/50000000.",These three intervals do not cover the regions between them or any crossing parameter.,confirmed,experiments/e81_spectral_interval2.py;results/spectral/interval2.json;proofs/spectral_interval2.md;tests/test_spectral_interval2.py,Use only the listed intervals as continuum forced-value-absence certificates.
H268,2026-08-15,"[LEMMA] The actual open n=4 Ising-chain transfer family is Gaussian for every t in (0,1), and the forced-value machinery does not falsely reject it.",A genuine free-fermion control is needed to distinguish a sound forced-value absence criterion from a universal artifact.,P_t D_t P_t is a product of exponentials of Majorana bilinears and its forced value is present throughout the control family.,Verify the Jordan-Wigner bilinear identities and exact occupied forced windows at representative rational t.,"The all-t Majorana factorization is recorded; exact window checks at 1/5, 1/3, and 1/2 remain occupied.",A one-dimensional free-fermion control does not imply Gaussianity of the open 2x3 layer.,confirmed,experiments/e81_spectral_interval2.py;results/spectral/interval2.json;proofs/spectral_interval2.md;tests/test_spectral_interval2.py,Retain this control whenever the forced-value interval machinery changes.
H269,2026-08-15,[UNRESOLVED] The four c-jump brackets are the unique and exhaustive open-2x3 forced-value crossings in the target range.,A maximal punctured-interval statement would require both root isolation and exclusion of crossings that do not change c(t).,"Each bracket contains exactly one root with a recorded minimal polynomial, and no additional roots occur in the target range.",Compute sector characteristic/resultant conditions and certify root counts by Sturm sequences over Q[t].,Four transverse c-count changes are rigorously localized.,No resultant/minimal-polynomial certificate or no-tangency/exhaustiveness proof has been constructed.,unresolved,experiments/e81_spectral_interval2.py;results/spectral/interval2.json;proofs/spectral_interval2.md;tests/test_spectral_interval2.py,Derive sectorwise elimination polynomials and Sturm certificates only if uniqueness or exhaustive classification is needed.
H300,2026-08-15,Open 5x4x4 and 5x5x4 Lee--Yang field polynomials are exactly reachable at x=2/3 and 7/10,Extend finite isotropic-coupling data beyond 4-cubes without a 2^25-state cube transfer,"Palindromic exact A_k; Q has 40 or 50 simple roots in (-1,1); first angles have rational certificates",CRT graded transfer plus Sturm isolation and independent z=1 scalar transfer,58 e88 checks pass; 3^3 brute-force and frozen 4^3 coefficient controls pass,"These are anisotropic boxes, not the 5^3 cube",confirmed_finite_boxes,experiments/e88_lee_yang_zeros.py;results/lee_yang/zeros_l5.json;tests/test_lee_yang_zeros.py,Seek a memory-reduced exact 5^3 transfer or a separate cube correction bound
H301,2026-08-15,The new finite-box field zeros are all on the unit circle,A complete real-root count of the circle restriction accounts for every field root,"For N=80 and N=100, Q has respectively 40 and 50 simple roots in (-1,1), yielding all P roots on |z|=1",Rebuild Q from A_k and count/isolate roots over ZZ,Exact Sturm counts and rational cosine enclosures; clean-room verifier reruns headline counts,Finite computation gives no all-size Lee--Yang theorem,confirmed_finite_boxes,results/lee_yang/zeros_l5.json;proofs/lee_yang_zeros.md;tests/test_lee_yang_zeros.py,Reuse the certificate machinery if a 5^3 polynomial becomes available
H302,2026-08-15,A fourth exact slab point may exclude one wave-8 analytic-correction power,Test whether the three-size p=2 versus p=4 ambiguity survives four exact data,At fixed edge 1/50 the DD3 condition must fail or hold exactly; with free edge discriminant boxes decide admissibility,Exact Fraction divided-difference and quadratic-discriminant check on L=2..5 slabs,Fixed-edge class is excluded in all eight slab/power cases; free-edge p=2 and p=4 are both admissible,Slab geometry does not identify isotropic-cube sigma,continued_degeneracy,results/lee_yang/zeros_l5.json;proofs/lee_yang_zeros.md,Apply the same four-point test to an exact isotropic L=5 cube if obtained
H303,2026-08-15,The current exact layer-transfer path cannot responsibly materialize the 5x5x5 field polynomial on the shared host,Quantify the real obstruction rather than substitute non-exact roots,2^25 state rows and 63 retained grades require 15.75 GiB per buffer; x=2/3 needs 21 CRT primes and x=7/10 at least 38,Measured single-prime 5x4 transfer rate extrapolated with exact coefficient bounds,10.94-second measured pass; 3.1597 h and 5.7175 h truncated lower estimates; 32 stored primes insufficient for x=7/10,A different algorithm or less-contended larger-memory host could change the wall,unresolved_resource_wall,results/lee_yang/zeros_l5.json;proofs/lee_yang_zeros.md,Develop a rigorously validated compressed/streamed transfer before attempting 5^3
H304,2026-08-15,The frozen 2D-calibrated isotropic PRG remains non-instantiable after this box extension,Protocol integrity forbids shortening or retuning its required L=4..15 raw cube sequence,No sigma verdict is valid without exact isotropic L=5 and subsequent required sizes,Check exact isotropic-size availability against the frozen protocol,"Only exact cubes L=2,3,4 are available; e88 intentionally leaves protocol false",Exact anisotropic box data do not supply the required isotropic sequence,unresolved,proofs/lee_yang_prg.md;results/lee_yang/zeros_l5.json;proofs/lee_yang_zeros.md,Obtain exact isotropic cubes or an independently proved correction-amplitude restriction
H305,2026-08-15,The open 2x6 Ising-ladder joint commutant has exact dimension 71.,"The prior C2^3 Hom-block certificate left the rigorous interval [57,71].",The exact 8-by-8 Hom table sums to 71.,Two-prime modular Hom RREF plus common-anchor rational reconstruction and exact substitution.,All 36 upper-triangle blocks have matching prime ranks and independent exact rational kernel bases; clean-room rebuild also sums to 71.,None in the finite 2x6 certificate.,confirmed,experiments/e89_commutant_2x6.py;results/integrability/commutant_2x6.json;tests/test_commutant_2x6.py;proofs/commutant_2x6.md,Treat 71 as a finite result only; do not extrapolate in L.
H306,2026-08-15,The prior F_1000000007 2x6 Hom table is characteristic-zero exact rather than merely an upper-bound scout.,Modular ranks alone cannot establish equality over Q.,Every modular nullity lifts to an equally large exact rational kernel in the same Hom block.,CRT-reconstruct anchored rational nullspace vectors and substitute them into all integer equations.,Every reconstructed basis passed exact substitution; the modular lower-rank and exact-kernel upper-rank inequalities meet blockwise.,None; prime agreement was retained only as a cross-check.,confirmed,experiments/e89_commutant_2x6.py;results/integrability/commutant_2x6.json;tests/test_commutant_2x6.py,Reuse this same-basis closure pattern for later finite Hom computations.
H307,2026-08-15,The exact common-zero space of the open 2x6 ladder has dimension seven and contributes an M_7(C) commutant block.,"A and B vanish on their common kernel, making all its endomorphisms commute.","Character dimensions are (1,0,2,0,2,0,2,0), total 7; its End algebra has dimension 49.",Exact Fraction elimination restricted to B=0 orbit coordinates followed by A-kernel substitution.,Exact sector kernels give the stated vector and W is reducing by Hermiticity; subtracting ww^T from the Hom table is nonnegative and exact.,None in the finite calculation.,confirmed,experiments/e89_commutant_2x6.py;results/integrability/commutant_2x6.json;proofs/commutant_2x6.md,Separate this zero-mode mechanism from any claim about local conserved charges.
H308,2026-08-15,"After removing the common-zero M_7(C) block, exact Hom intertwiners force the complex type M_2(C)^2 direct-sum C^14.",Residual diagonal dimensions 2 or 3 and cross-Hom dimensions 0 or 1 determine multiplicity components of the semisimple complex commutant.,The full complex type is M_7(C) direct-sum M_2(C)^2 direct-sum C^14 with centre dimension 17.,Subtract ww^T from the exact Hom table and apply the finite Hermitian-pair semisimplicity/intertwiner argument.,"Residual subtables [[2,1],[1,2]] and [[1,1],[1,1]] give the two M_2(C) factors; four isolated dimension-three blocks give C^12.",No split over Q is asserted here.,confirmed,results/integrability/commutant_2x6.json;proofs/commutant_2x6.md;tests/test_commutant_2x6.py,"If a rational Wedderburn split is needed, certify rational primitive projectors separately."
H309,2026-08-15,Finite 2x6 commutant structure implies an all-L local conserved charge or integrability statement.,Finite matrix symmetries can be mistaken for extensive charges.,An all-L claim would require a bounded-range density or an induction/recurrence certificate across ladder lengths.,Construct and exactly verify a translation-sum bounded-range charge or an all-L recurrence.,None beyond finite-layer module symmetries.,The exact result is only finite; tested split types vary with L and no locality or induction certificate exists.,unresolved,proofs/commutant_2x6.md;proofs/commutant_family.md,Keep the finite theorem separate from integrability and 3D-Ising claims.
H290,2026-08-15,FLM order-26 contributing classes are exactly the canonical boxes with a+b+c<=16; the 21 classes with a+b+c=16 contribute minimal-span weights with all 13 cuts crossed twice,Every box edge crosses exactly one coordinate cut and even subgraphs cross each cut evenly; hence the order bound 2*sum(side_i-1)<=truncation_order,Zero degree-26 weights for a+b+c>16; nonzero minimal-span weights for most of the 21 sum-16 classes,Compare frontier minimal-span weights with unchanged engine+Moebius weights at degree 26,19 of 19 non-walled sum-16 classes agree; full class list enumerated in artifact,None,confirmed,experiments/e86_ht_v26.py;results/series/ht_v26.json;proofs/ht_v26.md,Reuse the lemma at order 28
H291,2026-08-15,Box-general cut-capped parity frontier extracts the minimal-span weights of the walled cross-section 25/24 boxes 6x5x5 and 6x6x4 at v^26,Cut-capping at two is exact because 13 positive even cut totals sum to 26; the pending parity register generalizes to width b*c,W(6x5x5)=66848887584 and W(6x6x4)=37481891632 with six-prime CRT uniqueness,19-of-19 battery agreement plus a second sweep direction 5x6x5 reproducing W(6x5x5),Alt sweep peaked at 6052835 states and returned identical 66848887584,None,confirmed,experiments/e86_ht_v26.py;results/series/ht_v26.json,Extend to the v^28 walled classes
H292,2026-08-15,Square-free cut-variable logarithms undercount non-minimal four-crossing weights; the ordinary half-crossing mixed-radix logarithm is exact,A cut crossed four times can split 2+2 across two logarithm factors which square-free monomials collapse,3x3x3 degree-14 gives 6*c4=35112; 4x4x4 degree-20 gives 6*c_edge+3*c_middle=159872736; 5x5x5 degree-26 weight is 310476131424,Lower-order four-crossing controls against the independent spin-transfer FLM,35112 and 159872736 match FLM exactly; middle-orbit coefficients equal across axes,Square-free route returned wrong 103032 at degree 14,confirmed,experiments/e86_ht_v26.py;tests/test_ht_v26.py;proofs/ht_v26.md,Generalize exponents to radix 4 for v^28 profiles
H293,2026-08-15,Exact simple-cubic HT series extends to [v^26] phi=115377512914251/26 with interaction coefficient 4437596650548,Injecting only the three certified walled weights into the unchanged FLM inversion leaves all lower coefficients fixed,v^0..v^24 prefix unchanged; v^25=0; v^26 denominator 26,Full run with prefix control against ht_v24.json and external Table I,Prefix exact; Arisue-Fujiwara Table I (arXiv:hep-lat/0209002; PDF sha256 recorded in artifact) agrees on all entries v^2..v^26,None,confirmed,results/series/ht_v26.json;proofs/ht_v26.md,Target v^28=525549581866326/7 and v^30=6448284363491202/5
H294,2026-08-15,Six 31-bit CRT primes with O_13-based labelled-slot bounds certify uniqueness of every v^26 frontier weight,Bounds O_13*prod_c C(E_c;2) at minimal span and O_13*C(25;4)^2*C(25;2)^11 per four-crossing coefficient,Modulus product exceeds twice every bound and every weight lies within its bound,Recompute bounds and residues independently in the standalone test,M=98079699360994458463449574431304277015588525938982026813 exceeds twice all rebuilt bounds,None,confirmed,experiments/e86_ht_v26.py;tests/test_ht_v26.py;results/series/ht_v26.json,Derive tighter bounds to shrink the prime count at v^28
H285,2026-08-15,[COMPUTATION] The fixed Simon--Lieb prism family with 18- and 20-site cross-sections improves the incumbent lower endpoint.,Cross-sections beyond the prior <=16-site audit could sharpen the exact finite-set contraction.,At least one exact t>=23/110 has tQ_B-P_B<0.,Run e85 and independently recompute all four safe and challenge residual signs.,All four rational safe points have negative exact residuals; transfer/enumeration controls pass.,At t=23/110 every challenge residual is positive; best safe point 2039/10000 obeys 2039^36*c_36<10000^36.,falsified,experiments/e85_kc_interval2.py;results/bounds/kc_interval2.json;tests/test_kc_interval2.py;proofs/kc_interval2.md,Try a predeclared family with materially larger cross-sections or a sharper non-scalar contraction.
H286,2026-08-15,"[LEMMA] The finite L=4,6 infrared/GKS constraint system yields exact positive zero-mode LP floors.",Finite exact real-space positivity and energy constraints can improve the naive all-ceiling infrared estimate.,Exact Fraction primal and dual LP certificates agree and give the recorded positive floors at every listed K.,Rebuild torus mode orbits and verify primal-dual feasibility and equality over Fraction.,"At L=6,K=1/5 the LP floor is 253/15552>0 while the naive all-ceiling value is -91999/1197504.",The statement is finite-volume only and does not imply a thermodynamic magnetization floor.,confirmed_finite,experiments/e85_kc_interval2.py;results/bounds/kc_interval2.json;tests/test_kc_interval2.py;proofs/kc_interval2.md,Extend exact finite-volume certificates only alongside a candidate uniform-in-L mechanism.
H287,2026-08-15,[UNRESOLVED] Finite-volume LP floors can be promoted to a uniform-in-L magnetization floor below I3/2.,Such a uniform floor is the missing implication from finite constraints to thermodynamic order.,"There exist K<I3/2,m>0,L0 with M_L(K)^2>=m for every even L>=L0.",Prove the quantified uniform statement or a finite-checkable lemma implying it.,"Positive exact floors occur at L=4 and L=6, including L=6,K=1/5.","Separate certificates at L=4,6 cannot provide the required all-L quantifiers.",unresolved,results/bounds/kc_interval2.json;proofs/kc_interval2.md,"Seek a monotonicity, compactness, or other uniform mechanism; do not promote finite floors alone."
H288,2026-08-15,"[THEOREM] The first-backtrack injection gives c_(m+n)<=c_m(c_n-a_(n-1)) for every m,n>=1.",Forcing the second segment to begin with the reverse final edge creates an injective invalid-concatenation family.,"The inequality holds for all m,n by the stated injection and matches all stored exact finite checks.","Check the injection proof and direct backtracking counts through c_9,a_8.",Direct backtracking verifies all m+n<=9 and mixed checks through external c_36.,Available exact consequences do not improve c_36^(1/36).,proved,experiments/e85_kc_interval2.py;results/bounds/kc_interval2.json;tests/test_kc_interval2.py;proofs/kc_interval2.md,Look for a larger explicitly counted invalid-concatenation family that changes the growth bound.
H289,2026-08-15,[UNRESOLVED] A first-principles finite-n proof of mu^2<=c_32/c_30 is available.,The exact n=30 ratio would improve the current SAW-derived lower endpoint.,c_32^18<c_30^18*c_36 and a proof of mu^2<=c_32/c_30 gives v_c>=sqrt(c_30/c_32)>c_36^(-1/36).,Supply an auditable finite-n ratio proof at n=30 or an applicable all-n theorem.,The exact cross-product comparison is certified; Fekete proves weaker instances n=0 through 6.,The Fekete certificate fails already at n=7 and the first-backtrack refinement does not beat c_36.,unresolved,experiments/e85_kc_interval2.py;results/bounds/kc_interval2.json;tests/test_kc_interval2.py;proofs/kc_interval2.md,Develop a genuinely stronger finite-ratio argument without assuming the disputed Kesten inequality.
H270,2026-08-15,An eight-word depth-<=16 patch can replace the AB/BB L=8 dependency pivots and restore a 256-word certificate.,"The original AB/BB family has rank 248 at L=8, but its defect need not be a dimension obstruction for F_16.",The prescribed 248 retained rows plus eight BAB descendants have projected rank 256 modulo each recorded prime.,"Rebuild all 256 exact Pauli expansions, project to the final three rungs, and compute sparse ranks modulo p1 and p2.",Both ranks are 256; the full-family rational rank is therefore 256 and D_16>=256.,No stationary all-L extension of this finite patch is supplied.,confirmed_finite,experiments/e82_ladder_all_l.py;tests/test_ladder_all_l.py;results/algebra_growth/ladder_all_l.json;proofs/ladder_all_l.md,Search for a symbolic extension of the patched seeds or a different finite-state recursion.
H271,2026-08-15,The eight AB/BB relations are caused by mixing reflection or parity sectors and can be removed by selecting one sector.,"Rung reflection, row swap, and the two Z2 character gradings are the natural proposed explanation for the defect.",A symmetry-origin relation would split across sectors or be removed after taking a fixed sector.,"Classify every relation by (#A mod 2,#B mod 2), verify its full integer Pauli residual, and compute sector coefficient ranks.","All eight relations are homogeneous: sector counts 00:3, 01:0, 10:3, 11:2; row/rung reflection fixes every individual word.","Three character sectors retain exact internal nullity, so fixed-sector selection does not repair the defect.",falsified,experiments/e82_ladder_all_l.py;tests/test_ladder_all_l.py;results/algebra_growth/ladder_all_l.json;proofs/ladder_all_l.md,Seek a nontrivial symmetry action on a different multi-string family rather than quotienting the AB/BB family.
H272,2026-08-15,Some stationary pair of distinct length-two moves and four depth-<=4 seeds yields a full-rank last-three-rung transfer recursion.,This is the smallest natural depth-compatible replacement class for AB/BB.,At least one candidate surviving full rank through L=7 has a 256-by-256 nonzero-diagonal boundary transfer at L=8.,Exhaust the 436 exact-rank-four bases and six unordered move pairs; use exact Fraction echelon for every modular-deficient branch and every L=8 boundary matrix.,"The filter leaves 144 AB/BB seed sets full through L=7, and their boundary ranks double through L=7.","All 144 have exact L=8 boundary rank 248, not 256.",falsified_restricted_class,experiments/e82_ladder_all_l.py;tests/test_ladder_all_l.py;results/algebra_growth/ladder_all_l.json;proofs/ladder_all_l.md,"Leave stationary depth-two moves, depth-four seeds, or the three-rung boundary projection."
H273,2026-08-15,The L=8 depth filtration contains at least 256 independent generator-left-nested words.,The AB/BB defect might be family-specific rather than an obstruction in the full depth-16 span.,An explicit 256-word depth-<=16 family has a nonzero 256-minor after the last-three-rung projection.,Compute exact vectors for the patched family and find rank 256 modulo a recorded prime.,Both p1 and p2 give projected rank 256; the standalone verifier rebuilds all rows and digests.,This is a finite L=8 result only and does not quantify D_(2L) for arbitrary L.,confirmed_finite,experiments/e82_ladder_all_l.py;tests/test_ladder_all_l.py;results/algebra_growth/ladder_all_l.json;proofs/ladder_all_l.md,Use the new L=8 basis as input to search for an all-length inductive invariant.
H274,2026-08-15,D_(2L)>=2^L holds for every open two-leg ladder length L.,"Finite full-rank certificates through L=8 motivate, but cannot establish, the all-length target.",A recurrence lemma with an exact base and an injective transition must be proved symbolically for all L.,Construct a finite-state boundary transfer with a provably triangular nonzero-diagonal block for every L.,"Exact finite certificates now cover L=2..8, including a patched L=8 family.",The exhaustive stationary two-letter boundary class fails at L=8 and no alternative all-L recurrence is proved.,unresolved,experiments/e82_ladder_all_l.py;tests/test_ladder_all_l.py;results/algebra_growth/ladder_all_l.json;proofs/ladder_all_l.md,"Search nonstationary, longer-memory, or multi-string invariant recursions with a symbolic induction proof."
H295,2026-08-15,The open 3x3 two-sum Lie algebra has exact characteristic-zero dimension 8034.,A literal good-prime Pauli-word lower minor can be squeezed by a same-basis rational linked-sector container.,"dim_Q Lie_Q<A,B>=8034, with F_2147483647 raw-word rank 8034 and rational upper bound 8034.",Rebuild the D4-orbit Pauli closure at p=2147483647 and the exact linked rational container independently.,8034 literal words have nonzero modular pivots; the exact linked container has dimension 1+(33^2-1)+(48^2-1)+(59^2-1)+(3^2-1)+(16^2-1)+(30^2-1)=8034; clean-room verifier PASS.,None for this finite layer.,confirmed,experiments/e87_algebra_3x3.py;tests/test_algebra_3x3.py;results/algebra_structure/char0_3x3.json;proofs/char0_3x3.md,Use this finite exact datum only as a controlled input for subsequent finite-layer investigations.
H296,2026-08-15,The derived open-3x3 algebra is the split semisimple algebra sl_33(Q)+sl_48(Q)+sl_59(Q)+sl_3(Q)+sl_16(Q)+sl_30(Q).,Exact commutant-centre projectors and D4/P-sign/duality linkages determine a faithful block-traceless container.,dim_Q g'=8033 and absolute type A32+A47+A58+A2+A15+A29 of rank 183.,"Independently reconstruct the rational sector projectors, signed/dual intertwiners, invariant-form nullities, and derived raw-word minor.",Exact upper container has six split sl factors totaling 8033; derived raw-word rank is 8033; symmetric and alternating invariant-form nullities vanish on every representative factor; clean-room verifier PASS.,None for the stated finite representation.,confirmed,experiments/e87_algebra_3x3.py;tests/test_algebra_3x3.py;results/algebra_structure/char0_3x3.json;proofs/char0_3x3.md,Do not extrapolate the six-factor pattern to other layer sizes without a separate certificate.
H297,2026-08-15,The open-3x3 algebra has a one-dimensional centre equal to its solvable radical.,The common scalar projection of A should be the only kernel of the faithful semisimple factor projection.,"Z(g)=rad(g)=Qz, dim_Q=1, and the structural Killing form has rank 8033 and nullity 1.","Verify the globally scaled integer central witness against A and B, then combine the exact kernel statement with the semisimple quotient.",Stored W/1869120 is exactly central; A-z and B lie in the derived linked container; quotient is the displayed split semisimple direct sum; clean-room verifier PASS.,No additional central direction was found by the exact factor-kernel certificate.,confirmed,experiments/e87_algebra_3x3.py;tests/test_algebra_3x3.py;results/algebra_structure/char0_3x3.json;proofs/char0_3x3.md,"If a direct adjoint-matrix check is ever required, pursue it separately; it is not needed for this structural theorem."
H298,2026-08-15,D4 symmetry together with layer parity yields a sufficient exact linked-sector route for the 3x3 characteristic-zero squeeze.,"The eight C2^3 physical sectors are linked by transpose and P-sign/contragredient witnesses, avoiding an infeasible dense adjoint computation.","Sector dimensions (84,84,60,60,60,60,52,52), D4 order 8, and a linked rather than independent eight-sector container of dimension 8034.",Rebuild the C2^3 character bases and exact transpose/P-sign/dual intertwiners.,"All sector dimensions, D4 action, exact linkage spaces, and factor controls were independently reconstructed in the standalone verifier.","A direct isolated 84-dimensional sector word minor was not completed, but it is not required by the global faithful squeeze.",confirmed,experiments/e87_algebra_3x3.py;tests/test_algebra_3x3.py;results/algebra_structure/char0_3x3.json;proofs/char0_3x3.md,Reuse the linked-sector architecture rather than assuming direct sums of sector image algebras on larger layers.
H299,2026-08-15,A direct p=65521 dense literal matrix-word minor for the representative 84-dimensional sector can be completed within practical resources.,"Such a local certificate would supplement, but not strengthen, the already complete global squeeze.",A capped sector-matrix closure reaches its expected rank with a recorded literal-word minor.,Run the sector-local dense matrix-word closure with a substantially improved elimination/order strategy and record its wall time.,The exact global theorem already forces the sector image constraints through a faithful linked container.,The direct p=65521 attempt was stopped at a 3600-second wall before completion.,unresolved,experiments/e87_algebra_3x3.py;results/algebra_structure/char0_3x3.json;proofs/char0_3x3.md,Only revisit if a standalone per-sector selected-minor certificate is independently needed.
H360,2026-08-16,[THEOREM],"The complexified open-3x3 layer algebra is not isomorphic to any quotient of the Onsager algebra, and no generating pair in it satisfies the normalized Dolan--Grady relations","The wave-9 structure theorem (Qz + sl33+sl48+sl59+sl3+sl16+sl30) makes every simple factor non-sl2, so the audited Date--Roan Levi-factor corollary forbids any Onsager realization after arbitrary generator changes","Each of the six factors sl_d (d=33,48,59,3,16,30) gives an independent contradiction; dim identity (rank+1)^2-1 and accounting 1+8033=8034 hold exactly","Recompute both source SHA-256 pins, re-evaluate embedded checks of char0_3x3.json and oa_quotient.json, redo the factor arithmetic from raw integers, replay the producer",experiments/e100_oa_3x3.py and clean-room tests/test_oa_3x3.py both PASS (16 standalone checks); antecedent artifacts verified from disk at run time,None for this finite graph; the theorem says nothing about infinite-dimensional or non-Onsager mechanisms,confirmed,experiments/e100_oa_3x3.py;tests/test_oa_3x3.py;results/algebra_structure/oa_3x3.json;proofs/oa_3x3.md
H310,2026-08-16,[THEOREM] The recorded 42-constraint branch-11111 ideal is proper over Q; no rational Nullstellensatz certificate exists at any multiplier degree.,A nonsingular thin-torus F5 solution gives a characteristic-zero local obstruction to every rational certificate.,Six primitive numerators vanish at the stated F5 point and det J is 2 mod 5.,timeout 600 .venv/bin/python tests/test_kw_cubic.py,Exact F5 Jacobian determinant 2 and multivariate Hensel hypotheses; all 42 construction rows are zero modulo 625.,Does not provide a rational or explicit quartic coordinate point and concerns only the finite catalogue.,proved_finite_catalogue,experiments/e90_kw_cubic.py;results/kac_ward/branch11111_cubic.json;tests/test_kw_cubic.py;proofs/kw_cubic.md,Preserve the certified scope and use the artifact as a regression or input to the next exact route.
H311,2026-08-16,[FALSIFIED] The nonsingular five-adic construction section with seven held thin-torus coordinates fails the 3x3x3 order-eight holdout.,Construction-box consistency must be tested on an independent box.,"The finite Hensel lift has holdout residues (0,0,250) modulo 625 and v5(250)=3.",timeout 600 .venv/bin/python tests/test_kw_cubic.py,"Exact lift (226,197,98,63,161,216) modulo 625 and order-eight unit 2 modulo 5.",Does not rule out other thin-torus sections or other branch-11111 points passing the holdout.,falsified_local_section,experiments/e90_kw_cubic.py;results/kac_ward/branch11111_cubic.json;tests/test_kw_cubic.py;proofs/kw_cubic.md,Preserve the certified scope and use the artifact as a regression or input to the next exact route.
H312,2026-08-16,"[COMPUTATION] The full degree-at-most-three 21-basis Macaulay block has 3276 multipliers, 68796 columns, 3279276 incidences, and 1612152 distinct monomial rows; 156 lifted syzygies prune it to 68640 columns.",Quantify the formerly projected dense block and exploit the stored degree-two syzygy module before any dense solve.,All six base relations times all 26 degree-≤1 monomials have exact column-index rank 156.,timeout 600 .venv/bin/python tests/test_kw_cubic.py,"Exact Fraction verification of source syzygies, lift hash a101ddfc..., and pivot hash d7d8bc25....",This is not a full dense rank computation and does not enumerate higher syzygies.,completed_exact_sizing,experiments/e90_kw_cubic.py;results/kac_ward/branch11111_cubic.json;tests/test_kw_cubic.py;proofs/kw_cubic.md,Preserve the certified scope and use the artifact as a regression or input to the next exact route.
H313,2026-08-16,"[COMPUTATION] Two selected graded degree-three Macaulay spaces have exact ranks 8541 of 8547 and 9885 of 9891, with the constant absent from both spans.",Test sparse multiplier extensions aligned with the Hensel pivot variables without claiming dense-block coverage.,Exact Fraction reductions retain residual 1 at the constant monomial in both selections.,timeout 600 .venv/bin/python tests/test_kw_cubic.py,Pivot digests 23668ce7... and a73059dc...; both reductions have six dependencies.,Selected spans alone do not imply a rank or membership statement for the full dense degree-three block.,completed_exact_sparse_checks,experiments/e90_kw_cubic.py;results/kac_ward/branch11111_cubic.json;tests/test_kw_cubic.py;proofs/kw_cubic.md,Preserve the certified scope and use the artifact as a regression or input to the next exact route.
H314,2026-08-16,[UNRESOLVED] No explicit Q(alpha) solution of degree four was constructed for a thin-torus section; the full branch remains unresolved.,A quartic coordinate presentation would permit an exact algebraic holdout test beyond the five-adic local certificate.,"A successful route would supply a minimal quartic polynomial, all coordinate representations, and exact 3x3x3 residuals.",timeout 600 .venv/bin/python tests/test_kw_cubic.py,The exact five-adic section proves finite-catalogue nonemptiness and records a 600-second F5 grevlex Gröbner wall on a separate six-variable slice.,No quartic point or univariate eliminant was obtained; a Gröbner timeout is not evidence of emptiness or existence.,unresolved,experiments/e90_kw_cubic.py;results/kac_ward/branch11111_cubic.json;tests/test_kw_cubic.py;proofs/kw_cubic.md,Add independent holdout equations to the nonsingular component or construct an exact algebraic point; do not retry pure ideal-membership emptiness.
H315,2026-08-16,[COMPUTATION] D_18(open 2x9 ladder) >= 512 = 2^9,Test whether a nonstationary L=3 seed family can reach the nine-rung target within depth 18,512 selected words; deterministic 512-coordinate integer projection has rank 512 modulo p1 and p2,Rebuild the selected Pauli vectors and row-reduce its 512 by 512 projection modulo both primes,Clean-room ranks 512 and 512 after 802 leaves; integer matrix digest a5414057aa39afa1f394949d217ffe8544cb42a959ef63fbd9d0b937c42e912d,Finite certificate does not provide an L-to-L+1 injection,CERTIFIED_FINITE,experiments/e91_ladder_nonstat.py;tests/test_ladder_nonstat.py;results/algebra_growth/ladder_nonstat.json;proofs/ladder_nonstat.md,Use the 512-word L=9 certificate to search for a symbolic L-to-L+1 transition.
H316,2026-08-16,"[COMPUTATION] Six L=2 roots with AB/BB tails certify finite ranks 6,10,20,40,77,148,272 for L=2..8",Seek a growing-seed alternative after the four-seed stationary class failed at L=8,Both-prime ranks exceed 2^L through L=8,Evaluate 6*4^(L-2) exact Pauli words and echelon-reduce modulo both primes,Clean-room table agrees at both primes for every L=2..8,No symbolic transition or result beyond the finite range was proved,FINITE_SUPPORT,experiments/e91_ladder_nonstat.py;tests/test_ladder_nonstat.py;results/algebra_growth/ladder_nonstat.json;proofs/ladder_nonstat.md,Preserve the certified scope and use the artifact as a regression or input to the next exact route.
H317,2026-08-16,[LEMMA] Erase-last-rung is not an ad_B intertwiner for every open two-leg ladder length L>=2,Test the proposed restriction/suffix mechanism structurally rather than infer it from finite ranks,For P=X_v Z_u across the added horizontal bond E(ad_B(P))=-X_vZ_v while ad_B(E(P))=0,Expand the one-bond commutator exactly and erase the added rung,Generic Pauli calculation plus independent literal-word ABABAB counterexample,Does not exclude a different projection or a different injective transfer,PROVED,experiments/e91_ladder_nonstat.py;tests/test_ladder_nonstat.py;results/algebra_growth/ladder_nonstat.json;proofs/ladder_nonstat.md,Avoid erase-rung intertwining arguments unless a corrected projection is proved.
H318,2026-08-16,[COMPUTATION] The naive patched P8-to-P9 child family has modular rank 478; all unused BAB-tail repairs lift it only to 499,Test retained rows plus linearly growing BAB descendant patches as a nonstationary transition,512 P8 children rank 478; 624 rows after 112 repairs rank 499 modulo both primes,Generate all listed L9 words and sparse-echelon them modulo both primes,Clean-room reproduces 478/478 and 499/499,Modular ranks are lower bounds only and do not rule out another patch,OBSTRUCTED_CANDIDATE,experiments/e91_ladder_nonstat.py;tests/test_ladder_nonstat.py;results/algebra_growth/ladder_nonstat.json;proofs/ladder_nonstat.md,Search a different nonstationary patch; the recorded child/BAB families are exhausted.
H319,2026-08-16,[FALSIFIED] Six literal alternating one-letter/three-letter period-two families fail at L=3,Test longer-memory schedules ABB/BAB/BBB before attempting a transfer proof,"Exact Q-ranks at L=3 are 6,6,6,5,6,6 respectively and hence below 8",Exact Fraction echelon of each eight-word L=3 family,Clean-room Q ranks and both-prime L=2..8 tables agree,Falsifies only the six stated literal schedules,FALSIFIED,experiments/e91_ladder_nonstat.py;tests/test_ladder_nonstat.py;results/algebra_growth/ladder_nonstat.json;proofs/ladder_nonstat.md,Do not revisit the six falsified period-two literal schedules.
H320,2026-08-16,[THEOREM] For m>=2 and n>=2 c_(m+n)<=c_m(c_n-a_(n-1))-T_m b_(n-2)-D_m(a_(n-1)-b_(n-2)).,Exploit the square-corner and fold vertices occupied near the first-backtrack junction.,The correction uses b_k for walks avoiding e_1 and e_1+e_2; b_0..b_10 are exactly enumerated.,Exhaustively enumerate concatenation pairs through m+n<=9 and compare the disjoint injected families with invalid pairs.,"Clean-room pair enumeration verifies the bijection and cover; equality occurs at (m,n)=(2,2) and (3,2).",No direct screened pair improves the c_36 root.,proved,experiments/e92_saw_refine.py;tests/test_saw_refine.py;results/bounds/saw_refine.json;proofs/saw_refine.md,Preserve the certified scope and use the artifact as a regression or input to the next exact route.
H321,2026-08-16,[THEOREM] For ell>=1 m>=3 n>=2 c_(ell+m+n)<=c_ell[(c_m-a_(m-1))(c_n-a_(n-1))-(T_m-Aturn_(m-1))b_(n-2)].,Forbid first backtracks at both junctions and retain the second-junction corner correction.,The correction is strictly positive in every enumerated applicable split.,Independently enumerate all positive splits with ell+m+n<=10.,The standalone verifier checks the stated inequality and strict improvement over pairwise iteration in every applicable finite split.,At the recorded external scale the best tested triple is weaker than the chained certificate.,proved,experiments/e92_saw_refine.py;tests/test_saw_refine.py;results/bounds/saw_refine.json;proofs/saw_refine.md,Preserve the certified scope and use the artifact as a regression or input to the next exact route.
H322,2026-08-16,[THEOREM] For every n>=1 mu^n<=c_n-a_(n-1).,Iterate the all-m first-backtrack inequality and take the Fekete subsequence limit.,c_(kn)<=c_n(c_n-a_(n-1))^(k-1) for every k>=1.,Check all small chain instances then verify the induction and limit argument.,Independent enumeration verifies all instances with kn<=10; the proof gives the all-sizes statement.,The sharpness depends on an independently certified lower bound for a_(n-1).,proved,experiments/e92_saw_refine.py;tests/test_saw_refine.py;results/bounds/saw_refine.json;proofs/saw_refine.md,Preserve the certified scope and use the artifact as a regression or input to the next exact route.
H323,2026-08-16,[THEOREM] a_35>=729000^2*142016661=75473476338501000000 and mu^36<=2941295382858363225560670<c_36.,Use disjoint height slabs for an explicit large avoid-one-neighbour family and apply the chained theorem at n=36.,(c_36-75473476338501000000)^36<c_36^36 and the new K_c lower floor is 0.2122120570061123902353626109344172245745.,Re-enumerate the finite h-slab blocks and exact integer comparison from the hash-audited c_36.,"Clean-room counts give B_11,7=729000 and H_13=142016661; the standalone verifier recomputes the strict integer and interval certificates.",This certificate relies on the explicitly labeled external exact c_36 input.,proved,experiments/e92_saw_refine.py;tests/test_saw_refine.py;results/bounds/saw_refine.json;proofs/saw_refine.md,Optimize the explicit avoid-neighbour family or derive a larger certified subset of a_35.
H324,2026-08-16,[UNRESOLVED] The available explicit families do not prove mu^2<=c_32/c_30.,The chained n=30 bound would imply the missing finite-ratio lemma if a_29>=c_30-floor(c_32/c_30).,Required a_29 lower bound is 270569905525454674592; available defect bound is 741377533262625.,"Exact integer subtraction and division using the stored external c_30,c_32.",The clean-room verifier re-derives the threshold and recorded gap fraction.,The available bound is short by the exact factor 270569905525454674592/741377533262625.,open,experiments/e92_saw_refine.py;tests/test_saw_refine.py;results/bounds/saw_refine.json;proofs/saw_refine.md,Seek a genuinely stronger finite-ratio injection; the present explicit family misses the threshold.
H325,2026-08-16,"[THEOREM] For the audited finite-torus infrared/GKS LP F(K,L)>0 at every finite even L>=4 and the all-ceiling profile is feasible iff K>=D_L/2.",Identify the exact finite constraint-chain failure instead of inferring it from floating-point ceilings.,At the minimizer G_ceil(z_min)=1-D_L/(2K); it is negative exactly for K<D_L/2.,Rebuild C_L and inspect the exact GKS value at z_min.,Exact thresholds through L=12: 13/60; 5147/22680; 36097/154938; 313487315/1323944776; 422619944041/1765503099360.,No assertion about physical magnetization monotonicity follows.,complete,experiments/e93_mag_floor.py;tests/test_mag_floor.py;results/bounds/mag_floor.json;proofs/mag_floor.md,Preserve the certified scope and use the artifact as a regression or input to the next exact route.
H326,2026-08-16,"[THEOREM] For 0<K<I3/2 the audited LP floor obeys F(K,L)<=5168/(525L) at all sufficiently large even L; at K=I3/2 it does so for every even L>=4.",Settle whether the missing uniform LP-floor quantifier can refine the infrared endpoint.,"The explicit feasible Green profiles force liminf_{L even} F(K,L)=0 for every 0<K<=I3/2.",Verify M1 M2 M3 and the rational constant comparison c*=5168/525.,The explicit feasible Green profiles and exact rational rate constant prove the displayed upper decay bound.,Finite positivity remains true and says nothing about a uniform lower bound.,falsified,experiments/e93_mag_floor.py;tests/test_mag_floor.py;results/bounds/mag_floor.json;proofs/mag_floor.md,Move upper-bound work outside the audited two-point infrared/GKS LP class.
H327,2026-08-16,"[COMPUTATION] The L=8 exact Q(sqrt2) LP supplies four primal-dual certificates and the L=4,6,8 floors strictly decrease at every stored coupling.","Extend the rational L=4,6 audit to the first quadratic-cosine side and test finite-size behavior exactly.",At K=1/5 the L=8 floor is 1813/208896-sqrt(2)/816; at 21/100 it is 13171/1354752; at 11/50 it is 5829/382976; at 6/25 it is 40706963/634626048.,Independently rebuild all L=8 matrices and verify primal-dual equality and bases.,"The standalone verifier rebuilt four exact primal-dual certificates and the L=4,6,8 comparisons.",This finite computation alone cannot establish all-L behavior.,complete,experiments/e93_mag_floor.py;tests/test_mag_floor.py;results/bounds/mag_floor.json,Preserve the certified scope and use the artifact as a regression or input to the next exact route.
H328,2026-08-16,"[FALSIFIED] The candidate nondecreasing dyadic LP-floor relation F(K,2L)>=F(K,L) fails at K=1/5 and L=4.",Test the most direct finite-torus monotonicity route for bootstrapping a floor across dyadic scales.,"F(1/5,4)-F(1/5,8)=28697/626688+sqrt(2)/816>0.",Verify the two exact LP primal-dual certificates and subtract them in Q(sqrt2).,Exact Q(sqrt(2)) subtraction is strictly positive and both endpoint LP certificates were independently rebuilt.,"This refutes the LP-floor relation only, not a distinct physical reflection-positivity theorem.",falsified,experiments/e93_mag_floor.py;tests/test_mag_floor.py;results/bounds/mag_floor.json;proofs/mag_floor.md,Do not use dyadic LP-floor monotonicity.
H329,2026-08-16,"[CONDITIONAL];[FALSIFIED] If H_{K,m}(L):F(K,L)>=m holds for all sufficiently large even L then K_c<=K; H_{11/50,1/100} passes at L=4,6,8 but fails for all even L>=986.",Record the sharp finitely checkable condition requested for an upper-endpoint refinement and determine it rather than leave it open.,"863/8448, 34663/940896, and 5829/382976 exceed 1/100; c*/L<1/100 from L>=985 and the sufficient profile condition begins at L=38.",Verify the three exact LP certificates plus the rational cutoff comparisons.,"Exact finite certificates pass at L=4,6,8, while the all-L rate theorem forces failure from L=986 onward.",The all-L premise is false under the audited LP rate theorem.,falsified,experiments/e93_mag_floor.py;tests/test_mag_floor.py;results/bounds/mag_floor.json;proofs/mag_floor.md,"Seek a physical or higher-correlation uniform floor, not the falsified LP premise."
H330,2026-08-16,[LEMMA] At truncation degree 28 every exact-bounding-box connected even subgraph has a+b+c<=17.,"Each coordinate cut is crossed positively and evenly, giving at least 2*sum_i(side_i-1) edges.",Exactly 147 canonical classes qualify and exactly 24 have a+b+c=17.,Enumerate canonical triples and apply the cut-parity inequality.,The raw certificate and clean-room verifier enumerate 147 and 24 respectively.,None found; this is an exact finite-order inequality.,verified,experiments/e94_ht_v28.py;results/series/ht_v28.json;proofs/ht_v28.md;tests/test_ht_v28.py,Preserve the certified scope and use the artifact as a regression or input to the next exact route.
H331,2026-08-16,[COMPUTATION] The generalized per-cut cap-vector parity frontier reproduces the exact v24 and v26 simple-cubic free-energy coefficients from scratch.,The order-28 calculation needs radix-4 profiles while retaining all mixed-radix logarithm decompositions.,[v^24]phi=2135670379057/8 and [v^26]phi=115377512914251/26.,Run the fresh generalized-register lower-order assemblies before any degree-28 extraction.,Producer preflight and clean-room public-API FLM controls agree exactly.,None found in the stated finite calculations.,verified,experiments/e94_ht_v28.py;results/series/ht_v28.json;tests/test_ht_v28.py,Preserve the certified scope and use the artifact as a regression or input to the next exact route.
H332,2026-08-16,[COMPUTATION] The six walled finite-lattice weights needed through degree 28 were extracted by exact parity-frontier profiles.,Their open transfer sections exceed the established dense-engine threshold.,w555=6185993200560; w556=3065159677392; w466=1815705969248; w467=232312855136; w557=412031318992; w566=651743244920 at degree 28.,Check each profile residue by six-prime centered CRT and sum exact symmetry orbits.,All 27 profiles completed; M exceeds twice every labelled-slot bound.,None found; this is a finite computation rather than an all-sizes result.,verified,experiments/e94_ht_v28.py;results/series/ht_v28.json;proofs/ht_v28.md;tests/test_ht_v28.py,Preserve the certified scope and use the artifact as a regression or input to the next exact route.
H333,2026-08-16,[COMPUTATION] Exact finite-lattice assembly gives [v^28] phi=2102198327465307/28 and interaction coefficient a_28=525549581866326/7.,It extends the exact simple-cubic high-temperature free-energy series by one even order.,The odd v27 coefficient is zero and [v^28]phi-a_28=3/28.,Rebuild the finite-lattice assembly from the certified weights and check the normalization identity.,"The producer, raw JSON certificate, and standalone verifier agree.",No claim is made beyond this finite coefficient.,verified,experiments/e94_ht_v28.py;results/series/ht_v28.json;proofs/ht_v28.md;tests/test_ht_v28.py,Use the validated profile engine to target v^30 without using the external coefficient as input.
H334,2026-08-16,"[EXTERNAL] Arisue--Fujiwara Table I independently tabulates a_28=525549581866326/7, agreeing with the completed exact calculation.",A post-computation tabulation is a falsification witness rather than calculation input.,Exact equality with the table value; recorded table PDF sha256 bf79ec7918694768b57e6793ed4b0c8f581aaea6a705b4273ecab42641723afc.,Compare only after finite-lattice assembly and CRT reconstruction are complete.,Exact agreement is recorded in the artifact and standalone test.,The external table was not used to choose profiles or tune the computation.,verified,results/series/ht_v28.json;proofs/ht_v28.md;tests/test_ht_v28.py,Keep the v^30 tabulation sealed until an in-house coefficient is complete.
H335,2026-08-16,[THEOREM] For the fixed-order one-line-cabled 16384x256 system rank B(q)<256 iff q is -1 0 or 1 over characteristic zero,A generic-rank certificate left the finite specialization locus unknown,The gcd of two complementary 256x256 minors must contain every true rank drop,Exact four-minor interpolation plus complementary gcd and root classification,G=q^584(q-1)^580(q+1)^546(q^2+1)^4; q=±i are full rank; exact ranks at -1 0 1 are 0 30 58,None,proved,experiments/e95_tetra16_locus.py;results/integrability/tetra16_locus.json;proofs/tetra16_locus.md;tests/test_tetra16_locus.py,Preserve the certified scope and use the artifact as a regression or input to the next exact route.
H336,2026-08-16,[COMPUTATION] The exact complementary-minor gcd has degree 1718 and factors as q^584(q-1)^580(q+1)^546(q^2+1)^4,Complementary full minors turn all-system rank drops into a univariate exact certificate,The primary and alternate quotient degrees should be 22 and 770,Exact Z[q] gcd followed by a safe-prime residual Bezout identity,Exact gcd completed in 6.980353 s; factorization completed in 21.511872 s; final F_1999999973 Bezout identity verifies residual gcd one,Initial linear candidate left a q^2+1 residual factor,completed,experiments/e95_tetra16_locus.py;results/integrability/tetra16_locus.json;tests/test_tetra16_locus.py,Preserve the certified scope and use the artifact as a regression or input to the next exact route.
H337,2026-08-16,[COMPUTATION] Direct exact ranks are rank B(-1)=0 rank B(0)=30 and rank B(1)=58,Every rational root of the exact minor gcd must be checked on the full streamed system,Sector ranks should sum below 256 at each listed rational root,Exact Q-rank of all 8192 rows in each parity sector,"(-1):(0,0); 0:(14,16); 1:(29,29)",None,completed,experiments/e95_tetra16_locus.py;results/integrability/tetra16_locus.json;tests/test_tetra16_locus.py,Preserve the certified scope and use the artifact as a regression or input to the next exact route.
H338,2026-08-16,[THEOREM] The selected-minor roots q=i and q=-i are not true exceptions: rank B(±i)=256,The q^2+1 factor in the minor gcd could otherwise conceal algebraic rank drops,Nonzero 128x128 sector minors should survive two split-prime reductions at each root,Rebuild the recorded minors modulo F5 and F13,"At i determinants are (4,4) mod 5 and (10,10) mod 13; at -i they are (1,1) mod 5 and (3,3) mod 13; 128-column upper bounds squeeze each sector rank to 128",None,proved,experiments/e95_tetra16_locus.py;results/integrability/tetra16_locus.json;proofs/tetra16_locus.md;tests/test_tetra16_locus.py,Preserve the certified scope and use the artifact as a regression or input to the next exact route.
H339,2026-08-16,[COMPUTATION] Four exact sector-minor polynomials were reconstructed by finite-field evaluation interpolation and height-bounded CRT,Avoid the recorded symbolic 128x128 determinant wall while retaining exact coefficients,Fresh determinant values and enough CRT modulus should agree with every reconstructed polynomial,Clean-room modular interpolation and fresh exact Bareiss determinant checks,Maximum shifted degree 609; 17 primes per minor; standalone verifier passed after 747.64 s,The predecessor symbolic determinant route timed out at its recorded wall,completed,experiments/e95_tetra16_locus.py;results/integrability/tetra16_locus.json;tests/test_tetra16_locus.py,Reuse complementary-minor interpolation on other cablings or auxiliary systems.
H340,2026-08-16,"[THEOREM] The first open-2x3 fine c-jump bracket contains exactly one forced-value crossing represented by a unique nonsingular rational-box zero of P0(a,t)=P5(b,t)=P7(c,t)=P4(d,t)=0 and bc=ad.",Upgrade the inherited 4-to-5 c-jump existence witness to exact local algebraic uniqueness.,"t lies in [2248027753/8388608000,4496055507/16777216000]; Krawczyk contraction is below 1/1000; f stays in (7/1000,1/125).","Rebuild sector factors and verify exact Krawczyk, inertia, and forced-value-band certificates.",Exact Fraction certificates and standalone verifier.,No one-variable minimal polynomial was computed.,proved,experiments/e96_crossing_alg.py;tests/test_crossing_alg.py;results/spectral/crossing_alg.json;proofs/crossing_alg.md,Preserve the certified scope and use the artifact as a regression or input to the next exact route.
H341,2026-08-16,"[THEOREM] The second open-2x3 fine c-jump bracket contains exactly one forced-value crossing represented by a unique nonsingular rational-box zero of P0(a,t)=P5(b,t)=P7(c,t)=P5(d,t)=0 and bc=ad.",Upgrade the inherited 5-to-6 c-jump existence witness to exact local algebraic uniqueness.,"t lies in [4881706207/16777216000,152553319/524288000]; Krawczyk contraction is below 1/1000; f stays in (19/2000,21/2000).","Rebuild sector factors and verify exact Krawczyk, inertia, and forced-value-band certificates.",Exact Fraction certificates and standalone verifier.,No one-variable minimal polynomial was computed.,proved,experiments/e96_crossing_alg.py;tests/test_crossing_alg.py;results/spectral/crossing_alg.json;proofs/crossing_alg.md,Preserve the certified scope and use the artifact as a regression or input to the next exact route.
H342,2026-08-16,"[THEOREM] The third open-2x3 fine c-jump bracket contains exactly one forced-value crossing represented by a unique nonsingular rational-box zero of P0(a,t)=P5(b,t)=P7(c,t)=P6(d,t)=0 and bc=ad.",Upgrade the inherited 6-to-7 c-jump existence witness to exact local algebraic uniqueness.,"t lies in [2522992499/8388608000,5045984999/16777216000]; Krawczyk contraction is below 1/1000; f stays in (11/1000,3/250).","Rebuild sector factors and verify exact Krawczyk, inertia, and forced-value-band certificates.",Exact Fraction certificates and standalone verifier.,No one-variable minimal polynomial was computed.,proved,experiments/e96_crossing_alg.py;tests/test_crossing_alg.py;results/spectral/crossing_alg.json;proofs/crossing_alg.md,Preserve the certified scope and use the artifact as a regression or input to the next exact route.
H343,2026-08-16,"[THEOREM] The fourth open-2x3 fine c-jump bracket contains exactly one forced-value crossing represented by a unique nonsingular rational-box zero of P0(a,t)=P5(b,t)=P7(c,t)=P4(d,t)=0 and bc=ad.",Upgrade the inherited 7-to-8 c-jump existence witness to exact local algebraic uniqueness.,"t lies in [553214907/1677721600,5532149071/16777216000]; Krawczyk contraction is below 1/500; f stays in (7/500,2/125).","Rebuild sector factors and verify exact Krawczyk, inertia, and forced-value-band certificates.",Exact Fraction certificates and standalone verifier.,No one-variable minimal polynomial was computed.,proved,experiments/e96_crossing_alg.py;tests/test_crossing_alg.py;results/spectral/crossing_alg.json;proofs/crossing_alg.md,Preserve the certified scope and use the artifact as a regression or input to the next exact route.
H344,2026-08-16,"[UNRESOLVED] Global exhaustiveness of forced-value crossings on [1/4,7/20] and one-variable minimal polynomials remain unproved.",A univariate elimination polynomial plus Sturm count would turn local bracket isolation into scan-wide classification.,"The first reciprocal resultant U(z,y)=Res_b(Q5(b,z),b^6 Q7(y/b,z)) should complete before subsequent elimination if this route is feasible.",Exact SymPy resultant was allowed 1200 seconds.,"The four local uniqueness theorems are exact, but the reciprocal-resultant computation hit a recorded 1200-second wall before any global eliminant.",Four bracket-local theorems do not imply absence elsewhere.,unresolved,experiments/e96_crossing_alg.py;results/spectral/crossing_alg.json;proofs/crossing_alg.md,Compute a global resultant/Sturm or equivalent exact scan-wide crossing certificate.
H345,2026-08-16,[LEMMA] A nonzero rank-r minor modulo an odd prime of literal nested integral Pauli words proves those r words independent over Q.,Turns modular echelon pivots into rigorous characteristic-zero lower bounds without numerical fitting.,Every stored recipe replays to an independent F_p row; its rank is a Q lower bound.,Replay all stored recipes using an independent ordered-monomial reducer.,The clean-room verifier accepted all 1794 raw recipes at p=2147483647.,This does not provide a matching Q upper bound or closure saturation.,proved_for_stored_words,experiments/e97_algebra_4x4.py;tests/test_algebra_4x4.py;results/algebra_structure/char0_4x4.json;proofs/char0_4x4.md,Preserve the certified scope and use the artifact as a regression or input to the next exact route.
H346,2026-08-16,"[COMPUTATION] For the open 4x4 layer the literal Pauli-word minor at p=2147483647 has rank 1794, hence dim_Q(g)>=1794.",Establishes a verifiable finite-layer algebra lower bound despite infeasibility of dense orbit support.,The 1794 recipes and their pivots remain independent under clean-room replay.,Independently replay the stored partial frontier and its modular pivots.,Verifier passed after replaying all 1794 recipes; maximum literal depth is 16 and checksum is 898915470 modulo 1000000007.,The closure was still in depth 16 and therefore does not determine the full dimension.,complete_partial_certificate,experiments/e97_algebra_4x4.py;tests/test_algebra_4x4.py;results/algebra_structure/char0_4x4.json;proofs/char0_4x4.md,Extend the literal-word closure or find a much tighter rational symmetry container.
H347,2026-08-16,"[COMPUTATION] The completed rank profile through depth 15 is (2,3,5,7,11,16,26,41,67,105,169,271,448,741,1240); depth 16 stopped after 634 of 998 expansions.",Records exact growth and an honest resource wall rather than extrapolating a saturation claim.,A reverse-order independent closure reproduces every completed-depth rank and grading block rank.,Run the clean-room reverse seed/frontier/action closure through depth 15.,"Verifier reproduced the profile and completed-depth grading ranks (393,221,391,235); producer recorded a 3600-second guard wall during depth 16.",No evidence of saturation; partial-depth timing is not a full closure computation.,recorded_resource_wall,experiments/e97_algebra_4x4.py;tests/test_algebra_4x4.py;results/algebra_structure/char0_4x4.json;proofs/char0_4x4.md,Optimize the depth-16 closure before claiming any 4x4 saturation.
H348,2026-08-16,"[COMPUTATION] Exact C2^3 projector ranks are (8384,8192,8128,8192,8128,8192,8128,8192), and D4 times global-flip multiplicity spaces give a broad rational symmetry container of dimension 268591168.",Supplies same-basis sector data and candidate natural-module dimensions without mistaking symmetry sectors for dynamic factors.,Finite-group character traces exhaust the 65536-dimensional physical representation exactly.,Independently recompute the character-trace projector ranks and D4 multiplicities.,Clean-room verifier recomputed all sector ranks and multiplicities exactly.,This broad symmetry container cannot squeeze the modular lower bound or classify generated-algebra factors.,exact_finite_group_data,experiments/e97_algebra_4x4.py;tests/test_algebra_4x4.py;results/algebra_structure/char0_4x4.json;proofs/char0_4x4.md,Derive dynamic sector linkages; symmetry multiplicities alone are not an algebra decomposition.
H349,2026-08-16,"[UNRESOLVED] No exact-Q dimension equality, second-prime closure, dynamic commutant-centre decomposition, linked-sector squeeze, Levi type, centre, radical, or Killing rank is established for open 4x4.",Prevents a partial modular calculation or symmetry-only container from being misreported as a solved finite-layer algebra.,A valid equality claim would require saturation plus a matching same-basis rational upper container.,Complete the closure and independently verify a tight exact-Q linked-sector container.,The 3600-second run remained in depth 16; the only exact upper container is the broad 268591168-dimensional symmetry container.,Current evidence is deliberately insufficient for all listed equality and classification claims.,unresolved,results/algebra_structure/char0_4x4.json;proofs/char0_4x4.md,Complete a same-basis lower/upper squeeze before assigning a 4x4 Lie type.
H350,2026-08-16,[LEMMA] At fixed rational t the layer transfer admits a spatial-plus-spin quotient in F_p[z]/(z^2-2tz+1) with v_j(bar{s};z)=z^(j n_s)v_j(s;z^-1).,Replace the 2^25-by-grade storage wall without making an invalid same-grade spin quotient.,The final centered circle value is in the base field and CRT reconstructs b^floor(N/2)Q(a/b).,Independent 4x4x4 and odd 3x3x3 full-polynomial comparisons plus forward/reverse strip residue equality.,Standalone verifier PASS; exact proof and implementation preserve the semilinear flip identity.,No all-t or 5^3 root-count consequence follows from this fixed-t lemma.,verified,experiments/e98_lee_yang_53.py;tests/test_lee_yang_53.py;proofs/lee_yang_53.md,Preserve the certified scope and use the artifact as a regression or input to the next exact route.
H351,2026-08-16,[COMPUTATION] At x=2/3 the streamed quotient exactly reproduces Q(0) and Q(1/2) for the 4x4x4 cube.,Establish a clean smaller-cube regression for the new transfer.,Q(0)=-40319076205794220175421543617960442199318722643939536904540936745854; Q(1/2)=-7789132650221794414263456295247747100430473906411092662630309836953089.,Compare against rational_field_polynomial_transfer with Fraction Chebyshev evaluation.,10/12-prime CRT certificates and standalone test PASS.,This validates only the finite 4x4x4 evaluator.,verified,experiments/e98_lee_yang_53.py;tests/test_lee_yang_53.py;results/lee_yang/zeros_53.json,Preserve the certified scope and use the artifact as a regression or input to the next exact route.
H352,2026-08-16,[COMPUTATION] At x=2/3 the streamed quotient exactly reproduces Q(0) and Q(1/2) for 5x4x4 through an axis-permuted prior full polynomial.,Validate the larger rectangular state path and reflection-plus-spin bookkeeping.,Q(0)=185927737984183974446086767901155045972663846449223331664945221900263268910379755208386; Q(1/2)=-126762842231443377543258365089632596233781543365159619135870010223242755187846025646572129.,Compare exact Fraction values to frozen 4x4x5 coefficients.,13/14-prime CRT certificates; producer reports both comparisons PASS.,This is not a 5x5x5 value or a Sturm certificate.,verified,experiments/e98_lee_yang_53.py;results/lee_yang/zeros_53.json;proofs/lee_yang_53.md,Preserve the certified scope and use the artifact as a regression or input to the next exact route.
H353,2026-08-16,[COMPUTATION] The 5x5 D8-plus-spin fixed-Q evaluator has 2105872 orbit representatives and an explicit 986550880-byte live-layout subtotal before expression temporaries; generic degree-62 reconstruction by 63 rational evaluations has a 54209.46432779543-second linear work estimate.,Quantify whether streamed fixed evaluations remove the exact zero-count wall.,D8 spatial orbit count=4211744; fixed Q(0) needs 21 CRT primes; a j/32 interpolation grid needs at most 31 primes per value.,Exact Burnside count and measured 4x4x4 per-strip wall extrapolation.,Exact Burnside counts and measured smaller-cross-section timing give the stated resource inventory.,No 5x5x5 pass was run; estimates exclude map construction disk traffic and Sturm work.,validated_negative_resource_result,experiments/e98_lee_yang_53.py;results/lee_yang/zeros_53.json;proofs/lee_yang_53.md,Prototype exact sign/root-count certificates; fixed-value evaluations alone do not locate the first 5^3 zero.
H354,2026-08-16,[UNRESOLVED] No proved correction-amplitude bridge from 5x4x4 or 5x5x4 slabs to the isotropic 5^3 first Lee-Yang zero is available.,Determine whether a theorem can make the cube computation unnecessary.,"Existing exact slab fourth points retain admissible p=2 and p=4 models; isotropic L=2,3,4 retains monotone continuations separated by sigma difference 3/4.",A valid complex-field zero inequality under transverse layer addition or box inclusion would be decisive.,Stored slab and cube data admit both adversarial correction models; no comparison theorem was found.,No such inequality was derived; real-field monotonicity does not provide it.,unresolved,proofs/lee_yang_zeros.md;proofs/lee_yang_prg.md;proofs/lee_yang_53.md;results/lee_yang/zeros_53.json,Prove a valid complex-zero box comparison or leave the bridge unavailable.
H355,2026-08-16,"[THEOREM] The sixth direct interlayer coefficient c6,q has only vertical support profiles 6, 4+2/2+4, and 2+2+2 with placement weights 1/720, 1/24, and 1/8.",Layer independence and zero-field layer-flip symmetry remove skipped and odd-incidence profiles.,"Admissible Bell(6) partition counts are 31, 11, and 5 for the one-, two-, and three-gap forms.",Enumerate all 203 set partitions and exact block layer moments.,Complete partition algebra and profile Mobius sums are recorded in c6_closed.json.,No analytic-convergence assertion is used.,proved,experiments/e99_c6_closed.py;results/interlayer/c6_closed.json;proofs/c6_closed.md,Preserve the certified scope and use the artifact as a regression or input to the next exact route.
H356,2026-08-16,"[THEOREM] c6,q is exactly a finite 13-term anchored lattice sum of products of 2D G, connected U4, and connected W6 correlations.",This reduces the layered sixth cumulant to solved-2D correlation objects while retaining all coincidence cases through XOR masks.,The S5-collected normal form has 13 structures and SHA-256 44510d76fcea9c6cc60c5e6f9858b99de150022fe7df9162f06e033a76374eb3.,Independently expand Bell(6) block moments into G/U/W and compare canonical forms.,Producer and clean-room enumerations agree exactly; the latter also exhaustively evaluates both sides on an open 2x2 layer.,The result is coefficientwise formal and not a scalar evaluation of the infinite sums.,proved,experiments/e99_c6_closed.py;tests/test_c6_closed.py;results/interlayer/c6_closed.json;proofs/c6_closed.md,Attempt the analogous c8 correlation reduction while preserving XOR coincidence handling.
H357,2026-08-16,"[COMPUTATION] The exact c6,q prefix through v^12 is 1/45 + 4v^2/45 + 304v^4/5 + 144236v^6/45 + 4097156v^8/45 + 83024036v^10/45 + 455977232v^12/15.",An exact re-expansion checks that the correlation reduction agrees with prior finite-series data.,"The height-2, height-3, and height-4 profile rows sum coefficientwise to the displayed series.",Rebuild open-rectangle boundary-mask transfer then vertical and planar Mobius inversion through span six.,All 28 exact rectangle contributions match results/interlayer/c6_series.json through v^12.,Only the finite high-temperature prefix is certified.,verified,experiments/e99_c6_closed.py;results/interlayer/c6_closed.json;results/interlayer/c6_series.json,Preserve the certified scope and use the artifact as a regression or input to the next exact route.
H358,2026-08-16,"[COMPUTATION] The exact variable change c6,w=c6,q+(4/3)c4,q+(23/45)c2,q gives residual c6,w=2v^2+138v^4+13682v^6/3+109718v^8+2061698v^10+32654478v^12 after vertical log-cosh removal.",The wave-variable coefficient is the independently stored interlayer observable.,Every coefficient through v^12 agrees including the removed 1/6 constant in the total w-series.,Run the standalone verifier against the stored q and w arrays.,tests/test_c6_closed.py prints PASS after exact Fraction comparisons.,No claim is made beyond v^12.,verified,tests/test_c6_closed.py;results/interlayer/c6_closed.json;results/interlayer/c6_series.json,Preserve the certified scope and use the artifact as a regression or input to the next exact route.
H359,2026-08-16,[UNRESOLVED] No scalar closed evaluation of the infinite lattice sums containing connected six-point W6 has been obtained.,The 13-term theorem isolates the remaining obstacle in standard 2D correlation objects.,A genuine closed evaluation would eliminate the W6/U4 lattice sums without fitting to any 3D benchmark.,Derive or rigorously sum the required infinite 2D Pfaffian/fermionic correlation contractions.,The present exact reduction and finite series neither supply nor imply that summation.,"Critical-point values, convergence radius, and a solution of the 3D Ising model remain unresolved.",open,proofs/c6_closed.md;results/interlayer/c6_closed.json,Evaluate or bound the remaining connected six-point lattice sums; no scalar closed form is known.
H361,2026-08-16,"[CORRECTION][THEOREM] The complexified open-3x3 layer algebra is not isomorphic to any quotient of the Onsager algebra, and no generating pair in it satisfies the normalized Dolan--Grady relations.","Correct H360, whose 11 values were appended against the wrong field schema, while preserving the append-only ledger.","Each simple factor sl_d for d in {33,48,59,3,16,30} is non-sl2; Date--Roan therefore excludes a finite-dimensional Onsager quotient, and 1+8033=8034.",Run tests/test_oa_3x3.py and recheck the pinned source hashes plus factor arithmetic.,The clean-room verifier and fulltext source audit passed; results/algebra_structure/oa_3x3.json records the six-factor contradiction.,The theorem is finite-layer and characteristic-zero; it does not exclude non-Onsager or infinite-dimensional mechanisms.,confirmed,experiments/e100_oa_3x3.py;tests/test_oa_3x3.py;results/algebra_structure/oa_3x3.json;proofs/oa_3x3.md,Treat H361 as the semantically aligned replacement for H360; never delete or reinterpret H360.
H362,2026-08-16,"[THEOREM] Every compact finite-support operator on Z^3 commuting with one nondegenerate generator H_g = a sum_x X_x + b sum_<xy> Z_xZ_y (ab != 0), in the finite-commutator-derivation sense, is a scalar multiple of the identity; the simultaneous centralizer of A and B is the corollary.",Earlier no-go results were Pauli-string statements (Theorem 11) or finite-graph commutant computations (e52/e61). An all-size statement over arbitrary complex finite-support observables closes the compact conserved-charge route for every nonzero field and coupling.,"Choosing v of maximal first coordinate and w=v+e_1 forces S cap N(w)={v}; the Z_w tensor slot of the commutator equals b[Q,Z_v] exactly, and after Q = I_v (x) Q_I + Z_v (x) Q_Z the Y_v slot equals 2ia Q_Z exactly, so support peels by induction.",Run tests/test_local_commutant.py: exhaustive private-neighbour census plus exact-Q kernels of a ad_A + b ad_B on nine representative supports with full Z^3 boundary bonds.,"271,099 nonempty subsets over five boxes (821,548 maximal-site checks, 0 failures); nullity exactly 1 for all nine supports and six nonzero (a,b) pairs, two-prime agreement; sabotage control fails when boundary bonds are dropped.","Compact finite support only: extensive translation sums of local densities, quasilocal/infinite-support charges, finite-torus prod X, nonlinear transfer-operator commutants, and the degenerate a=0 or b=0 cases stay outside scope.",confirmed,experiments/e115_local_commutant.py;tests/test_local_commutant.py;results/integrability/local_commutant.json;proofs/local_commutant.md,Attempt the extensive-density analogue (sums of uniformly bounded local terms) which is the class that carries 1D integrability.
H363,2026-08-16,"[THEOREM] At tanh(K*/2)=1/3 the exact 2x3 layer transfer spectrum is not any full six-mode Gaussian subset-product multiset {a prod u_i^eps_i}, proved without eigenvalue ordering, inertia, positivity, or simplicity assumptions.","Theorem S used Sylvester inertia on the three lowest eigenvalues, so it depended on ordering and on a forced-value window. A collision-counting invariant of the whole spectrum removes both dependencies.","A Gaussian spectrum makes the C(64,2)=2016 slot pair products take at most 3^6-2^6=665 distinct values, hence deg gcd(C2,C2') >= 1351; the integer-scaled model R_int = D R with D=3^15*5^4 makes every modular gcd degree an upper bound for the characteristic-zero degree.","Run tests/test_pair_product_obstruction.py: rebuild R from raw Fractions, get power traces mod p, Newton-reconstruct the degree-2016 pair polynomial, and take its gcd with the derivative.","gcd degree 385 at p=1000003 and 2000003 for the 2x3 layer, hence at least 1631 distinct pair products > 665; the n=6 open-chain control and a synthetic six-mode Gaussian both give exactly 1351, and a four-mode synthetic gives exactly 120-65=55.","One coupling, one layer, full six-mode families only: parity-projected sector pairs, submultisets of larger Gaussians, other couplings/layers, and thermodynamic-limit statements are not decided; equality of the characteristic-zero gcd degree with 385 is not claimed.",confirmed,experiments/e107_pair_product_obstruction.py;tests/test_pair_product_obstruction.py;results/spectral/pair_product_obstruction.json;proofs/pair_product_obstruction.md,"Run the same ordering-free invariant over a rational t-interval and on the 2x4/3x3 layers, where inertia windows were expensive."
H364,2026-08-16,"[THEOREM][COMPUTATION] The sole frozen e56 high-temperature Euler-ODE survivor (order 2, degree 6, 21 columns, TRUNCATION_UNOBSERVABLE at the v^22 budget) is refuted by the first previously unobservable coefficient v^24, so no HT survivor remains in that frontier.",A truncation-unobservable kernel is not evidence of a relation; the honest test is the withheld coefficient it was structurally unable to see. Exact v^24/v^26/v^28 became available in wave 10.,"Rebuilding the training matrix from v^0..v^22 gives rank 20 and a one-dimensional kernel equal to the frozen vector; its residual at v^24 is 499752451221372610239349461368647432702945848808/11 != 0, and the 29-equation system has full column rank 21.",Run tests/test_series_frontier3.py: rebuild the kernel from raw coefficients and evaluate the withheld orders without importing producer conclusions.,Odd orders vanish by parity; v^26 and v^28 residuals 500071378398815869213964078020051854907899278078520/143 and 22667554452529238570074088272879080635241164323868544/143 confirm; eight frozen e43 strict refutations and one NO_RELATION control replay exactly.,"Finite-prefix, finite-ansatz statement about one frozen row: it does not prove non-D-finiteness or non-differential-algebraicity, and no survival discovery was attempted.",confirmed,experiments/e113_series_frontier3.py;tests/test_series_frontier3.py;results/series/frontier3.json;proofs/series_frontier3.md,"Extend the predeclared exact grid to (r+1)(d+1)+2 <= 29 using v^24..v^28 as strict holdouts, never as training data."
H365,2026-08-16,"[THEOREM] a_35 >= 76401062626946721319 by exact inclusion-exclusion of the height-slab family H, the defect family L, and the globally coordinate-monotone family C, giving mu^36 <= 2941294455272074779839351 and K_c >= 0.2122120589214465859334619330429416874541.","Wave 10 used H alone. L and C are large explicit families whose pairwise intersections are exactly computable, so their union strictly improves the first-backtrack chained bound at n=36.",H cap L is empty because every H-walk has height exactly 7 after 11 steps while an L-walk has 11-2d with d <= 1; |C cap L| = 3^35 + 4*34*2^33 = 50032713330104219; |C cap H| = 157640944278888 by an exact orthant Moebius sum of height DPs.,"Run tests/test_saw_union.py: independent iterative enumeration, closed-form C count, per-pattern C cap H count, mini-slab cross-checks, and directed 150-dps endpoint rounding.","|B|=729000, |T|=142016661, |H|=75473476338501000000, |L|=644233352324156721, |C|=333543290395947705; union 76401062626946721319 exceeds the wave-10 base, and the new floor exceeds the wave-10 floor 0.2122120570061123902353626109344172245745.",The union is a finite a_35 certificate; only the first-backtrack inequality and Fekete step are all-size. The ratio route mu^2 <= c_32/c_30 still needs a_29 >= 270569905525454674592 against L_29 = 741377533262625.,confirmed,experiments/e116_saw_union.py;tests/test_saw_union.py;results/bounds/saw_union.json;proofs/saw_union.md,Add further exactly-countable disjoint families (bridge/one-defect coordinate classes) or push the same union to n larger than 36 when an audited c_n becomes available.
H366,2026-08-16,"[THEOREM] Ordering-free, all-but-finitely-many-couplings no-go for the full six-mode Gaussian spectrum of the open 2x3 layer: for every t>0 outside the finite root set of one nonzero rational polynomial (bounded by 422,472,960 values), the exact transfer spectrum has at least 1631 distinct unordered-slot pair products against the Gaussian maximum 665.","Wave-11 Theorem P was a single rational point. Because the pair-product polynomial is monic in z with coefficients in Z[t] under the scalar (2t)^3(1+t^2)^4, specialization can only raise the derivative-gcd degree, so one evaluated point bounds the generic value and a single resultant confines the exceptions to a finite set.","Specialization lemma: monic A in Q[t][z] forces G and A/G into Q[t][z] and deg gcd(A(t0),B(t0)) >= g_gen for every t0; genericity lemma: rho = Res_z(A/G, B/G) is a nonzero element of Q[t] and equality holds wherever rho(t0) != 0; entry degree 26 and wedge degree 52 give deg rho <= 2*52*2016*2015.",Run tests/test_pair_product_scale.py: raw rational rebuild of a new 2x3 coupling plus the wave-11 regression and the same-site chain control.,gcd degree 385 at both primes for all eight stored 2x3 couplings (t=1/5 independently rebuilt from raw Fractions); n=6 chain control exactly 1351 = its Gaussian floor; the generic accounting and exceptional-root bound are recomputed in the verifier.,"The exceptional polynomial is not expanded and its roots are not located, so the finitely many exceptional couplings are undecided; char-0 gcd equality with 385 is not claimed; parity-projected, embedded-Gaussian, and thermodynamic-limit statements are out of scope.",confirmed,experiments/e118_pair_product_scale.py;tests/test_pair_product_scale.py;results/spectral/pair_product_scale.json;proofs/pair_product_scale.md,"Attack the 3x3 layer (the direct modular power-trace stage hit a 90 s wall) with a blocked/streamed trace pipeline, and try to locate or bound the real positive exceptional t values."
H367,2026-08-16,"[THEOREM] The open 2x4 layer (dimension 256) at t=1/3 is not a full eight-mode Gaussian subset-product spectrum: the exact modular pair-product gcd degree is 9329, below the Gaussian floor 26335, so the spectrum has at least 23311 distinct pair products against the maximum 3^8-2^8=6305.",The ordering-free invariant scales with dimension where the inertia route needed certified symmetry sectors; 2x4 was previously covered only by the inertia/sector method at one coupling.,"C(256,2)=32640 unordered slot pairs; a Gaussian admits at most 6305 exponent classes, forcing gcd degree at least 26335; the monic integral model makes the modular degree an upper bound for characteristic zero.","Run tests/test_pair_product_scale.py, whose verifier independently raw-rebuilds the 2x4 case at p=1000003 and the n=8 chain control.",Independent rebuild reproduces gcd 9329 and both polynomial digests; the same-site n=8 open chain reaches exactly 26335 at both primes; the decisive comparison field is checked against the recomputed identities.,"One coupling and one layer, full eight-mode families only; the 3x3 layer walled out at 90 s with no spectral conclusion; equality of the char-0 gcd degree with 9329 is not claimed.",confirmed,experiments/e118_pair_product_scale.py;tests/test_pair_product_scale.py;results/spectral/pair_product_scale.json;proofs/pair_product_scale.md,"Run the generic-t specialization argument for 2x4 as well, and extend to 2x5/3x3 once the trace pipeline is memory-blocked."
H368,2026-08-16,"[THEOREM] Ordering-free physical-parity no-go, generic in the coupling: for all t outside a finite exceptional set (bounded by 25,534,083 values including 0 and +-i), the two P=prod X sector spectra of the open 2x3 layer are not the even/odd subset-product halves of any single six-mode Gaussian spectrum, in either sector assignment.","Wave-6 Theorem S' closed the parity loophole only at t=1/3 and only through inertia windows. Pair-product collision counting removes ordering and window dependence, and the specialization/resultant argument then makes the statement coupling-generic.","Within-half pair products realize at most A00(m)=A11(m)=(3^m+1)/2-2^m exponent classes and cross products at most A01(m)=(3^m-1)/2; at m=6 these are 301, 301, 364, forcing within-sector gcd degree at least 496-301=195.",Run tests/test_parity_pair_product.py: rebuild the sector split from P and the raw rational operator and recompute the decisive within-sector gcd degree.,"The P=+1 sector has modular gcd degree exactly 177 at p=1000003 (hence at least 319 distinct pair products against 301), 177 at every one of five deterministic rational t samples, and the brute-force exponent-class counts match the closed forms for m=2..6.","One layer; the finitely many exceptional t are undecided; a restriction/submultiset of a Gaussian on a larger space, a different fermionic grading, other layers, and thermodynamic-limit claims remain outside scope; char-0 gcd equality is not claimed.",confirmed,experiments/e119_parity_pair_product.py;tests/test_parity_pair_product.py;results/spectral/parity_pair_product.json;proofs/parity_pair_product.md,"Apply the same sector-threshold construction to 2x4 and to the cross-sector (even-odd) polynomial, whose floor 660 was derived but not needed."
H369,2026-08-16,"[THEOREM] A 25-member pairwise-disjoint height-slab grid plus two new two-defect languages raises the exact finite certificate to a_35 >= 499330428831189067251, hence mu^36 <= 2940871525905870537493419 and K_c >= 0.2122129322754723621039731646196408804906.","The wave-11 union used the single slab schedule (11,7,11,7,13). Varying the two slab rises over {3,5,7,9,11} gives 25 families that are pairwise disjoint because the heights after 11 and 22 steps identify the schedule, so their union is 6.5 times larger.","Length-11 parity forces odd rises and B(11,1)=0; each H_(q1,q2) is an injective concatenation with exact count B(11,q1)B(11,q2)T(13); all C, L, and triple overlaps are exact finite DP/Moebius counts, and the two-defect fold/corner languages are disjoint from L and C by defect count and sign reversal.","Run tests/test_saw_union2.py: independent DFS block profile, per-schedule overlap recomputation, inclusion-exclusion traps, and 150-dps directed rounding.","Independent block counts B(11,{3,5,7,9,11}) = 5832, 411156, 729000, 551124, 177147 with T(13)=142016661 reproduce the grid total 498882773010021488541; the lead independently recomputed the grid net 498390727964942607428 and the final a_35 and M; 392 two-block and 1651 three-block schedules are stored in full.","Finite n=35 certificate: no all-r strengthening of L_r is proved, the split maxima hold only over the stored finite domains, other one-fold designs are unclassified, and the Kesten ratio route remains open.",confirmed,experiments/e120_saw_union2.py;tests/test_saw_union2.py;results/bounds/saw_union2.json;proofs/saw_union2.md,Extend the disjoint-schedule idea to three-block grids and to families with prescribed heights at more cut positions; each new disjoint schedule adds exact mass.
H370,2026-08-16,"[COMPUTATION] The expanded exact HT/LT structure grid over algebraic, first-order differential-algebraic, Euler-ODE, and Mahler ansatz spaces has 633 admissible cells with verdicts 322 NO_RELATION_AT_BUDGET, 159 CANDIDATE_REFUTED_BY_HOLDOUT, and 152 CANDIDATE_SURVIVES, every survivor certified truncation-unobservable, hence zero unexplained survivors.","With HT now exact through v^28 the predeclared next budget (r+1)(d+1)+2 <= 29 became available, and the wave-11 refutation of the last Euler survivor had to be re-checked inside a complete grid rather than a single row.","Each cell trains only on orders 0..U+1 and holds out every later safe order; NO_RELATION rows store a nonzero exact maximal minor from fraction-free Bareiss elimination, refuted rows store the first refuting order and exact residual, survivors store full kernels with support certificates and first testable order.","Run tests/test_series_grid.py, which independently replays all 633 cells from the raw exact coefficients.","The verifier rebuilds every training/full rank, holdout ladder, residual, and minor, replays all 152 survivor support certificates and all 18 legacy LT rows in their reduced-u convention, and finds dynamic split-sensitive U+2 witnesses for all four families; the wave-11 v^24 refutation is reproduced inside the grid.","Finite-budget frontier facts only: full rank at a budget is not non-existence for the true function, and no non-algebraicity, non-differential-algebraicity, or non-D-finiteness claim follows; the LT artifact gained no new observable order, so the 18 legacy survivors are unchanged.",confirmed,experiments/e121_series_grid.py;tests/test_series_grid.py;results/series/grid.json;proofs/series_grid.md,"Recompute the LT side after x^34 becomes available, which is the first order that can test the 18 legacy survivors."
H371,2026-08-16,"[COMPUTATION] Exact translation-covariant extensive-charge census: modulo the identity and finite lattice divergences, the 1D transverse-field Ising chain has quotient dimension exactly 2R for R=0..9 (a growing charge tower), whereas Z^2 at R=1,2 and Z^3 at R=1 have quotient dimension exactly 1 - only the Hamiltonian density itself.","Theorem LC (H362) kills compact finite-support charges but explicitly excludes extensive sums of local densities, which is the class carrying 1D integrability. This front decides that class at every radius reached.","For a finite density q, the formal derivation [sum_x tau_x(q), H_g] vanishes iff the local commutator is a lattice divergence sum_i (s_i - tau_(e_i) s_i); equivalently ker pi = sum_i (1-tau_(e_i)) D, so the nontrivial quotient dimension is rank S_R - rank M_R - 1 with S_R the orbit-sum map and M_R = pi D.","Run tests/test_extensive_charges.py: independent coinvariant ranks, rooted-tree current reconstruction, the explicit 1D energy-current density, and a third-prime recomputation of both decisive sandwich ranks.","1D quotient dims 0,2,4,6,8,10,12,14,16,18 for R=0..9 with the oriented energy current detected at R=1; Z^2 R=1 exact rank pair (229,227) and R=2 certified (254209, 254207) meeting the independent I,h upper bound; Z^3 R=1 certified (64813, 64811) likewise; a finite-box corollary gives quotient 1 for all but finitely many nonzero ratios b/a.","Finite radius only: Z^2 with R>=3 (4^16 densities) and Z^3 with R>=2 (4^27 densities) were never launched and are recorded as input-size preflights, not observed walls; quasilocal, non-translation-covariant, and larger-support densities are unclassified, and no general non-integrability theorem follows.",confirmed,experiments/e117_extensive_charges.py;tests/test_extensive_charges.py;results/integrability/extensive_charges.json;proofs/extensive_charges.md,"Exploit symmetry-reduced or streamed column generation to reach Z^3 at R=2, and identify the finite exceptional b/a ratios for the completed boxes."
H372,2026-08-17,"[THEOREM] Family no-go (Theorem F): for every finite graph with a vertex of degree >= 3 and every n, at inhomogeneous parameters off an explicit hypersurface of degree <= 4(2n+|E|)S(S-1) with S=C(2^n,2), the layer transfer spectrum has at least 3^n-2^n+48*3^(n-4) distinct unordered-slot pair products, hence is not a full n-mode Gaussian subset-product multiset.","All previous spectral certificates fixed one layer size. A tensor/localization identity for the pair-product count, seeded by a single 16-dimensional claw certificate, removes the size quantifier and gives an excess that is a constant fraction 16/27 of 3^n at every n.","Lemma 1 caps a Gaussian at 3^n-2^n distinct slot-pair products; Lemma 5 gives the exact tensor identity r(core + m free modes) = (3^m-2^m) r_all(core) + 2^m r(core) over independent indeterminates; the claw supplies r_all >= 129 > 81; monic specialization transfers the gcd upper bound from the special decoupled point to the generic point, never the reverse.","Run tests/test_allsize_gaussian.py: independent claw rebuild through explicit 120x120 exterior and 136x136 symmetric squares, plus independent rebuilds of the isotropic 2x4, 3x3 and uniform T+P_4 certificates.","53 standalone checks pass; the claw input is rebuilt twice independently; Corollary F1 gives Lebesgue-measure-zero exceptions, so almost every random-field/random-bond branching layer is non-Gaussian; Corollary F2 is a Schwartz-Zippel sampling statement.","The physical isotropic curve is NOT covered by Theorem F at any n, and section 9 proves that is a genuine obstruction of the method: the isotropic claw is not certified above the ceiling and equal-field localization is provably linear in m (Lemma 9 with the true bound r_all <= 136). Parity-projected spectra, restrictions of larger Gaussians, and thermodynamic-limit statements stay out of scope.",confirmed,experiments/e128_allsize_gaussian.py;tests/test_allsize_gaussian.py;results/spectral/allsize_gaussian.json;proofs/allsize_gaussian.md,"Attack the isotropic curve with a core that is certified above the ceiling at uniform fields (the 5-vertex T) plus a decoupled open chain, which keeps the free modes distinct; that is Theorem G/F2 territory."
H373,2026-08-17,"[THEOREM] Isotropic-curve genericity (Theorem G): for each of eight certified isotropic cases (T+P_m for m=0..4 and the 2x3, 2x4, 3x3 layers), one named-point pair-product bound plus monic specialization on the isotropic curve gives the same conclusion for all but finitely many t, with deg rho <= 4(2n+2|E|)S(S-1).","Named-point certificates on the physical uniform curve were previously isolated points. Lemma 10 shows the scaled operator M(t) = (2t)^|E| P_t D(q) P_t is integral with entry degree <= 2n+2|E| along the curve, which is exactly what the specialization/resultant argument needs.","Because the pair polynomial is monic in z over Z[t] on the curve, deg gcd can only rise under specialization, so a single evaluated point bounds the generic value, and Res_z(A/G, (dA/dz)/(S G)) is a nonzero element of Q[t] whose finitely many roots contain all exceptions.","Run tests/test_allsize_gaussian.py: every isotropic-curve genericity row is recomputed, and the 2x3 degree bound is compared against the independently derived value in proofs/pair_product_scale.md.","All eight rows recompute exactly; the 2x3 bound comes out as 422472960, identical to the independently derived wave-12 value, which cross-checks the bookkeeping.","The exceptional polynomial is never expanded, so the finitely many exceptional couplings stay undecided; the argument covers only the eight named graphs, not all sizes on the isotropic curve.",confirmed,experiments/e128_allsize_gaussian.py;tests/test_allsize_gaussian.py;results/spectral/allsize_gaussian.json;proofs/allsize_gaussian.md,Extend Theorem G to a family of isotropic graphs by proving a uniform-field version of the localization identity with an open chain in place of free sites.
H374,2026-08-17,"[THEOREM] The open 3x3 layer at t=1/3 is not a full nine-mode Gaussian subset-product multiset: the exact modular pair-product gcd degree is 59641 at p=1000003 and p=2000003, below the Gaussian floor 111645, so the spectrum has at least 71175 distinct pair products against the maximum 3^9-2^9=19171.","3x3 is the first layer with a degree-4 vertex and the case where the wave-12 pipeline hit a 90-second wall with no conclusion. The blocking stage was the direct modular power-trace computation at dimension 512 with C(512,2)=130816 pair slots.","Traces to k=512 by blocked modular multiplication, Newton reconstruction of the degree-512 characteristic polynomial, extension of traces to 2*130816 by its own recurrence, pair power sums (s_m^2-s_(2m))/2, Newton reconstruction of the degree-130816 pair polynomial, then a finite-field gcd, all under the monic integral model.","Run tests/test_pair_product_3x3.py: raw-Fraction rebuild of the 3x3 case at both primes with digest comparison, the n=9 chain control, and the 2x3/2x4 regressions.","Two independent implementations (e122 and the separate integer-Kronecker build in e128) agree on 59641 with matching pair-polynomial digests; the n=9 open chain reaches exactly its Gaussian floor 111645; observed producer 215 s, verifier 539 s, peak RSS 154 MB.",One coupling and one layer for the point statement (Theorem G supplies the all-but-finitely-many-t upgrade); char-0 equality of the gcd degree with 59641 is not claimed; parity sectors and larger-space restrictions remain open.,confirmed,experiments/e122_pair_product_3x3.py;tests/test_pair_product_3x3.py;results/spectral/pair_product_3x3.json;proofs/pair_product_3x3.md,"Push the same pipeline to 2x5 (dim 1024) and 4x4 (dim 65536 is out of range, so 3x4 next), and reuse the blocked trace stage wherever a large layer is needed."
H375,2026-08-17,"[THEOREM] Exact finite union with variable-cut and three-block slab schedules plus three-gadget defect families gives a_35 >= 507841195880595165555, hence mu^36 <= 2940863015138821131395115 and K_c >= 0.2122129498516328253630821339504383555437.","The wave-12 grid varied only slab rises, where the heights after 11 and 22 steps identify the schedule. Varying cut positions and block counts needs a genuinely proved separator for every pair, which is what this front supplies.","All 820 schedule pairs carry an explicit disjoint allowed-height step; every pairwise, triple and gadget-grid intersection is an exact DFS/DP/automaton count; the chain mu^36 <= c_36 - a_35 and the directed 40-place downward floor are unchanged in form.","Run tests/test_saw_union3.py: independent profile DFS, all 820 separators, all 82 gadget-schedule intersections, inclusion-exclusion omission traps, and 150-dps directed rounding.",25 standalone checks pass; the lead independently recomputed the endpoint from M; the gain over the wave-12 floor is 1.7576e-8; independent review returned NO_FINDINGS.,The 16 selected new schedules are not a global optimization over all 35-step schedules; this is a finite a_35 certificate with no all-r recursion and no Kesten-ratio result.,confirmed,experiments/e123_saw_union3.py;tests/test_saw_union3.py;results/bounds/saw_union3.json;proofs/saw_union3.md,"Enumerate schedules with prescribed heights at more than two cuts, and look for a family whose separator argument is uniform in the number of cuts."
H376,2026-08-17,"[COMPUTATION] The exact simple-cubic low-temperature reduced free energy is extended from x^32 to x^52 (ten new coefficients, u^17..u^26) with per-box CRT uniqueness certificates, and 11 of the 18 legacy LT truncation-unobservable survivors are refuted; the remaining 7 first become testable at x^54.","x^34 is exactly the first order that can test the 18 stored LT survivors, so extending the series converts a standing bookkeeping caveat into decisions. The cited surface-area bound 4(a+b+c)-6 fixes the box budget a+b+c <= 14 for x^52.","Each CRT box uses the per-coefficient bound 0 <= [x^q] Xi_A <= 2^N with a modulus product strictly exceeding 2*2^N; 364 ordered boxes reduce to 83 canonical classes, 70 int64 and 13 CRT.","Run tests/test_lt_x34.py: independent rebuild of x^0..x^52 by a structurally different route, per-row recomputation of every CRT certificate from raw shape data, and replay of all 18 survivor residuals.",New coefficients x^34=666750 through x^52=-46131904167/2; all 33 stored coefficients and all odd zeros reproduced first; Guttmann-Enting Table 2 agrees as a post-computation witness (PDF sha256 recorded); 11 refutations carry first refuting orders and exact residuals.,"The 7 remaining survivors are undecided until x^54, which the transfer engine's 22-spin cross-section guard blocks; the global normalization sum check is unavailable for truncated CRT boxes and is recorded as such.",confirmed,experiments/e124_lt_x34.py;tests/test_lt_x34.py;results/series/lt_x34.json;proofs/lt_x34.md,Break the 22-spin cross-section guard (or find a cheaper route) to reach x^54 and decide the last 7 LT survivors.
H377,2026-08-17,"[COMPUTATION] Support-size stratification is exact and breaks the wave-12 wall: in the 3x3x3 box the class of densities whose words have at most 4 non-identity sites has extensive-charge quotient exactly 1 (only the Hamiltonian density), and in Z^2 the radius-3 box gives quotient 1 up to support size 5.","The full Z^3 radius-2 box needs 4^27 density coefficients, so the only way forward was a proved reduction. A bond commutator is nonzero only when one endpoint already carries an X, so support grows by at most one site: the restricted system is closed and its rank is meaningful.","Quotient = rank S - rank M - 1 within the class, with the Hamiltonian density inside the class for s >= 2; two-prime modular ranks meet the analytic I,h upper bound rank S - 2.","Run tests/test_extensive_3d_r2.py: independent recomputation with a different orbit encoding and a third prime, plus reproduction of the wave-12 anchors.","Z^3 R=2 s<=4: 1503766 columns, rank S 822334, both prime ranks 822332 = the analytic bound, quotient 1; Z^2 R=3 s<=5: 1225093 columns, quotient 1; wave-12 anchors (65536/64813/64811 and 262144/254209/254207) reproduced by producer and verifier.","The FULL Z^3 R=2 box is not decided: any density needing a word with >= 5 non-identity sites is open, and the s<=5 3D class is an observed wall (5 GiB after 171.8 s and 1.65M of 21.1M columns). Point-group reduction alone leaves >= 3.75e14 invariant coefficients, so symmetry is quantitatively insufficient.",confirmed,experiments/e125_extensive_3d_r2.py;tests/test_extensive_3d_r2.py;results/integrability/extensive_3d_r2.json;proofs/extensive_3d_r2.md,"Stream the s<=5 class with an out-of-core or blocked modular echelon, or find a proved peeling lemma that bounds the support size a charge could need."
H378,2026-08-17,"[COMPUTATION][EXTERNAL] Finite-shape reconstruction of the absence-of-local-charge mechanism in the Z^d translation-orbit framework: leading-symbol rows have at most two nonzero entries, the forcing statements T1/T2/M hold on every tested shape, single-shape densities in d >= 2 have exact kernel 0 at seven shapes, and the d=1 counterpart has kernel exactly 1 with an explicit conserved family.","The general d >= 2 theorem is due to Chiba (arXiv:2412.18903, PRB 111 195130 (2025)) under a periodic-L hypothesis; reproducing the mechanism without that hypothesis, and quantifying what the leading symbol alone cannot remove, tells us exactly where a self-contained proof would have to work.","T2's hypothesis is vacuous on chains because chain faces are single sites, which is the discriminating structure; the residual active kernel of the all-direction leading symbol is nonzero at every tested shape.","Run tests/test_allr_charges.py: 19584 assertions covering reference densities, global quotients, leading-symbol rows, pointwise rows, and single-shape kernels.","T2_words = 0 on every chain shape (2)..(10) and > 0 on every d >= 2 shape; d=1 single-shape kernel is 1 at shapes (2)..(7) with witness j_n = Y_0 X_1..X_(n-2) Z_(n-1) - Z_0 X_1..X_(n-2) Y_(n-1) conserved for n=2..8; residual active kernels 2, 6, 28, 184, 120 at (2,2)/(2,2,2), (3,2)/(2,3), (4,2)/(2,4), (3,3), (5,2)/(2,5).","No all-radius or all-shape statement is proved here: T1, T2, M and the single-shape statement are tagged [CONJECTURE] with finite certificates, and the unrestricted d >= 2 theorem is credited to Chiba. An earlier draft of the note overstated four items as theorems and was corrected.",confirmed,experiments/e127_allr_charges.py;tests/test_allr_charges.py;results/integrability/allr_charges.json;proofs/allr_charges.md,"Control the shape-preserving subleading level uniformly in the shape, which is precisely what would upgrade T1/T2/M from finite certificates to proofs."
H379,2026-08-17,"[THEOREM, conditional] For the 2xL ladder pair A_L = sum X, B_L = sum ZZ: in the X eigenbasis A_L = 2L - 2N and B_L = D + F + Ddag with ad_A eigenvalues -4, 0, +4, so g_L is particle-number graded and contains D, F, Ddag at bracket depth 3; g_L psi lies in the invariant even space K_L with dim K_L = 2^(2L-3) + 3*2^(L-2); hence if SectorSaturationCyclicity(L) holds (g_L psi = K_L) then dim g_L >= 2^(2L-3) >= 2^L for every L >= 3, quadratically stronger than the standing conjecture.","Every previously tried route (single-Pauli-word injection, AB/BB doubling, erase-last-rung, stationary two-letter, patched children, BAB repairs, six period-two schedules) is documented as obstructed. The evaluation/stabiliser-module reduction changes the arena: it replaces a rank problem in 16^L Pauli coordinates by one in 4^L state coordinates.","D = (1/32)[A,[A,B]] - (1/8)[A,B], Ddag the same with +1/8, F = B - (1/16)[A,[A,B]]; s_psi = {T : T psi = 0} is a Lie subalgebra and g_L psi is invariant under the associative algebra it generates, so dim g_L >= dim(g_L psi), also in the multi-vector form.","Run tests/test_ladder_alll_proof.py: independent rebuild of the integer-Pauli identities and configuration actions at L=2,3,4, direct orbit-sum construction of K_L through L=9, and the state-space certificates.","178 standalone checks, 0 failures; complete modular closures give (dim g_2, dim g_2 psi) = (11,3) and (263,14), so g_3 psi = K_3 saturates at L=3 and cross-checks the stored 263; state-space certificates prove dim g_L >= 2^L for L = 3..8 with reproduced ranks 8,16,32,64,128,256.","SectorSaturationCyclicity is NOT proved for any L > 3, so the all-L bound stays conditional. The bounded L=9 recipe reached rank 420 of 512 before its 335 s per-row budget, which is a non-certificate, not evidence against saturation; the three-state multi-vector preflight (rank 26) and the rung-lex leader screen (7 leaders) also fail to close L=9; a longer preflight is unlaunched.",confirmed,experiments/e129_ladder_alll_proof.py;tests/test_ladder_alll_proof.py;results/algebra_growth/ladder_alll_proof.json;proofs/ladder_alll_proof.md,"Prove SectorSaturationCyclicity by a state-space triangularity/leader argument or a one-rung induction; that alone would give an unconditional all-L theorem and, with the mode-counting argument, an all-L free-fermion no-go for the ladder family."
H380,2026-08-18,"[THEOREM] The open 2x5 layer at t=1/3 is not a full ten-mode Gaussian subset-product multiset: the exact modular pair-product gcd degree is 124921 at p=1000003 and p=2000003, below the Gaussian floor 465751, so the spectrum has at least 398855 distinct pair products against the maximum 3^10-2^10=58025.","2x5 is the next layer size past 3x3 on the blocked trace pipeline; it is the second largest certifiable case before the 3x4 preflight, and it exercises the full Newton-recurrence machinery at degree 523776.","Traces to k=1024, Newton reconstruction of the degree-1024 characteristic polynomial, extension to 2*523776 by the characteristic recurrence, pair sums (s_m^2-s_(2m))/2, Newton reconstruction of the degree-523776 pair polynomial, finite-field gcd, all under the monic integral model, so any modular gcd degree is an upper bound for the characteristic-zero degree.","Run tests/test_pair_product_2x5.py: raw rebuild at p=1000003 reproducing gcd=124921 and all coefficient digests, chain n=10 control at exactly 465751, and the 2x3/3x3 digests replayed.","gcd degree 124921 at both primes; 523776 - 124921 = 398855 > 58025; open chain n=10 reaches exactly its Gaussian floor 465751 at both primes; wave-12/13 regressions (2x3 = 385, 3x3 = 59641) replay with matching digests; producer ~2000 s wall / 1900 s CPU, peak RSS 224 MB. Independent review: NO_FINDINGS.",One coupling and one layer for the point statement (Theorem G supplies the all-but-finitely-many-t upgrade with resultant exceptional bound 51576065587200); char-0 gcd equality with 124921 is not claimed; parity sectors and larger restrictions stay outside scope.,confirmed,experiments/e136_pair_product_2x5.py;tests/test_pair_product_2x5.py;results/spectral/pair_product_2x5.json;proofs/pair_product_2x5.md,Apply the pipeline to the 3x4 preflight (dim 4096) once its per-stage process_time budget arithmetic is made explicit.
H381,2026-08-18,"[THEOREM] For the 2xL ladder layer, SectorSaturationCyclicity as a universal hypothesis is refuted by certified falsity at L=4,5,6,7: the vacuum module misses the invariant space K_L by certified 4B-invariant orthogonal annihilator blocks of dimensions 0,2,10,66,364, with exact cyclic dims 14/14, 42/44, 142/152, 494/560 at L=3..6 and 1780/2144 at L=7. Certified bound dim g_L >= K_L - W_L at L=3..7 (1780 at L=7) subsumes the 2^L certificates at those L; nothing about L >= 8 is claimed.","The wave-13 conditional theorem reduced the ladder growth conjecture to one named hypothesis; this front decides that hypothesis definitively, which tells the program exactly what to fix next.","The evaluation module g_L psi is contained in the invariant space K_L of dimension (2^(2L-1)+3*2^L)/4; orthogonal W blocks are constructed explicitly and shown to be 4B-invariant, sector-homogeneous, and psi-orthogonal, with the cyclic modular ranks matching the exact-Q annihilator complement per block.","Run tests/test_sector_saturation_tensor.py: 101 checks including the saturating control at L=3, the raw F pair-create/rail-hop actions on every configuration at L=3,4, the rho-breaking new-edge witness at 4->5, and per-block 4B membership over Q.","Cyclic ranks 14/14, 42/44, 142/152, 494/560, 1780/2144 are equalities from the annihilator complement, not just inequalities; dim K_L matches Burnside by two routes; the L=3 saturation matches dim g_3 = 263; the one-rung cut is certified NOT K-preserving via an explicit rho-breaking orbit witness.","No dim g_L is computed for L >= 4 and no asymptotic statement about W_L/K_L is made; the one-rung induction is proved to fail in exactly the way specified (new hopping does not preserve the invariant space), and 3 rows of the cut factorisation (5->6, 6->7, 7->8) are recorded only in the artifact, not retabulated here.",confirmed,experiments/e131_sector_saturation_tensor.py;tests/test_sector_saturation_tensor.py;results/algebra_growth/sector_saturation_tensor.json;proofs/sector_saturation_tensor.md,"Replace the saturation hypothesis by a certified estimate for W_L/K_L: either prove it stays below 1 - 2^L/K_L for all L (rescuing dim g_L >= 2^L), or find the first L where it crosses."
H382,2026-08-18,"[THEOREM] The Z^3 radius-2 support-size s<=5 extensive-charge class is decided: rank_Q(M_{C(3,2,5)})=14,757,410 (= rank_S - 2) from the two-prime sandwich at p=2147483647 and 2147483629, certified quotient 1 — the only class density with vanishing projected commutator modulo shifts and identity is the Hamiltonian density h.","Wave-13's support-size stratification made s<=5 a 21,121,156-column well-posed system but the s<=4 ancestor had already been an observed 5 GiB wall. The break came from column-oriented exact F_p elimination with compact CSR pivot storage (reproduces the s<=4 certified rank in 92 s) plus the analytic I,h upper bound.","Bond commutator nonzero only when one endpoint carries X => support grows by at most one site (closed system; Lemmas A/B of extensive_3d_r2.md). Rank F_p M <= rank_Q M <= rank S - 2 (kernel contains I and the Hamiltonian density h), and both primes hit the upper bound, so rank_Q is exactly the upper bound and the quotient is 1.","Run tests/test_extensive_3d_s5.py: s<=4 regression 822332 at both primes before the new run; verifier independently reruns the closed-form sizes, the collision-free direct certificates, and the quotient from rankS - rankM - 1.","s<=5: columns 21,121,156, rank S 14,757,412, rank F_p M 14,757,410 at both primes, peak RSS 2293 MiB, p1 1446.7 s process time; greedy static certificate stalls at 0.905815 of the exact rank (recorded honestly); orbit-collision scan 26.47M terms, zero collisions.","The FULL Z^3 radius-2 box (words needing >= 6 non-identity sites) is NOT decided, and no all-size charge theorem follows; greedy lower bound is a floor, not the certificate; identities I and h inside the class are verified exactly.",confirmed,experiments/e135_extensive_3d_s5.py;tests/test_extensive_3d_s5.py;results/integrability/extensive_3d_s5.json;proofs/extensive_3d_s5.md,"Extend the exact column-echelon route to s<=6 with the same CSR machinery (next class up), and pursue the wave-14 dual certificate (pairing) analysis for the Z^2 radius-3 class."
H383,2026-08-18,"[THEOREM] The open 2x5 layer at t=1/3 is not a full ten-mode Gaussian subset-product multiset: the exact modular pair-product gcd degree is 124921 at both p=1000003 and p=2000003, below the Gaussian floor 465751, so at least 398855 distinct pair products against the maximum 3^10-2^10=58025.","2x5 is the second-largest layer the blocked trace pipeline has reached, completing the pair-product scale table (n=6..10). Its gcd panel verifies the same monic-integral-model degree at two primes and the same Wave-13 3x3 digest panel.","Newton reconstruction at degree 1024, recurrence extension to 2*523776, pair power sums, Newton reconstruction at degree 523776, finite-field gcd under the monic integral model; the n=10 open chain hits its Gaussian floor exactly (465751).","Run tests/test_pair_product_2x5.py: raw rebuild at p=1000003 reproducing gcd=124921 and all coefficient digests, chain n=10 control exactly 465751, and the 2x3/3x3 digests replayed.","gcd degree 124921 at both primes; 523776 - 124921 = 398855 > 58025; generic-t resultant exceptional bound 51576065587200; wave-12/13 regressions replay with matching digests; producer ~2000 s wall / 1900 s CPU, peak RSS 224 MB; independent review: NO_FINDINGS.",One coupling and one layer for the point statement; char-0 gcd equality with 124921 is not claimed; parity sectors and the 3x4 (dim 4096) case stay outside scope.,confirmed,experiments/e136_pair_product_2x5.py;tests/test_pair_product_2x5.py;results/spectral/pair_product_2x5.json;proofs/pair_product_2x5.md,Apply the same pipeline to the 3x4 preflight (dim 4096) once its per-stage process_time budget arithmetic is made explicit.
H384,2026-08-18,"[CORRECTION][THEOREM] H381 narrowed to its certified quantifier: SectorSaturationCyclicity as a universal hypothesis is refuted by certified falsity at L=4,5,6,7 (cyclic 14/14,42/44,142/152,494/560,1780/2144; W 0,2,10,66,364). Certified by THREE independent probes (e131 tensor, e130 state-space, e132 duality pairing). Nothing about L>=8 claimed.",Wave-13 conditional theorem dies at first failure L=4; quantifier sharpened after review of e131.,dim(g_L psi)=42<44 at L=4; W=364 at L=7; L=3 saturated (14=14).,tests: 101+72+19 PASS in main checkout.,"sibling artifacts e130,e132 agree at every overlapping row L=3..7.",L>=8 unclaimed; dim g_L L>=4 undetermined; W_L/K_L asymptotics UNRESOLVED.,confirmed,proofs/sector_saturation_tensor.md;proofs/sector_saturation.md;proofs/sector_saturation_pairing.md,Certify W_L/K_L vs 1-2^L/K_L or find first crossing.
H385,2026-08-18,"[THEOREM] Z^3 radius-2 s<=5 extensive-charge class: rank_Q(M_{C(3,2,5)})=14,757,410=rank_S-2 => quotient 1 (only Hamiltonian density, mod shifts and identity).","Wave-13's s<=5 was an observed 5 GiB wall; CSR column-echelon runs the full 21,121,156 columns at two primes hitting the analytic I,h upper bound.",rank_Fp <= rank_Q <= rank_S-2 and both primes hit => rank_Q pinned.,tests/test_extensive_3d_s5.py PASS; s<=4 regression 822332 at both primes first.,"columns 21,121,156; rank S 14,757,412; rank M 14,757,410; greedy 0.905815 as floor only.",FULL Z^3 radius-2 box NOT decided; no all-size theorem; s<=6 untouched.,confirmed,experiments/e135_extensive_3d_s5.py;tests/test_extensive_3d_s5.py;results/integrability/extensive_3d_s5.json;proofs/extensive_3d_s5.md,Extend CSR column-echelon to s<=6.
H386,2026-08-18,"[CORRECTION][COMPUTATION] Canonical mapping of the wave-14 ledger's H-series. The five earlier appended rows H380-H385 are: H380 = 2x5 spectral no-go (canonical); H381 = SectorSaturationCyclicity refutation (canonical); H382 = Z^3 s<=5 class (canonical); H383 = DUPLICATE of H380 (2x5, mistaken re-append); H384 = CORRECTION to H381 quantifier; H385 = DUPLICATE of H382 (s<=5, mistaken re-append). The H383/H385 rows are superseded by their canonical H380/H382 and by THIS row; they are NOT additional certification. Row count 386, all 11 columns, no embedded newlines.","Repeated re-appends during long batches created H383/H385 as duplicates of H380/H382 after earlier appends were assumed to have failed. The rule is preserves.append-only, so the duplicates are marked, not deleted.",rows with the duplicate flags are H383 and H385 only.,tests: H380's and H382's standalone verifiers pass; nothing in a canonical registry cites H383/H385 as a primary row.,"None of 2x5, s<=5, or H381's correction is DERPENDED by this marking; all three canonical results stand.",H380/H381-as-refutation/H382/H384/H386 are the archive's primary rows for these results.,corrected,notes/hypotheses.csv,Run the next full suite and move H38x to the canonical order in verified_results.json.
H387,2026-08-18,"[THEOREM][COMPUTATION](limitation theorem) The plain Peierls head+tail contour certificate cannot beat I_3/2: with the exact n<=10 class census (6,963,980 classes; N(26)=20448=6*2967+7*378, N(28)=33240), the exact partial sum at x*=e^{-I_3} already exceeds 1/2 (V(x*)=0.58831952760029326734594... > 1/2, margin 0.08832); the K*=0.2558326 > I_3/2=0.2527310 certification is 3-way-bisection-certified (gap 0.003102); the refine crossing's gain 0.01804 is annihilated (proved tail mass 1.65288>1/2); the Lagrange/Lagrange-tail ([z^{A-1}]z(1+T)^12 closed form; certified 625*A*B_A<=78*lambda^A) converges only at K>1.675498, so no finite exact head can close the gap; re-certified grid endpoint 1.695292 below wave-6's 1.696898.","The incumbent I_3/2 is the certified exact optimum of the two-point infrared class, and the two-point-only route is ruled out by mag_floor; this H closes that route's head-only attempt at the Peierls level, certifying 1.695292 as the provable Peierls limit.","Per-field self-checks and an independent engine re-derive the census strata, the M_A table, the anchors, the K* bounds, the K_26 residue, the Lagrange identity, the 1-7.55-ratio thresholds.",53 checks in producer + 53 in independent verifier; both green in main.,vol verdict from master + K* endpoints as closed encodings; cross-border 'refine' crossing K_26 refuted from both sides.,"The wave reads: the pure-Peierls head route has a PROVED limitation; the actual K_c upper bound stays I_3/2 (0.2527310098586630); K* is the Peierls threshold, NOT K_c; no new K_c upper improvement.",confirmed,experiments/e140_upper_beyond.py;tests/test_upper_beyond.py;results/bounds/upper_beyond.json;proofs/upper_beyond.md,Rerun the next suite; when the gauge route (e139) has a real result it lands as a new H; the 3D-K_c problem remains open.
H388,2026-08-18,"[THEOREM] Kac-Ward branch 11111 over the anchor thin-torus section (1,1,1,1,1,4,4): exactly 3 nonsingular F5 solutions, with Jacobian determinants det J in {2,4,1} (anchor det J ≡ 2 mod 5). All three Q5 Hensel components fail the independent 3x3x3 holdout at orders 8, 10, 12 mod 625 (residues [250, 55, 266], [456, 350, 132], [430, 480, 286]; the k8=250 at the anchor exactly reproduces wave-10). Every 42 construction residue is 0 mod 625 at all three lifts, so each known Q5 component is falsified; branch-wide [UNRESOLVED] over Q.","Two independent routes (symbolic walk-monomial expansion and matrix-power traces) agree at all 5 holdout orders on all 3 lifts; the orbit-union lemma (the holdout zero sets are orbit-unions under the 16-coordinate diagonal action, collapsing the census to one representative per orbit) is exact over Q.",The stated conclusion is a *component* theorem: every known Q5 component - the prior one and the two extra components interposed at this anchor section - fails the holdout. Branch status successively ADDs no new evidence to the already stated mass at this section. No Q(alpha) Gröbner was attempted; the mod-5 GB walls out at >1200s.,"Producer tests/test_kw_components.py includes tests for the anchor det J ≡ 2, all three det J values, all three sets of residues at every order, matrix-power-vs-symbolic comparison at all orders, and the orbit-union shading - all PASS (independent commands, rerun by lead).","Components: F5 solutions (1,2,3,3,1,1,1,1,1,1,1,4,4) det 2; (2,4,1,3,3,1,1,1,1,1,1,4,4) det 4; (3,2,3,1,1,1,1,1,1,1,4,4) det 1. All 42 construction residues are 0 mod 625 at all three lifts; the lift pairs [0,1] retired: no component survives the holdout.","Related to H383's branch claim; the proper-rational proof remains as before, no Nullstellensatz emptiness certificate exists at any degree; the unique local lift fails the holdout.","UNRESOLVED: full thin-torus component structure of the 42-equation ideal, predecessor's '492,266,492' placeholder calibrations are replaced by these verified residues; no final Q / Q_5 decision of branch 11111 yet.",confirmed,experiments/e139_kw_components.py;tests/test_kw_components.py;results/kac_ward/components.json;proofs/kw_components.md,Reach the other thin-torus sections (2⁷ - 1 of them) to discover or falsify the branch in those sections; treat lifting by the known-branch existence question.
H389,2026-08-18,"[THEOREM] Height-schedule sieve union: a_35 >= 1972465461070186257835 — the 404-member two/three-block family is closed by inclusion-exclusion with exact overlap-correction 5030204334415261659120 from the naive disjoint-union volume 7002669795485447916955 (2,780 active terms, 8,344 chains, 2167 intersecting pairs; full members rest on the wave-13 820 certificates). K_c lower endpoint now 0.2122159753270231627267517174278577806020.",The limit of the naive disjoint route was exposure as an exact-identity defect: the identity developed by the disjoint part of family F; correction identified as the exact negative coefficient volume. Closing at two and three blocks caps acyclicity and keeps sieve exact.,"Clean-room verifier recomputes every stored T(n) superset containment by superset volume, the bounded l<=11 band, and both directed floor endpoints at 150 dps; four independent probes agree: the anchor 2x5 single-step slice, the wave-13 820-separator subgraph, the a_35 regression from H375, and the sieve catalog. Wave-13 predecessor H384 is superseded as the comprehensive certificate; the wave-12 schedule record (H378) remains the naive-union ancestor.",tests/test_saw_union4.py
H390,2026-08-18,"[CORRECTION][THEOREM] H388 scoped per reviewer F1/F2: the census is on the unit chart (all six solve coordinates in F_5^x; the full F_5^6 grid has 1553 solutions, with one further nonsingular boundary point being chart-degenerate), and the p-adic-uniqueness is on the integer-held section with 5-adic-unit weights. Exactly 3 nonsingular unit-chart solutions det J in {2,4,1}; all three Q_5 lifts fail the 3x3x3 holdout at orders 8/10/12 mod 625. Branch stays [UNRESOLVED] over Q.","F1/F2 narrowed H388's universal census to the chart actually checked; the degenerate boundary point outside the unit chart is genuinely unexplored volume, not a hidden extra lift.","test_kw_components.py independently reconstructs all 4^6 unit-grid evaluations, the Jacobian determinants, the Hensel iterations, and both holdout residue rows; H388's stored hex and this row's conclusions agree and the non-unit grid census is recorded as its own line.",tests/test_kw_components.py
H402,2026-08-18,"[CORRECTION][COMPUTATION] Canonical slot alignment for the three malformed lead-appended rows. H388 (12-wide): its slots shift at index 8 - the canonical reading is claim, method, verification, evidence fields [2]-[7] plus merged limitation text from [8]; status = 'confirmed' ([9]); artifacts = [10]; next_action = [11]. H389: status = 'confirmed'; artifacts = experiments/e141_saw_union4.py;tests/test_saw_union4.py;results/bounds/saw_union4.json;proofs/saw_union4.md; next_action = 'extend the sieve family or raise n beyond 36 with an audited external c_n'. H390: status = 'confirmed'; artifacts = tests/test_kw_components.py;results/kac_ward/components.json;proofs/kw_components.md; next_action = 'classify the remaining 1550 anchor-section boundary solutions (wave-15 KWBoundaryLifts front)'.","Width histogram audit: canonical ledger rows are 11-wide; H388 is 12-wide (one extra limitation field), H389/H390 are 6-wide (status/artifacts/next_action missing). Append-only rule forbids in-place repair, so this row supplies the canonical reading, mirroring the H386 mapping-row precedent.","csv.reader audit of all 364 rows: widths {11: 360, 12: 1 (H388), 6: 2 (H389, H390), 1: 1 (header comment)}.",Content of all three rows is verified independently; only the column placement was malformed.,H386 mapping row precedent; sibling-correction H390 remains the content-narrowing row for H388.,"All three rows were lead-appended during wave-14 close-out; the regression is the lead's, recorded here.",confirmed,notes/hypotheses.csv,Run the deferred full suite after wave-15 integration; future appends must be width-checked (11 slots) before commit.
H391,2026-08-18,"[THEOREM][COMPUTATION] Kac-Ward branch 11111 anchor-section boundary exclusion: over ANY commutative ring, every point of the thin-torus weight chart has all sixteen free coordinates invertible (the nine thin-torus relations have unit right-hand sides and jointly cover all sixteen), over the FULL 5^6=15625 anchor-section grid the census is exactly 1553 solutions (set-equal for the ten nonzero thin-reduced numerators; 32 of 42 numerators vanish identically on the thin torus), the rank histogram of the full 42x13 Jacobian mod 5 is {0:49, 1:349, 2:364, 3:630, 4:157, 6:4} with maximal rank 6 at exactly the three unit points and the boundary point q=(1,3,0,3,2,3), and q Hensel-lifts to Lq=(276,278,0,288,282,83) mod 625 satisfying all ten nonzero numerator residues but with u_py_mz=0 exactly, so NO thin-torus chart point lies over any of the 1550 boundary solutions (they are outside the chart, not shadow components).","The nine thin-torus substitutions have RHS +-1, forcing all factors (and hence all sixteen free coordinates, verified machine-exactly) to be units in any commutative ring; mod-5 reductions of chart points therefore land in the unit stratum only. The boundary stratum is discharged by theorem, not by enumeration alone: singular strata fail every one of the 1716 C13-coordinate charts (rank <= 4 < 6), and the one smooth boundary point q is killed not by singularity but by the unit theorem.","Standalone verifier recomputes the complete 15625-point census (1553, unit 3), the full rank histogram, the boundary Hensel lift with ten zero residues and kept-zero coordinate, the anchor unit lift with holdout residues (0,0,250,55,266) cross-validated walk == 108x108 matrix route, and the unit-theorem certificate (constant unit RHS, coverage of all 16 coordinates, 1550/1550 boundary vanishing denominators, 0/3 unit).","Discharges the wave-14 scope note ('the 1549 remaining boundary solutions are unanalysed'); the anchor section is now FULLY decided: its entire chart-image is the three unit lifts, all failing the 3x3x3 holdout at orders 8/10/12 mod 625.","Section-local (held (1,1,1,1,1,4,4)), chart-local (gauge branch 11111, thin-torus locus); zero-weight branches outside the thin-torus parametrization and the 4^7-1 other thin-torus sections remain open; the final Q/Q5 component decision of branch 11111 stays UNRESOLVED.",Continues H388 (anchor components) and H390 (unit-chart scope); the boundary-completion theorem the H390 next_action row called for is this row.,confirmed,experiments/e146_kw_boundary.py;tests/test_kw_boundary.py;results/kac_ward/boundary_lifts.json;proofs/kw_boundary.md,Census the other thin-torus sections (agent assignment 4^7-1); test whether zero-weight branches of the 25-weight variety meet the anchor section at all.
H395,2026-08-18,"[THEOREM] The dynamical Lie algebra g of the open 2x3 Ising layer generated by the full local-term set {X_i (6), Z_u Z_v (7 bonds)} is exactly sp_32(Q) + sp_32(Q) over Q: dim_Q g = 1056, g is perfect, the Killing form is nondegenerate with exact signature (544, 512) (diagonal in the Pauli-string basis, so rad(g) = 0), and g = I_1 + I_2 with I_k the two prod-X parity half-representation kernels, each of dim 528 and each isomorphic to sp_32(Q), type C_16 (split) - certified by exact alternating invariant forms (det = +-1 on each 32-dim half) giving containment g <= sp_32 x sp_32, plus nonzero 528x528 minors mod two primes giving the lower bound. First characteristic-zero simple quotient of the dim-1056 layer algebra; controls land by the same certificate chain: chain n=2 = sl2+sl2, chain n=3 = sl4 (simple), grid 2x2 = so8+so8.",Exact integer/rational Pauli-string multiplication table; Killing form ranks computed exactly (its diagonality follows from ad-shifting of string indices); parity decomposition from conjugation of assigned generators; symplectic containment from the explicitly constructed invariant forms; rank certificates via two-prime modular minors of the restricted-adjoint matrices.,"Standalone verifier recomputes dim, Killing rank/nullity/signature, ideal dims 528/528, form dets 1/1, and the 528x528 pivot-minor nonvanishing at both primes, all from the stored raw integers with independent code; PASS in main checkout.","Scope: the single finite open 2x3 layer only; no other layer size, no thermodynamic-limit statement. Semisimplicity and the ideal sum are char-0; the two-prime minors bound Q-rank from below, containment certifies from above - the standard sandwich of this program.",Resolves the wave-5 'one non-sl2 simple quotient over Q' open item at a different object than the wave-5 one; the wave-15 brief conflated the two algebras (see H396).,confirmed,experiments/e143_char0_quotient.py;tests/test_char0_quotient.py;results/algebra/char0_quotient.json;proofs/char0_quotient.md,"Extend the outstanding-product certificate to grid 3x3 (13 -> 19 local terms, 2^9 matrices) and to the ladder family 2xL; decide whether sp(2^(2L-2)) + sp(2^(2L-2)) persists."
H396,2026-08-18,"[THEOREM][CORRECTION] Quotient-dimension corollary and object disambiguation: as g = sp_32 + sp_32 is semisimple with exactly the ideals {0, I_1, I_2, g}, its quotient dimensions are exactly {0, 528, 1056}; hence sp(6) (21), gl(6) (36), sp(14) (105) are NOT quotients of g. The wave-5/wave-6 modular witnesses sp(14), sp(6), gl(6) and the exact Levi decomposition C7 + C3 + C3 + A8 + A5 (dim 263, radical = centre, dim 1) belong to the DIFFERENT two-generator algebra <sum X_i, sum ZZ_e> resolved char-0 by e45 (results/algebra_structure/char0_levi.json); sp(14)=C7, sp(6)=C3, gl(6)=A5+centre are quotients of that 263-dim algebra, consistent in both accounts. The 1056 in dla_table.json is the 13-local-term DLA (gens column = 13 for grid_open 2x3); no repo record is contradicted once the two objects are distinguished.","Ideals of a direct sum of two non-isomorphic? (here isomorphic but distinct-indexed) simple algebras are the four coordinate sums; quotient = g/I has dimension in {0,528,1056} - a lemma, exact, no computation. Disambiguation verified against unaired artifacts: dla_table gens field, char0_levi.json Levi factors, algebra_structure notes.",Chain: the Killing/ideal structure is proved in e143's artifact; the 263-dim decomposition is proved in e45's artifact; both verified by their standalone tests in main.,This row is corrective bookkeeping as much as theorem: it prevents future waves from citing 'the 2x3 layer algebra has sp(14) quotient' ambiguously; the object must be named by its generator set.,No content of wave 5/6 is retracted; only cross-wave naming is pinned.,confirmed,proofs/char0_quotient.md;results/algebra/char0_quotient.json;results/algebra_structure/char0_levi.json;notes/algebra_structure.md,"At report close-out, add one disambiguating sentence to report section 4.6b naming the two algebras by their generators."
H401,2026-08-18,"[COMPUTATION] Exact feasibility audit of the two open series walls. HT v^24: the 242 GB projection re-derived exactly as 3*2^25*301*8 = 242,397,216,768 B from the engine's own crt.py estimator and cross-confirmed on all six stored v^28 walled projections; bipartite even-odd splitting gives sector factor 2 on free boxes only and never reaches the 8 GiB budget (peak 201,997,680,640 B), and row-cyclic is not a symmetry of the open FLM box - HT v^24 stays walled with certificates. LT x^54: the sole blocked box is (5,5,5) of the 19 new side-sum-15 classes; N=125 needs 5 CRT primes (product 155 bits > 2*2^125); truncated two-array projection 29,527,900,160 B (~27.5 GiB), 41.25 GiB with headroom margin; recommendation: cheapest exact next coefficient is LT x^54 via a one-constant guard lift (_MAX_CROSS_SECTION 22 -> 25) with the exactness stack unchanged; the next genuine wall after that is HT v^30 at box (6,6,6).",Read-only audit; every projection either re-derived from the engine's exact closed formulas (crt.py line-cited) or quoted from cited artifact keys; the engine's own stored numbers reproduced exactly as verification. One print-only exact-integer wrapper run under CPU governance.,"Feasibility statements are themselves tagged [COMPUTATION]; no benchmark fitting, no new coefficient computed, no wall breach performed in this wave.","Scope: projections are exact byte counts for the current engine implementation; a different engine (slab-symmetric, lazy-box) is a different object with its own budget.",Updates the wave-13/14 blocked-item list: LT x^54 moves from 'blocked by guard' to 'costed route'.,confirmed,notes/ht_v24_x54_feasibility.md,"Execute the LT x^54 guard lift as a dedicated wave-16 front (41.25 GiB run, one process, nice-scheduled)."
H397,2026-08-18,"[THEOREM][COMPUTATION] Octahedral (order-48) orbit compression cannot decide the Z^3 radius-2 s<=6 extensive-charge class: exact Burnside cycle-DP gives column orbits (s4 36035, s5 464957, s6 5048368) against 236,912,446 columns, so representative echelon certifies at most 5,048,368 pivots against the required 191,949,608 (2.63% of target) — an orbit CAP lemma, not an estimate. The s<=6 quotient is bracketed [1, 186,913,192] (upper end from the representative-submatrix rank bound rank_Fp <= rank_Q), NOT decided. Regressions reproduce the wave-13/14 anchors exactly (s2 560, s3 29747, s4 822332 all = rank S - 2). Memory models place any representative-based full-class run off the 8 GiB gate (whole-process 31.3 GB). The viable reduction is identified and costed but unimplemented: a G-equivariant ROW-orbit elimination (~1.0 GiB CSR + ~3.0 GiB lead structure, would fit the gate).","Exact affine cycle-DP Burnside for columns and anchored rows (validated at (e,t=0) against the rank-S closed form 1+sum A_k 3^k for all s<=6, by canonical-form brute force at s<=3, and on the 8-site box through s=8/s=4); canonical orbit-representative column echelon at two primes with prime-independent digests; frozen-calibrated integer memory models.","Standalone verifier (44/44 PASS in main) independently recomputes Burnside counts, closed forms, s<=2 / s<=3 echelon ranks 560/29747, and the frozen s<=4 anchor 822332 with fresh code.",Finite-class claims only; the s<=6 quotient remains open (bracketed); row-orbit G-equivariant elimination carries its own correctness obligations before any run.,H398 not proposed by design: s<=6 undecided is the fallback branch per the wave-15 assignment.,confirmed,experiments/e144_octahedral.py;tests/test_octahedral.py;results/integrability/octahedral_s6.json;proofs/octahedral_s6.md,Implement the G-equivariant row-orbit elimination (~4 GiB resident) to decide s<=6 within the memory gate; the cap lemma makes representative echelon obsolete for this class.
H399,2026-08-18,"[THEOREM] Theorem PM (upper-endpoint gap theorem): for every K* < I3/2 the ceiling-defect floor liminf_{L even} DeltaHat_L(K*) > delta*(K*) = I3/(2K*) - 1, where DeltaHat_L = M_L^2(K*) - 1 + I3/(2K*) is an EXACT finite-torus identity (no FSS hypothesis), is the weakest additional inequality class improving the certified upper endpoint I3/2: equivalent with zero finite-size correction to a uniform magnetization floor, implies K_c <= K*, and delta* is the sharp threshold (the barrier profile realises equality). Exact thresholds: 0.0029008 at K*=63/250, 0.010924 at 1/4, 0.0315551 at 49/200, 0.0530459 at 6/25, 0.1487773 at 11/50, 0.1909142 at the certified lower endpoint. Certified corollaries: massive route I3(mu^1/4^2) in (1/1024, 1/32) with mu^2>=1/2 self-refuted by the lower endpoint; shell route: eps > (I3-2K*)/J_lo(Lambda), so 2.29% mass on lambda>=2 would certify K_c <= 1/4 (J_lo(2) = 0.23850 by exact 96^3 rational BZ cells); Wick-class four-point inputs are Gaussian-saturated and provably cannot imply the defect floor (Proposition W); GHS h-floors give m0/(h0 N) -> 0, provably insufficient; ABF inequality recorded [EXTERNAL/OPEN] - the 'Bryn' source not identifiable in repo. Instance verdict INDECISIVE: 3x3x2 at incumbent Delta = +0.203061 exact (supports plausibility, refutes naive finite-L forms; ceiling violations only on degenerate length-2 doubled-bond modes).",Exact Parseval identity on finite tori + rational interval arithmetic; I3(mu^2) by directed positive interval convolution over exact multinomial walk-return counts with rational tail r^(N+1)/mu^2; J_lo by exact rational 96^3 Brillouin-zone cell sums with monotone cos enclosures; anchors: broken-bond polynomials == torus_broken_bond_poly on all four tori; e72 anchors G(e)=4531/15844 reproduced bit-exactly.,"Independent verifier: full 2^N enumeration, own reciprocal-exponential route, binomial-product walk counts, own interval convolution with overlap assertions, own grid-48 shell weights, delta* table bit-exact; PASS in main checkout.",No series order reaches the incumbent (its radius is the open problem itself); the massive-Watson values at mu^2 <= 1/128 are N=3200 lower bounds only.,"The Peierls limitation (H387) says the plain route cannot; this row says exactly what additional input WOULD suffice and how much, with most candidates ruled out by certified propositions.",confirmed,experiments/e145_paired_momentum.py;tests/test_paired_momentum.py;results/bounds/paired_momentum.json;proofs/paired_momentum.md,"Leads to a wave-16 decision: attempt the shell-mass route (2.29% on lambda>=2) with exact small-L enclosures, or formalize the ABF inequality from an auditable source."
H400,2026-08-18,"[COMPUTATION][AUDIT] mpmath precision idiom audit: 'import mpmath as mp; mp.dps = n' is INERT (module attribute; context dps stays 15) while 'from mpmath import mp; mp.dps = n' correctly sets the context (verified empirically: context reports 15 vs 50 respectively, CPython 3.14.3 + mpmath 1.3.0). Repo audit: the only executable use is experiments/e37_spectral_gaussianity.py:260 which uses the CORRECT context import; the remaining matches are metadata strings (e05, e12). No stored 40-dps claim is compromised; Theorem S rest on exact rational certificates (e38) regardless.","Empirical two-line reproduction in the project venv: module-attr set leaves mp.mp.dps == 15; context-first set yields mp.mp.dps == 50. Grep sweep of experiments/ and tests/ for all 'mp.dps' occurrences, classified executable vs string.",The wave-5 precision note ('float64 inadequacy at K=0.05') is unrelated to this idiom; e37's high-precision rerun genuinely ran at the recorded dps.,"Confirmed in-repo by lead, replicating the wave-15 PeierlsPM finding before ledger entry.",Confirmed; the audit finding itself is the row.,confirmed,proofs/paired_momentum.md;experiments/e145_paired_momentum.py;experiments/e37_spectral_gaussianity.py,Add a lint guard or code-review note: any new script using 'import mpmath as mp' must not assign mp.dps; prefer 'from mpmath import mp' or mp.mp.dps assignment.
H393,2026-08-18,"[THEOREM] Ladder sector saturation at L=8 decided exactly: dim U(A,B)psi = 6562 = K_8 - W_8 with K_8 = 8384 (three routes: Burnside formula, direct 4^8 orbit enumeration, per-sector Burnside 1,36,476,2044,3270,2044,476,36,1) and W_8 = 1822 (per-sector 4:70, 6:448, 8:786, 10:448, 12:70, symmetric k<->16-k, kernel certificate 4B- and A-invariant, vacuum-orthogonal, sector-homogeneous, independent over Q). Certificate chain: mod-p lower rank 6562 at three primes + exact-Q upper bound 8384-1822, and 6562+1822=8384 forces equality. The empirical W growth 0,2,10,66,364 CONTINUES: W_8=1822 (ratios 5.00,6.60,5.52,5.005; W_8/K_8 = 21.7%), no break at the first size beyond the wave-14 certificates. Regressions replay L=3..7 (14/42/142/494/1780) with the wave-14 sector splits.",Wave-14 annihilator sandwich on the X-basis: mod-p orbit-sum closure rank (3 primes) lower-bounds the cyclic dimension; the exact-Q 1822-vector kernel (validated with Fractions) upper-bounds via K_8 - W_8; sandwich closes exactly.,"Standalone verifier 32/32 PASS in main: regresses L=3..6 closures and the frozen L=7 tensor front 1780/2144, validates kernel 4B-invariance with a sign-flip negative control, recomputes K_8 all three ways.","L<=8 only; no asymptotic law claimed for W_L or W_L/K_L; dim g_8 itself not determined; L>=9 untouched (4^9 = 262144 state space, same sandwich structure, budget larger).",Extends wave-14 H381/H384 (L<=7 falsity) to L=8 and keeps the no-break streak at 5 sizes.,confirmed,experiments/e142_sector_saturation_l8.py;tests/test_ladder_l8.py;results/ladder/l8_saturation.json;proofs/ladder_l8.md,"Attempt a structural proof of W_L growth (the 4:70,6:448,8:786 sector table at L=8 suggests k=4 column = C(L,L-4) for L=5..8 - see H394) or push L=9 with the same sandwich."
H394,2026-08-18,"[THEOREM] Ladder evaluation bound extended: dim g_8 >= dim U(A,B)psi = 6562 >= 2^8 = 256 (25.6x overshoot); the certified ladder dim g_L >= K_L - W_L now reads 14, 42, 142, 494, 1780, 6562 at L=3..8, subsuming the 2^L certificates throughout. [OBSERVATION, no law claimed] The certified k=4 column of W_L equals C(L,L-4) at L=5..8 (5,15,35,70), with L=4 exceptional; if this column law persisted, W_L alone could not rescue 2^L growth (W_9 >= C(9,5)=126 sector-4 already), leaving the 2^L-rescue question [UNRESOLVED].","Equality dim g_8 >= cyclic dimension plus the exact kernel count from H393; the C(L,L-4) match is read off the certified sector tables L=5..8 without asymptotic assertion.",Same verification chain as H393 (32/32 PASS); the sector table is stored raw in the artifact.,Lower bound only; L>=9 and the rescue inequality W_L/K_L < 1 - 2^L/K_L remain open.,...,confirmed,results/ladder/l8_saturation.json;proofs/ladder_l8.md,"Prove or break the k=4 column law C(L,L-4) at L=9; decide the rescue question."
H403,2026-08-18,"[CORRECTION][COMPUTATION] Canonical 11-slot alignment for the lead's eight wave-15 appends (H393, H394, H395, H396, H397, H399, H400, H401): each was written 10-wide (one middle evidence slot missing), and H394's relations slot caught a placeholder '...'. Canonical reading: slots [0]-[4] as written; the per-row evidence string below becomes canonical [5]; the written slot [5] text becomes [6]; written [6] relations becomes [7]; status written [7]; artifacts written [8]; next_action written [9]. Evidence strings: H393 -> cyclic 6562 = 8384 - 1822, sectors 4:70,6:448,8:786,10:448,12:70, primes 999983/999979/999953, 32/32 test PASS; H394 -> dim g_8 >= 6562 >= 256; k=4 column matches C(L,L-4) at L=5..8; H394 canonical relations text: 'extends the wave-14 ladder bound 14,42,142,494,1780 to 6562 and subsumes 2^L throughout L=3..8'; H395 -> dims 528/528, signature (544,512), forms det 1/1, controls chain2/chain3/grid2x2; H396 -> quotient dims {0,528,1056}; objects cross-checked against dla_table gens=13 and char0_levi.json; H397 -> orbits s4 36035 / s5 464957 / s6 5048368; regressions 560/29747/822332; 44/44 PASS; H399 -> seven exact thresholds; anchors 4531/15844 bit-exact; producer and auditor PASS; H400 -> context dps reported 15 vs 50 in the two-line reproduction; e37 import inspected; H401 -> 242,397,216,768 and 44,291,850,240 re-derived; 320-line note.","Width audit after wave-15 appends: canonical width 11; the lead's eight wave-15 rows are 10-wide; H402 documents the earlier three; this row performs the append-only repair, mirroring H386 and H402.",Content of all eight rows is verified in main (each front's standalone test PASS); only column placement is at issue.,…,Third occurrence of the lead's own width class (H388; H389/H390; wave-15 rows); a width assertion joins the close-out checklist.,Root cause: rows composed with four middle text fields instead of five; caught by the close-out width audit this row records.,confirmed,notes/hypotheses.csv,"Every future ledger-append script must assert 11 fields before write, fail-closed."
H411,2026-08-19,"[THEOREM][COMPUTATION] The 18-local-term dynamical Lie algebra of the open 2x4 Ising layer (generators = the 8 one-site X_i and the 10 open ZZ bonds of grid_graph(2,4)) is exactly so_128(Q) (+) so_128(Q) over Q: dim_Q g = 16256, g perfect, Killing form nondegenerate diagonal with exact signature (8192, 8064) (min |kappa| 32256), all strings even Z-weight, exact nondegenerate SYMMETRIC form F (det 1) on each parity half pins pi_+-(g) inside so(F) (dim 8128); the natural representation is faithful, so 16256 = dim rho(g) <= r_+ + r_- <= 8128 + 8128 forces r_+ = r_- = 8128 and rho(g) = so(F_+) (+) so(F_-): g = ker pi_+ (+) ker pi_- with each factor an ideal of dim 8128, i.e. g = so_128(Q) (+) so_128(Q) (split D_64, quotient dims exactly {0, 8128, 16256}).","Direct transfer of the Theorem-C16 certificate chain (e143 generalized): anticommuting-xor closure (dual-engine agreement, 16256 strings), vectorised exact Killing diagonal with the index-shift lemma, perfect = full anticommuting-pair support, parity-half representations (128/128), sparse mod-p solve of X^T B + B X = 0 on the 18 generator blocks of each half (kernel dim 1, rational reconstruction, exact integer invariance, det 1), dimension sandwich r_+- <= 8128 (exact containment) with 8128 + 8128 >= 16256 (faithfulness).","All exact predictions verified and re-derived by an independent test: closure 16256, Killing signature (8192, 8064), form symmetric nondegenerate det 1 on both halves, Walsh-domain half-ranks 8128/8128 with zero structural failures over all 16256 strings, per-matching conjugated minors (127 offsets) nonzero mod 2147483647 and 2147483629 (sum 8128 certified rows per half per prime), quotient dims {0, 8128, 16256}.","tests/test_char0_2x4.py standalone (own implementation, no producer import): closure, Killing diagonal signature, perfect, even-Z, per-half invariant form (kernel dim 1, symmetric, det 1), Walsh ranks 8128/8128, quotient dims, and the controls chain2/chain3/grid2x2/grid2x3 through the SAME generalized code - 30/30 checks PASS in ~51 s.","Controls through the same code reproduce the C16 table exactly: chain2 -> sl2 (+) sl2 (sig (4,2)), chain3 -> sl4 = so(6) (sig (9,6)), grid2x2 -> so8 (+) so8 (sig (32,24)), grid2x3 -> sp32 (+) sp32 (sig (544,512)); Walsh rank formula holds on all controls and all 16256 main strings (0 failures).","No thermodynamic or all-width statement; finite single layer only. 3x3 optional probe: 21-term closure saturates at 65535 strings (~198 s, matches results/dla_table.json), structure not attempted (512-size halves out of scope).",confirmed,experiments/e148_char0_2x4.py;tests/test_char0_2x4.py;results/algebra/char0_2x4.json;proofs/char0_2x4.md,No thermodynamic or all-width claim; finite single layer only.
H412,2026-08-19,"[THEOREM][CORRECTION][DISAMBIGUATION] The sp_128 (+) sp_128 prediction for the 2x4 18-term DLA is REFUTED, and the object is distinguished from the two-generator 2x4 algebra: (i) the sp pattern would need dim 8256 + 8256 = 16512, but dim_Q g = 16256 = 8128 + 8128 and the half-invariant form is SYMMETRIC (not alternating), so the halves are so_128(Q), not sp_128(Q) - the form type alternates by layer (2x2 symmetric so8, 2x3 alternating sp32, 2x4 symmetric so128) and is not pinned by the predicted pattern; (ii) Lie_Q<sum X_i, sum ZZ_e> on the same layer has dim 2952 with 1-dim centre (Theorem OA-2x4, proofs/char0_complete_2x4.md) and is NOT this 18-term DLA - the objects collide only in the layer name; quotient dims {0, 8128, 16256} exclude 16512 and 2952.",Dimension sandwich plus exact form classification force the so-type with no modular assumption; the quotient-dimension set is read off the certified ideals; names and widths follow the H396/H403 alignment discipline.,Direct: the 8128 Walsh rank agreed with dense mod-p row rank on every control and a symmetric nondegenerate form (det 1) exists exactly on both halves; the independent test re-derives ftype symmetric and r_+- = 8128.,"tests/test_char0_2x4.py standalone (own implementation, no producer import): closure, Killing diagonal signature, perfect, even-Z, per-half invariant form (kernel dim 1, symmetric, det 1), Walsh ranks 8128/8128, quotient dims, and the controls chain2/chain3/grid2x2/grid2x3 through the SAME generalized code - 30/30 checks PASS in ~51 s.","Controls through the same code reproduce the C16 table exactly: chain2 -> sl2 (+) sl2 (sig (4,2)), chain3 -> sl4 = so(6) (sig (9,6)), grid2x2 -> so8 (+) so8 (sig (32,24)), grid2x3 -> sp32 (+) sp32 (sig (544,512)); Walsh rank formula holds on all controls and all 16256 main strings (0 failures).",Nothing is retracted: the 2952-dim OA-2x4 theorem and the C16 2x3 result stand; this row only pins generator-set-based naming and records the so (not sp) pattern.,confirmed,experiments/e148_char0_2x4.py;proofs/char0_2x4.md;results/algebra/char0_2x4.json,"Report close-out: one disambiguation sentence naming the three 2x4-layer objects (18-term DLA so128+so128; OA-2x4 <A,B> dim 2952; spectral 2x4 transfer operator) by their generator sets; keep the width==11 assertion in the ledger append script."
H409,2026-08-19,"[THEOREM][COMPUTATION] W_9 = 8586 exactly over Q for the 2x9 ladder pairing kernel (annihilator), sector split {4:126, 6:1134, 8:3033, 10:3033, 12:1134, 14:126}; dim_Q U(A,B)psi = K_9 - W_9 = 33152 - 8586 = 24566 EXACT-Q, hence dim g_9 >= 24566 >= 512 = 2^9 with the certificate form dim g_9 >= K_9 - W_9 preserved. Mirror closure ranks equal 24566 at both F_999983 and F_2147483647 (MODULAR-TWO-PRIME-LOWER-BOUND). Two supporting theorems: sector-pure closure (A_L is a scalar per particle sector, so projectors are polynomials in A and the cyclic module is the {P_k B} closure) and the particle-hole mirror (P = prod Z_v commutes with B, D^L psi reaches sector 2L with positive perfect-matching count, so P U = U and U_{2L-k} = P U_k, W_{2L-k} = P W_k; the observed kernel palindromes are theorems).","Extend the wave-15 ladder annihilator certificate (K_8 = 8384, W_8 = 1822) one rung to decide whether the refutation of SectorSaturationCyclicity keeps growing and to halve the W-side computation via the mirror theorem.","K_9 = 33152 three ways (Burnside, direct orbits, per-sector Burnside); W_9 = 8586 palindromic under k -> 18-k; low ranks {0:1, 2:45, 4:666, 6:3570, 8:8001}; max kernel lift |c| = 4; ladder at L=9 has 3L-2 = 25 edges and 2^17 even configurations.","Sector-pure mirror closure on sectors k<=9 at the two primes q in {999983, 2147483647} (mirror-injecting high-sector images via P), triangular per-sector kernel lift at q=999983 with e142.kernel_lifts_dense + P-mirrored copies, e142.validate_W_over_Q on all 8586 integer vectors (vacuum-orthogonal, sector-homogeneous, independent, A- and 4B-invariant), then the sandwich r_q + dim W = K_9 at both primes.","Ranks 24566 = 24566 agree at both primes; 4293 low lifts + 4293 P-images all validate over Q; engine regression reproduces the certified triples (cyclic,K,W) = (14,14,0), (42,44,2), (142,152,10), (494,560,66), (1780,2144,364), (6562,8384,1822) with identical sector splits; stored L=8 basis re-validated; standalone test tests/test_ladder_w9.py passes 53/53 including three negative controls (dropping mirror injection loses rank, sign-flips destroy 4B-invariance at L=4 and L=9).",No counterevidence for W_9 itself; the asymptotic growth law remains unproved and is treated separately in H410.,confirmed,experiments/e151_ladder_w9.py; tests/test_ladder_w9.py; results/ladder/w9_saturation.json; results/ladder/w9_basis.json; results/ladder/w9_progress.jsonl; proofs/ladder_l9.md,"Propagate W_9 = 8586 and dim g_9 >= 24566 into checkpoints/verified_results; if a wave-17 budget allows ~4x the L=9 cost (per-prime ~2.5 K CPU-seconds mirror closure, peak RSS 1.4 GB), compute W_10 to test the anchored-band branch of H410."
H410,2026-08-19,"[COMPUTATION]+[CONJECTURE] Annihilator-route horizon from the seven exact points W = (0,2,10,66,364,1822,8586): the LSQ geometric fit W_L ~ C r^L (mpmath dps=50) has r_hat = 5.418941791082366 with 11.7% max relative log-space residual; W_L >= K_L first crosses at continuous L* = 13.057251870317195, and L0 is DEFINED as the first integer L with model W_L >= K_L = (2^{2L-1}+3*2^L)/4 exactly, giving L0 = 14 (anchored-band variants give 12, 16, 18); the same L = 14 is where the certificate K_L - W_L >= 2^L would go vacuous under the model, while anchored at the new ratio 4.7124 the vacuity moves to L = 18. The measured W_9 = 8586 deviates from the last-prior-ratio prediction 1822 x 5.005494... = 9120.01 by only 5.86%, below the 20% verdict-change threshold, so the x5-per-step refutation trend persists; the crossing claim itself is [CONJECTURE] because seven exact points do not constitute a law and the consecutive ratios 5.0, 6.6, 5.515, 5.005, 4.712 drift downward.","Quantify whether the load-bearing ladder evaluation certificate K_L - W_L >= 2^L survives to large L or becomes vacuous at finite L, as required by the wave-16 annihilator-route foresight.","New ratio W_9/W_8 = 4.712403951701427; W_9/K_9 = 0.258989; r_hat as stated; L* = 13.0572518703 (LSQ), 15.0029 (anchored r=5.0), 11.6781 (anchored r=6.6), 17.1716 (anchored r=4.7124); deviation 0.05855376596085651; vacuity L = 14 (LSQ), 18 (anchored new ratio); tabulated model W vs exact K at L = 10..20 stored.","Recompute the fit, the sign-change + bisection crossings, and the L=10..20 model table from the exact stored points and the Burnside K_L closed form; verify consistency of the continuous and first-integer crossings.","growth_model block of results/ladder/w9_saturation.json (dps=50, residuals, band, deviation, tables); artifact check C_growth_horizon_present; test check growth_horizon_consistent.",The model class is assumed rather than derived; single-ratio anchored variants spread the crossing over 12..18 and the slow branch to 16..18; no theorem excludes a later flattening of W_L.,partially_confirmed,results/ladder/w9_saturation.json (growth_model block); proofs/ladder_l9.md section 6; experiments/e151_ladder_w9.py,Treat L0 = 14 as the working horizon while redesigning the certificate not to rely on W_L growth; compute W_10 when feasible to select between the 12 and 16-18 branches.
H415,2026-08-19,"[THEOREM][COMPUTATION] Set law for the 2xL layer DLA: strings = {(x|z): z even-weight, z != J, (J-z).x = 1 + z.d} plus (L odd) the full z=J fiber; certified bit-exact at L=2,3,4 in two encodings; implies dim g_L = 2^(n-1)(2^(n-1) - (-1)^L), n=2L: 56, 1056, 16256 at L=2,3,4 and 262656 at L=5 (modular probe agreement).",The dimension and fiber structure of the 2xL layer DLA were known only per-case; the set law compresses them into one affine-hyperplane rule whose (-1)^L term is the so/sp alternation.,"Lead takeover of the AlternationProof front after its agent terminated with the mathematics discovered (signed checkerboard matching, F^T=(-1)^L F) but zero files on disk. Fresh numpy closure BFS (dual encoding), fiber extraction, GF(2) affine-fit, and checkerboard predictive tests.","tests/test_alternation_law.py 22/22 PASS standalone: closures at L=2 (3 gens to 56), L=3 (4 gens to 1056); fiber law 7/7 and 31/31 (+full z=J fiber 64); stored e148 basis 127/127 fibers, z=255 absent, dim 128*127; c(z)=1+z.d exact fits at L=2,3, checkerboard consistency at L=4; artifact prediction table self-consistent.","All-L uniformity (closure argument, explicit form construction, saturation rank formula in n) UNSOLVED; L>=5 predictions: 4192256 (so2048+so2048), 67117056 (sp8192+sp8192).",Certified at L<=4 [THEOREM]; L>=5 [CONJECTURE]; functional d gauge: d ~ J xor d on even-z.,confirmed,"proofs/alternation_law.md, results/algebra/alternation_law.json, tests/test_alternation_law.py",Prove the all-L closure argument (step a) and saturation (step c) of the wave-16 front brief; certify the exact-Q 2x5 closure to upgrade the modular probe.
H416,2026-08-19,"[THEOREM][COMPUTATION] Classical-type alternation law for the 2xL layer DLA: g_L = so_{2^(n-1)}+so_{2^(n-1)} for L even and sp_{2^(n-1)}+sp_{2^(n-1)} for L odd (n=2L), with parity-half invariant forms the SAME signed checkerboard matching s <-> s xor d (identical sha256 on B+/B- at 2x4) and form symmetry (-1)^L.","The wave-15 sp_128 prediction for the 2x4 layer (H412, refuted) demanded the law behind the per-case so/sp outcomes; the alternation supplies it and predicts every larger layer.","Per-case certificates C16 (e143, 2x3 sp32+sp32) and H411 (e148, 2x4 so128+so128), e143 controls (2x2 so8+so8), form-hash equality, plus the H415 set law whose (-1)^L term reproduces the type law dimensions exactly.","tests/test_alternation_law.py cross-checks: decomposition statements read from results/algebra/char0_2x4.json (so(128)/sp(32)/so(8)), B+/B- sha256 equality, dim law at all four certified points; independently rerun by lead in main: 22/22 PASS.",Type certficates are per-case at L<=4; the all-L form law is [CONJECTURE] pending the H415 step-(b)/(c) gaps.,so/sp refers to Q-forms as certified in C16/H411 (split types).,confirmed,"proofs/alternation_law.md, results/algebra/alternation_law.json, results/algebra/char0_2x4.json, results/algebra/char0_quotient.json",Derive the signed-matching form explicitly for all L (step b); verify the -1^L symmetry law against a computed L=5 form.
H404,2026-08-19,"[THEOREM][COMPUTATION] PM-S shell-defect stress test (takeover): the uniform per-mode defect premise min(Ghat-defect on lambda>=2) is NEGATIVE on all four exact boxes at K*=1/4 (-0.183, -0.141, -0.180, -0.020) and +0.0052 at the incumbent on the largest box only -- no box exhibits eps*(1/4,2)=2.29% or the 0.252-target's 0.613%.",Theorem PM (H399) named the shell route the only live certified route to the upper endpoint; its premise needed empirical support before launching the dual-walk global audit.,"Lead takeover after the front agent stalled (zero disk output). Read-only recomputation from certified intervals in results/bounds/paired_momentum.json, exact Fraction two-sided defect arithmetic; premise definition from proofs/paired_momentum.md sec. B2 (uniform per-mode, NOT the mass fraction the stalled agent probed).",tests/test_shell_stress.py 8/8 PASS standalone: recomputes all four box minima exactly from the source artifact and compares against eps* intervals.,"Finite-box measurement, not an infinite-volume theorem; the K=63/250 per-lattice mode tables are absent from the source artifact, so the 0.252-target comparison uses incumbent-endpoint minima.",Hostile data + the structural aggravation recorded in H405.,confirmed,"results/shell_stress.json, proofs/shell_stress.md, tests/test_shell_stress.py","Evaluate PM-S at Lambda=3,4 on the same tables; decide whether B2 is formally dead in the report's route inventory."
H405,2026-08-19,"[COMPUTATION] Structural aggravation of PM-S at Lambda=2, K*=1/4: eps*(1/4,2) = 2.29% EXCEEDS the uniform defect of the comparison-Gaussian saturant itself, 1 - 2K*/I3 = 1.08%, certified on the I3 interval; hence no field saturating the certified two-point comparison class can satisfy PM-S at (1/4, 2), independent of any model data.","This makes the K*=1/4 shell-route failure structural, not empirical: the premise overshoots its own comparison ceiling.",Exact interval comparison between the stored eps* interval and 1-2K*/I3 on the certified I3 input interval.,"tests/test_shell_stress.py check 3 (saturant defect < eps*, certified two-sided).","Does NOT close PM-S at Lambda=3,4 (thresholds 4.40%/11.10%) or with new input; does not touch Theorem PM or the massive-Watson bracket.","Joins ABF [EXTERNAL/OPEN] and the Wick/GHS floors as the third unusable input class at K*=1/4, Lambda=2.",confirmed,"results/shell_stress.json, proofs/shell_stress.md, tests/test_shell_stress.py",Record in report sec. 4.8: the upper-endpoint route inventory at wave 16 (PM exact-conditional open; B2-Lambda2 structurally overshooting).
H406,2026-08-19,"[COMPUTATION] GElimS6 termination record: the wave-16 G-equivariant orbit-compression front to the Z^3 R=2 s<=6 quotient was terminated by the harness after its anchor protocol diagnosed rank NON-ADDITIVITY over orbit blocks: at s<=3 its orbit engine spans the true rank (29,747 = dim of G-span of admitted pivots, verified by re-echelon) while per-orbit block ranks sum to 29,655, missing exactly 92 of off-diagonal Schur-grade content at 7 state-0 orbits; exact s<=6 rank therefore requires the full ~191.9M-row echelon (~49 GiB class), closing the compressed route's EXACT-rank ambition structurally.",The wave-15 cap lemma (H397) already proved REPRESENTATIVE-echelon cannot reach s<=6; the orbit-compression alternative is now shown to carry a bookkeeping obstruction of its own: block ranks are not additive.,"Front agent's checkpoint log (results/integrability/gelim_s6_progress.jsonl in its worktree, 15 lines, two-prime s<=3 partials) plus its anchor-protocol diagnosis reported to the lead; the lead's review accepts the bracket but marks the specific 92/7-orbit numbers as front-reported, not lead-reverified.","No standalone test: termination record only; the bracket [1, 186,913,192] stands on the wave-15 certificate (H397).",Front-reported numbers; s<=6 exact quotient remains UNDECIDED.,Orbit-compression joins representative-echelon in the closed-class for EXACT s<=6; lower-bound certificates may still be extractable from the 1.0 GiB pivot store.,confirmed,checkpoint + diagnosis preserved at /private/tmp/ising3d-w16-gelims6 (49 GiB exact-cost model front-reported),Extract a certified lower bound (sum of per-orbit block ranks) for s<=6 as a wave-17 side task if the pivot store survives; else close.
H413,2026-08-19,"[THEOREM][COMPUTATION] Exact simple-cubic low-temperature reduced free-energy series extended to x^54 = 675410878105/9 (eleven new coefficients x^34..x^54, all nonzero; all odd coefficients exactly zero through x^54), with per-box uniqueness certificates (23 CRT boxes, modulus > 2*(2^N)) and the surface-bound structure verified for all 102 canonical classes.","Wave 15 (H401) certified the route: one-constant guard lift 22->25 after the 2^56 < 2^63 value-safety audit; the (5,5,5) CRT box was the sole blocked input. Wave 16 executed it in the main checkout.","Guard lift in main src/ising/transfer_matrix/crt.py (value-safety comment cited); e124 re-parameterized to TARGET_ORDER=54 as experiments/e152_lt_x54.py with achieved-order labels derived and historical anchors verbatim; governed run: wall 2038.28 s, peak RSS 47,269,806,080 B (measured; the estimator model's 44,291,850,240 B projection undershoots actual by 6.7%).",Producer PASS: 33-coefficient prefix through x^32 reproduced exactly; all ordered/canonical box weights start at the proved surface bound; all 23 CRT boxes have strict uniqueness certificates; external witness: exponentiation reproduces all 25 printed Table-2 Lambda_0 values through u^26=x^52. Independent audit tests/test_lt_x54.py re-derives every box with fresh disjoint primes (in flight at append time).,x^54 exceeds the printed literature table (u^27 is beyond Guttmann-Enting Table 2); no external falsification target exists for the new order locally; observed peak RSS exceeds the wave-15 projection by 6.7% (estimator-model constant for cs=25 is slightly optimistic).,"Next wall: x^62 (canonical (5,6,6), cross-section 30 > guard 25); x^56/x^58 reuse the same inventory with deeper truncation only.",confirmed,"experiments/e152_lt_x54.py, results/series/lt_x54.json, proofs/lt_x54.md, src/ising/transfer_matrix/crt.py",Run the independent test_lt_x54 audit to completion; evaluate x^56/x^58 on the same inventory (no new boxes) as the cheapest next coefficients.
H414,2026-08-19,"[COMPUTATION] The x^54 holdout refuted two more of the seven dormant legacy LT ansatz rows (frozen-protocol re-audit: 13 of 18 rows CANDIDATE_REFUTED_BY_HOLDOUT, 5 remain STILL_TRUNCATION_UNOBSERVABLE with next-testable orders recorded).",Wave 13 (sec. 3.35) refuted 11 of 18 legacy rows and recorded seven dormant rows first testable at x^54; the extended series decides them.,Frozen U+2 training prefixes replayed unchanged against the new series; refuting orders and residuals exact-Fraction.,Producer: 18/18 rows replayed with unchanged training prefixes; verdict counts 13/5 recorded; test_lt_x54.py replays all rows independently (in flight).,Five rows remain formally undecided; their next-testable orders are recorded per row in results/series/lt_x54.json.,The surviving five are candidates for x^56+; a row unrefuted across several consecutive newly-testable orders would become interesting (fit-memory warning applies).,confirmed,"results/series/lt_x54.json, proofs/lt_x54.md",List the five surviving rows with next-testable orders in the report's series section at wave-16 close-out.
H417,2026-08-19,"[COMPUTATION] Theorem-PM premise PM-S closed at Lambda=3,4 (family now closed at 2,3,4): eps*(K*,3)=delta*(K*)*2K*/J_lo(3) in [1.18%,52.72%] and eps*(K*,4) in [3.34%,149.33%] (concentration factors 4.0x/11.5x); all 48 (box x evaluation x Lambda) combinations have the weakest shell mode's exact defect-interval UPPER end below eps*_lo; tightest 3x3x2 incumbent +0.005196 vs 0.613%. Defect concentrates in infrared, opposite to PM-S's need; LP-class floor D(1/L) bars uniform infrared floors. Next shape: PM-W lambda-dependent weighted premise (design item). Theorem PM itself unchanged.",shell-bound,closed,falsified,results/shell_stress_lambda34.json,proofs/shell_stress.md,wave-17 lead direct derivation; test_shell_stress.py 28/28,holds,upper endpoint 0.25273100... what-it-would-take unchanged; shell route fully closed
H418,2026-08-19,"[THEOREM][COMPUTATION] Exact simple-cubic LT reduced free energy to x^56 = -979227570369/4 (twelve new coefficients x^34..x^56; all odd zero; same 102-class inventory as x^54, deeper formal-log truncation only; full certificate stack). Survivor re-audit: no row flipped at x^56 - the 5 dormant algebraic rows all require u^30 (x^60); x^60 profile launched (123 classes, 36 CRT boxes, (6,6,4) at cross-section 24). First newly walled order x^62 ((5,6,6), cs 30 > guard 25).",series,wave17-lead,proved,results/series/lt_x56.json,proofs/lt_x56.md,"producer e153 all checks PASS, 2190s wall, peak within 48GiB budget; test_lt_x56 independent audit in flight",holds,x^62 wall stands; x^60 targets the 5 dormant rows
H419,2026-08-19,"[THEOREM] g_{2x5}(Q) = sp_512(Q) (+) sp_512(Q), dim 262656, exact characteristic zero: (1) generator-monotone Pauli-string closure BFS = 262656 strings; (2) 0/262656 set-law violations and law-count 262656 => set equality; (3) orthogonality => rank_Q = count; (4) signed checkerboard alternating form: 134,479,872-equation GF2 sign system, 0 contradictions, 1 component (form unique up to scalar), sampled re-verification 0/3200 violations; identical class action on both prod-X halves => sp+sp. Upgrades wave-16 L=5 modular probe to an exact theorem; largest char-0 certified layer algebra (previous: 2x4, 16256). All-L uniform derivation remains open (alternation_law.md gaps a/b/c).",algebra,wave17-lead,proved,results/algebra/alternation_l5_char0.json,proofs/alternation_l5_char0.md,tests/test_alternation_l5.py standalone replay exit 0 (142s),holds,"L=6 exact-char-0 next ((x,z) strings 2^24, closure ~4.2M strings); all-L uniform proof design"
H420,2026-08-19,"[THEOREM] All-L set+dimension alternation law: g_L = span_Q(S_L) for EVERY L>=2, dim g_L = 2^(n-1)(2^(n-1)-(-1)^L) (n=2L). Proof: Lemma 4.1 forward closure (3-case, uniform) + Lemma 5.1 basis-set pull-back (([s1,s2]=+-2 s1.s2, Pauli independence) + the (i)-(v) ordered seed/toggle construction: (i) path-telescoped pair seeds with seed-variant adaptive freedom (both values reachable without fiber completeness); (ii) w0 odd strings via boundary-edge peel + (i)-pattern seeds; (iii) fiber completeness from e_t and e_t+e_a+e_b toggles spanning ker((J-z).) - resolves O1/O2 ordering gaps; (iv) higher-z telescoping on nonconstant adaptive functional (z != J => |C| <= 2L-4); (v) z=J seed at L odd. Type law (so/sp membership+saturation, gap b) still certified L<=5 only.",algebra,wave17-lead,proved,results/algebra/alternation_law.json,proofs/alternation_law.md,"hand-proof + exact closure cross-checks at L=2..5 (BFS == S_law, dims 56/1056/16256/262656; 28/28 weight-2 fibers span-verified at L=4 by parent-weight<=2)",holds,"gap (b) all-L: so/sp form membership+saturation; L=6 exact point (2^24, ~4.19M strings)"
H421,2026-08-19,"[THEOREM] FULL 2xL alternation law, all L>=2: g_{2xL}(Q) = so_{2^(n-1)}+so_{2^(n-1)} (L even) / sp_{2^(n-1)}+sp_{2^(n-1)} (L odd), n=2L, dim 2^(n-1)(2^(n-1)-(-1)^L), prod-X split, invariant form Omega_L = parity-signed checkerboard matching unique up to scalar. GAP (b) CLOSED ALGEBRAICALLY: Omega-invariance of (x,z) iff |x| == 1 + z.x + z.d (mod 2), and this is IDENTICAL to the set-law constraint (J-z).x = 1 + z.d; alternation Omega^T = (-1)^L Omega from |d| = L; saturation by dimension; uniqueness by dimension-vs-subalgebra. Complements H420 (set/dim all L). Numerical anchor: 0 violations across all 280,024 strings of exact closures L=2..5.",algebra,wave17-lead,proved,results/algebra/alternation_l5_char0.json,proofs/alternation_law.md,"hand-proof + zero-violation identity check on exact closures L=2..5 + certified char-0 points L<=5 (C16, H411, H419)",holds,"3x3 family (outside 2xL law); 2x6 exact char-0 point (4,192,256 strings ~ so_2048+so_2048); isotropy class of even-L so forms"
H422,2026-08-19,"[CORRECTION] H420 downgraded on review: the (i)-(v) saturation construction's step (ii) is WRONG as stated: telescoping (i) yields only a 4-parameter x-family per pair (free endpoint bits, forced interior-ones); arbitrary (a',c) pair-strings are NOT produced, so the w0-odd-string input to fiber-completeness is unproven and the ordering gaps O1/O2 stand. What SURVIVES of H420 (uniform, all L): forward closure g_L subset span(S_L) (Lemma 4.1) + basis-set pull-back (Lemma 5.1) => dim g_L <= 2^(n-1)(2^(n-1)-(-1)^L). Equality at L=2..5 stands on the exact closures, which are independent of the construction program. Recorded to prevent recurrence; next attempt inventory: distance-grown seeds, revisit-parity adaptivity, three-factor telescopes, direction-transport recursion on D_z.",algebra,wave17-lead,reviewed,proofs/alternation_law.md,proofs/alternation_law.md,external advisory + hand re-analysis of the telescoping pattern algebra,holds-partial,O1/O2 reopen as the single 2xL-family question
H423,2026-08-19,"[CORRECTION] H421 downgraded on review: Omega_L invariance identity |x| == 1+z.x+z.d (mod 2) and alternation Omega^T = (-1)^L Omega remain proved for all L (uniform algebra), and so does the CONTAINMENT g subset so+so / sp+sp with the dim upper bound; EQUALITY + form-uniqueness require H420's saturation, which H422 re-opens; hence H421's equality claims hold at L=2..5 only.",algebra,wave17-lead,reviewed,proofs/alternation_law.md,proofs/alternation_law.md,consequence of H422,holds-partial,closed via H420 saturation if/when O1 is solved
H424,2026-08-19,"[COMPUTATION] Saturation production-system validated for the 2xL DLA at L=3,4,5: the law-consistent closure game (rules: X_t toggles for t in z; line-graph x-transfers along grid bonds with symp-filter; odd-w0 pair-difference strings) fills EVERY weight-2 fiber to its full law coset: L=3: 15 fibers rank 5; L=4: 28 rank 7; L=5: 45 rank 9 (= 2L-1); |W0| = 32/128/512 (odd-x strings exactly); zero law-coset violations. This validates the post-review O1 saturation mechanism; remaining open content: the uniform all-L rank accounting (transports+seeds).",algebra,wave17-lead,proved-computation,proofs/alternation_law.md,proofs/alternation_law.md,"game replayed in-session at 3 lattice sizes, uniform production rules, zero violations",holds-computation,uniform all-L rank accounting argument
H425,2026-08-20,"[THEOREM] 2x6 non-Gaussian certificate: the physical P=+1 sector of the open 2x6 layer at t=1/3 is NOT the even/odd half of any 12-mode Gaussian subset-product multiset (either assignment): the (P+,rho+) 1056-dim block's pair-polynomial gcd has cert_upper = deg gcd <= 295414 < cap 295415 = C(1056,2) - A_same(12) on BOTH primes 1000003 & 2000003 (mode=exit); the block carries >= A_same(12)+1 distinct within-half pair products - exactly ONE above any Gaussian half's ceiling. Pilot at the decisive scale: forced floor exact gcd 442067 on both primes (machinery validated); four retired bugs (chi-product stabilizer test, next_prime parity, poly_divmod alignment, pilot kappa geometry) recorded in checkpoints/failed_routes.md.",spectral,wave17-lead,proved,results/gaussian_2x6.json,proofs/gaussian_2x6.md,"producer exit 0, failures=[], pilot floor on both primes, structural guards n=6 pass; controls chains/2x3 digests matched; artifacts content-keyed + atomic",holds,third-prime confidence pass; exact-completion to pin deg(gcd)=295414 & gcd digests
H426,2026-08-20,"[VERIFICATION] H425 razor-margin independently replayed: from the stored step-261600 Euclid states, a separate list-schoolbook implementation reproduces the exit at deg 295414 in +25 steps (total 261625) on BOTH primes; remainder content bit-identical across the two implementations; state input digests conserved (pair_poly sha chains validated). The 2x6 no-go certificate stands third-party-verified.",spectral,wave17-lead,verified,results/gaussian_2x6.json,proofs/gaussian_2x6.md,independent divmod_hard replay vs producer poly_divmod; exit deg + remainder equality both primes,holds,"optional: third-prime confidence, exact-completion for gcd digest"
H427,2026-08-20,"[CORRECTION] H425 wording discipline: the early-exit proves deg gcd <= 295414 hence >= 261626 distinct pair products - 'at least one above' the Gaussian ceiling, NOT 'exactly one'; the Euclid step count 261625 is unrelated to the distinct-root count and must not be read as a certificate. The no-go theorem itself is unchanged.",spectral,wave17-lead,reviewed,proofs/gaussian_2x6.md,proofs/gaussian_2x6.md,external advisory,holds,full exact gcd degree (optional)
H440,2026-08-21,"[COMPUTATION] Uniform isotropic core search at t=1/3 certifies three cores strictly above their Gaussian pair-product ceilings: T5 has modular gcd degrees 79/79 and r_Q>=417>211; the paw has 1/1 and r_Q>=119>65; the open 2x2 grid plus pendant has 21/21 and r_Q>=475>211.","The isotropic claw itself reaches only the ceiling, so a larger or less symmetric uniform core was the first required repair.","At both p=1000003 and p=2000003 the declared gcd degrees are respectively 79, 1, and 21; the actual-LCM pair polynomial and gcd are monic and all division audits pass.","Rebuild every raw rational R=PDP, clear its actual denominator LCM, and independently reconstruct charpoly(wedge^2 M) and its derivative gcd at both primes.","All three rows pass; controls are claw 55/55 giving r_Q>=65=65 and K1,4 349/349 giving r_Q>=147<211.","Modular agreement does not pin the characteristic-zero count; every displayed r is only the correctly directed lower bound.",confirmed,"experiments/e163_isotropic_core_search.py;results/spectral/isotropic_core_search.json;tests/test_isotropic_allsize.py;proofs/isotropic_allsize.md","Use these as finite isotropic seeds only; do not infer supergraph monotonicity."
H441,2026-08-21,"[THEOREM] The monic-in-parameter upgrade makes each surviving named core non-Gaussian at all but finitely many isotropic couplings, with exceptional-polynomial degree bounds 913920 for the paw, 17677440 for T5, and 19641600 for the open 2x2 grid plus pendant.","A named rational certificate bounds the generic derivative-gcd degree because the exterior-pair characteristic polynomial is monic in z over Z[t].","Outside roots of a nonzero rho_H(t), the respective pair-product lower bounds remain 119, 417, and 475, each above 3^k-2^k.","Apply Theorem G's formula 4(2k+2|E|)S(S-1), S=C(2^k,2), to the independently rederived seed bounds.","The verifier recomputes all three bounds exactly and checks each named-point seed.","The theorem is for three named finite graphs only; it gives neither an all-size result nor monotonicity under adding edges.",proved,"experiments/e165_isotropic_allsize.py;results/spectral/isotropic_allsize.json;tests/test_isotropic_allsize.py;proofs/isotropic_allsize.md","Seek a non-localizing argument before attempting to lift these cores to arbitrary supergraphs."
H442,2026-08-21,"[THEOREM] A Lemma-5 graph-piece tensor decoupling across a cut with c>=1 uniform edges is not an identity on the isotropic curve: the all-plus/all-minus crossing-factor minor is q(t)^(2c)-1, whose cleared numerator (1+t^2)^(2c)-(2t)^(2c) has constant and leading coefficient 1.","At isotropic parameters one cannot switch selected cut bonds to weight 1 while leaving surviving bonds at q(t); an exact rank obstruction tests whether another uniform factorization is possible.","For every integer c>=1 the separating minor is a nonzero rational function; for 0<t<1 it is strictly positive because q(t)>1.","Derive the four constant-spin crossing weights and inspect the 2x2 determinant; independently regenerate coefficient rows for c=1..8 and use the nonzero constant coefficient for the universal claim.","The symbolic determinant and exact coefficient certificates pass; q(t)-1=(t-1)^2/(2t)>0 on the physical interval.","The claim excludes the site-partition graph-component identity required by Lemma 5, not arbitrary nonlocal tensor factorizations.",proved,"experiments/e164_isotropic_decoupling.py;results/spectral/isotropic_decoupling.json;tests/test_isotropic_allsize.py;proofs/isotropic_allsize.md","A future isotropic proof must avoid graph-piece edge-cut localization."
H443,2026-08-21,"[THEOREM] For G_m=K1,3 disjoint-union m K1, every m>=3 has r(G_m)<=136(2m+1)<3^(m+4)-2^(m+4), so the pair-product invariant provably cannot flag this valid all-size branching family at uniform parameters.","This family is within the requested every-graph quantifier and forces the remainder to consist of identical free sites; edge deletion cannot create the proposed open-chain remainder.","The base is U_3=952<C_3=2059; 2U_m-U_(m+1)=136(2m-1)>0 and C_(m+1)-2C_m=81*3^m>0 propagate the strict inequality for all m>=3.","Verify the raw tensor identity at m=1, count free exponents j+j' exactly, and check the closed-form induction rather than extrapolating finite rows.","The independent verifier checks every stored m=0..12 row plus the universal base and induction identities.","The upper bound below the Gaussian ceiling is not a Gaussian certificate and does not disprove a no-go from another invariant.",proved_method_obstruction,"experiments/e164_isotropic_decoupling.py;experiments/e165_isotropic_allsize.py;results/spectral/isotropic_allsize.json;tests/test_isotropic_allsize.py;proofs/isotropic_allsize.md","Retain G_m as a mandatory control for every proposed universal isotropic localization."
H444,2026-08-21,"[COMPUTATION] Two-piece verdict for the isotropic repair: the finite CORE piece survives, while the every-graph isotropic DECOUPLING piece fails exactly in the Lemma-5 edge-cut route.","Closing the gap required both a seed above its own ceiling and a uniform all-size propagation identity; separating the verdicts prevents a finite success from being promoted to a universal theorem.","Three core seeds are decisive, but nonempty cuts have the q^(2c)-1 obstruction and the no-cut family G_m has only linear pair growth.","Run e165 and require all seed, direction, exceptional-degree, cut-minor, counterfamily, and resource checks to pass.","The integrated artifact records 25 passed top-level checks and the standalone verifier records 58 passed independent checks.","No n0 follows because the propagation premise fails.",confirmed,"experiments/e165_isotropic_allsize.py;results/spectral/isotropic_allsize.json;tests/test_isotropic_allsize.py;proofs/isotropic_allsize.md","Do not state an isotropic all-size theorem from this route."
H445,2026-08-21,"[UNRESOLVED] The spectral statement for every finite branching graph at all but finitely many isotropic couplings remains open; no exact n0 is established.","Finite named cores plus anisotropic Theorem F do not control the isotropic curve for arbitrary graphs, and pair-product counts have no proved subgraph monotonicity.","A successful continuation must provide a non-localizing isotropic invariant or a direct named-point certificate for every graph and size.","Test any proposed universal argument first on G_m=K1,3 disjoint-union m K1 and on connected cuts with the nonzero q^(2c)-1 minor.","This wave supplies exact obstructions to the intended localization but no replacement universal mechanism.","The result is a method obstruction only, not evidence that the 3D Ising model is solved or that the target theorem is false.",open,"proofs/isotropic_allsize.md;results/spectral/isotropic_allsize.json","Develop an endpoint Puiseux-germ or other non-localizing count that remains exponential on G_m."
"H464","2026-08-21","[COMPUTATION] The common exact challenge K_dagger=atanh(6/25) lies strictly below the incumbent I3/2.","A rational v makes every double-current local weight exact while testing a genuine upper-endpoint improvement.","K_dagger is enclosed by 0.244774112659352892960068 and 0.244774112659352892960069; I3/2-K_dagger exceeds 0.007956897199310110065933.","Recompute atanh by a positive rational series with a geometric tail and compare 2*K_hi to the certified rational I3_lo.","Producer m=20 and independent verifier m=13 plus the coarse bound 2*K<=7212/14725 both decide the strict inequality.","No evidence against the comparison; this row locates only a challenge point and is not an endpoint theorem.","confirmed","results/bounds/upper_endpoint4.json;tests/test_upper_endpoint4.py","Use this exact target only inside the two explicitly named finite certificate classes."
"H465","2026-08-21","[THEOREM] PM4-aggregate-one-moment has exact SDP optimum sup s=1 and uniform order-floor optimum eta*=0.","The exact paired variable q=E[R^2], with R=N^-2 sum_(k!=0)|sigmahat(k)|^2, is the smallest scalar genuinely four-point extension of the saturated two-point mass constraint.","The primal rows [[1,s],[s,q]] PSD, q>=0, s-q>=0, 1-s>=0 admit (s,q)=(1,1); the dual identity 1-s=1*(1-s) matches it.","Rebuild the rational primal witness and the coefficient-matched SDP dual certificate system for eta.","All principal minors and scalar slacks are nonnegative and exact primal and dual objectives equal 1.","Mode-resolved fourth cumulants, DLR identities, and any inequality excluding the aggregate witness are outside this class.","proved-negative-class","experiments/e175_upper_endpoint4_paired.py;results/bounds/upper_endpoint4.json;proofs/upper_endpoint4.md","Attack a mode-resolved four-point class rather than another aggregate moment."
"H466","2026-08-21","[COMPUTATION] The fixed PM4 challenge eta=1/1024 is exactly infeasible with separating gap 1/1024.","A rational positive floor would imply M_L^2>=eta uniformly and hence K_c<=atanh(6/25)<I3/2.","Any feasible dual identity at eta=1/1024 would prove s<=1023/1024, while the exact bounded-spin witness has s=q=1.","Evaluate the certificate identity on the 2x2x2 checkerboard Fourier powers and independently verify Parseval.","The checkerboard has zero-mode power 0, nonzero powers ending in 64, R=R^2=1, so it violates the challenge by exactly 1/1024.","This is not an infeasibility theorem for general paired-momentum or four-point certificates.","falsified-finite-class","experiments/e175_upper_endpoint4_paired.py;tests/test_upper_endpoint4.py","Retain the exact witness as a regression gate for stronger paired systems."
"H467","2026-08-21","[LEMMA][COMPUTATION] Two sourceless currents have exact one-edge combined states with weights 1-v^2, v^2, v^2, v, v and worst conditional union-open probability v^2.","After scaling each current by cosh(K), the five states retain both colour parities and union support, so switching and stochastic domination use no floating-point input.","At v=6/25 the residual-parity conditional probabilities are 36/625,1,1,1; on C4 the switching event weight equals P_{02}^2 exactly.","Enumerate all 5^4 coloured states and independently rebuild them by an edge-by-edge boundary/support dynamic program.","Both routes give P_empty=391921/390625, P_02=72/625, total weight 153602070241/152587890625, and event weight 5184/390625.","The finite evaluation verifies the switching identity but does not promote a stronger block-current inequality.","proved-finite-current","experiments/e176_upper_endpoint4_current.py;results/bounds/upper_endpoint4.json;tests/test_upper_endpoint4.py","Use multi-edge events only with a new exact domination proof."
"H468","2026-08-21","[THEOREM] RC2-single-edge-conditional-domination has exact LP optimum p*=36/625 and cannot meet the self-contained planar threshold 5/6.","A feasible rational p>=5/6 would dominate iid plane bonds; the proved dual-circuit sum is 5/6<1, giving a correlation floor and K_c<=atanh(6/25).","The residual-00 LP row gives p<=36/625; the exact shortfall to 5/6 is 2909/3750.","Recompute all four conditional rows and the exact geometric sum (4/3) sum_(n>=4) n(1/2)^n=5/6.","The primal p=36/625 and one-row dual agree exactly; the independent verifier reproduces the gap 2909/3750.","Multi-edge block domination, sourced currents, sharper current consequences, and other percolation comparisons remain unresolved.","proved-negative-class","experiments/e176_upper_endpoint4_current.py;proofs/upper_endpoint4.md;results/bounds/upper_endpoint4.json","Search only outside uniform single-edge iid domination."
"H469","2026-08-21","[UNRESOLVED] Wave-18 upper-endpoint attack produces no strict improvement: the certified endpoint remains I3/2, with exact obstructions only for PM4-aggregate-one-moment and RC2-single-edge-conditional-domination.","The incumbent two-point and plain Peierls routes were already closed; the useful outcome is exact delimitation of two new finite classes without overclaiming.","The combined artifact must contain the exact optima eta*=0 and p*=36/625, gaps 1/1024 and 2909/3750, and all eight universal-claim coverage rows.","Run all three producers and the standalone verifier; fail if any stored check or any declared coverage row is absent.","The combined producer records 20 passed checks and the verifier independently covers all eight claim rows and prints PASS.","The full paired-momentum/four-point and random-current fronts remain open, and the 3D Ising model remains unsolved.","open-method-front","experiments/e177_upper_endpoint4.py;tests/test_upper_endpoint4.py;results/bounds/upper_endpoint4.json;proofs/upper_endpoint4.md","Prioritize a genuinely mode-resolved four-point inequality or multi-edge random-current block certificate."
"H434","2026-08-21","[LEMMA][THEOREM] If the open 2xL local terms admit an exact quadratic realization on m fermionic modes, then dim g_L <= m(2m-1) and m >= ceil((1+sqrt(1+8 dim g_L))/4).","The real Majorana-bilinear span is so(2m), closed under brackets, so simultaneous quadraticity forces the entire local-term Lie algebra through a space of dimension m(2m-1).","The predecessor integer m-1 must satisfy (m-1)(2m-3)<dim g_L while m(2m-1)>=dim g_L.","Derive closure of the bilinear span from the CAR and independently check the integer root inequalities for every stored dimension bound.","The proof is basis-independent; e161 uses exact isqrt arithmetic and the verifier recomputes every L=2..6 row.","Mere non-invariant compression U^dagger q U is outside the bracket-intertwining hypothesis.","proved","experiments/e161_quadratic_mode_bounds.py;proofs/alll_quadratic_nogo.md;results/algebra_growth/alll_quadratic.json","Use this ceiling only for simultaneous local-term realizations, never for the smaller two-generator sum algebra."
"H435","2026-08-21","[THEOREM] For every L>=2, n=2L, the local-term algebra satisfies dim g_L >= n(2n-1)+1 > dim so(2n).","A perimeter Hamiltonian path supplies all C(4L,2)=n(2n-1) Majorana bilinears by explicit nested brackets, and the unused left rung is a distinct grade-(4L-2) local generator.","The family has exactly n(2n-1)+1 distinct Pauli strings for every L>=2; every same-space n-mode quadratic representation is impossible.","Evaluate H[a,a+1]=G[a], H[a,b]=[G[b-1],H[a,b-1]] and the one-letter closing-rung word with exact packed-Pauli arithmetic.","e160 evaluates counts 29,67,121,191,277,379,497 at L=2..8; the independent verifier re-derives every word at L=2..6.","No evidence against the all-L induction; it uses only one-index CAR overlap and Pauli independence.","proved","experiments/e160_hamiltonian_clifford_family.py;tests/test_alll_quadratic.py;proofs/alll_quadratic_nogo.md","Retain as the minimal all-L no-go even if stronger grade bounds are revised."
"H436","2026-08-21","[THEOREM] The closing-rung orbit gives a second disjoint C(4L,2) family, so dim g_L >= 2n(2n-1) for every L>=2; at L=2 this gives 56>28 and forces m>=6 although the four-cycle has no claw.","The left rung is the grade-(4L-2) monomial with holes {1,4L}; two brackets with derived path bilinears move the holes to any {a,b}.","D[a,b] is a nonzero scalar times Gamma_[4L]\\{a,b}; grades 2 and 4L-2 are disjoint for n>=4.","Independently evaluate both optional hole-moving brackets for all C(4L,2) pairs and compare the L=2 family with the raw full closure.","The producer verifies disjoint ring counts 56,132,240,380,552,756,992 at L=2..8; the verifier obtains the complete L=2 closure dimension 56.","The claw theorem is silent at L=2 because the layer graph has maximum degree two; this is precisely the added coverage.","proved","experiments/e160_hamiltonian_clifford_family.py;results/algebra_growth/alll_quadratic.json;proofs/alll_quadratic_nogo.md","Keep the L=2 dimension argument as the claw-free control."
"H437","2026-08-21","[THEOREM] A central rung gives C_L=binom(4L,2L)/2 for odd L and C_L=binom(4L,2L+2) for even L by explicit Johnson-swap brackets; for L>=3, dim g_L >= 2(2L)(4L-1)+C_L and every invariant-code quadratic realization needs m>2^(2L)/sqrt(5(4L+1)).","The central rung is one even Clifford monomial; a derived bilinear sharing exactly one Majorana index replaces that index, so deterministic remove/add swaps reach every selected same-grade support.","The exact forced modes from the conservative bounds at L=2..8 are 6,18,65,216,991,3168,15354; C_L obeys 5(4L+1)C_L>=2^(4L+1).","Check the Majorana CAR basis, rung seed, every one-swap transition, every possible swap length, binomial count, grade disjointness, and exact mode-root inequalities.","The compact counts 28,462,8008,92378,1961256,20058300,471435600 and all schema checks pass; odd middle grade is deliberately halved.","All-L equality of the full local-term DLA is not used; larger-space realizations with enough modes and non-invariant compressions remain unresolved.","proved-lower-bound","experiments/e160_hamiltonian_clifford_family.py;experiments/e161_quadratic_mode_bounds.py;proofs/alll_quadratic_nogo.md","Use the conservative family for quantitative no-go; leave full grade saturation to its separately owned proof."
"H438","2026-08-21","[COMPUTATION] Exact Pauli verification covers L=2..8 in the producer and independently re-derives decisive bracket evaluations at L=2..6 in the standalone verifier.","Finite checks audit the explicit word machinery without substituting finite data for the all-L CAR induction.","The materialised duplicate-free union sizes are 56,196,368,1404,2600,17140,33760; all 67 artifact checks pass.","Rebuild raw ladder bonds, canonical Majoranas, every path/dual/hypercube word, compact-orbit premises, and full raw closures at L=2,3 without importing producer conclusions.","tests/test_alll_quadratic.py prints PASS; complete raw closures are 56 and 1056 and contain every rebuilt member.","The huge compact binomial family is certified by a universal swap schema rather than materialised at L=7,8; no sample is promoted to the theorem.","verified","results/algebra_growth/alll_quadratic.json;tests/test_alll_quadratic.py;experiments/e162_alll_quadratic.py","Retain the standalone verifier as the regression gate for word or indexing changes."
"H439","2026-08-21","[THEOREM][UNRESOLVED] The dimension route genuinely adds arbitrary quadratic-form coverage, exponential mode counts for invariant larger-space embeddings, and the claw-free L=2 case; it does not decide the two-generator <sum X,sum ZZ> algebra, one transfer-matrix spectrum, parity-only realizations, or non-invariant compressions.","The frustration-graph claw already forbids injective assignments to single bilinear monomials for every 2xL with L>=3, so a plain term-wise restatement would add nothing.","For L>=3 the claw result remains stronger under its narrow single-monomial hypothesis and arbitrary m; the new theorem instead quantifies m for arbitrary bilinear linear combinations.","Compare the hypotheses line by line against proofs/algebraic_obstruction.md and fail the note if local terms are conflated with A_L=sum X and B_L=sum ZZ.","The proof note explicitly distinguishes 5L-2 individual generators from the two summed generators and states the enlarged invariant-code hypothesis.","Sufficiency at or above the mode lower bound and all-L exact dimension saturation are not claimed in this deliverable.","scoped","proofs/alll_quadratic_nogo.md;proofs/algebraic_obstruction.md;proofs/allsize_gaussian.md","Do not use this theorem as a spectral no-go or as a result about the two-generator Onsager algebra."
"H428","2026-08-21","[LEMMA] The exact Pauli production system for the open 2xL layer starts from (e_v|0) and (0|e_u+e_v) and closes under p+q when the GF(2) symplectic pairing is one; every production is a nonzero rational commutator and its reached labels span exactly g_L.","A uniform saturation proof must first distinguish sound Lie productions from heuristic fiber moves.","[M_p,M_q]=+-2M_(p+q) for odd pairing; the exact target predicate is b even and either b!=J with (J+b).a=1+b.d or b=J with L odd.","Verify every derived parent pairing and every generator step against the target predicate.","The producer and clean-room verifier check every bounded parent identity at L=2..7; proofs/alll_saturation.md gives the all-L algebraic argument.","None; this row formalizes the production system and does not itself prove reverse inclusion.","proved","experiments/e157_saturation_local_move.py;experiments/e159_alll_saturation.py;proofs/alll_saturation.md","Use H429-H431 for the reverse-inclusion proof."
"H429","2026-08-21","[LEMMA] A full weight-two fiber transports across any two-token edge with no rank loss: the bond filter transfers an affine hyperplane with difference D_source intersect ker(h), and X at the newly occupied endpoint supplies the unique missing target direction. Two length-two routes around one square independently produce all four pure-X three-corner strings.","This is the missing O1 mechanism: naive path telescoping has forced interior ones and only four outputs, so a bounded second move and exact rank recovery are required.","For every L>=2 every transport has source half-size 2^(2L-2) and target size 2^(2L-1); the square supplies four three-corner witnesses per plaquette.","Run exact pair-fiber Pauli BFS and fail on any half-filter count, target-law violation, or deficient tangent rank.","Every pair fiber at L=2..7 has exact rank 2L-1; the proof uses only an actual moved bond and local X at the added endpoint, including boundary columns.","None; the prior false full-rank transport claim omitted the endpoint-X recovery, which is explicit here.","proved","experiments/e157_saturation_local_move.py;experiments/e158_pair_fiber_bfs.py;proofs/alll_saturation.md","Retain the endpoint-X clause in every reuse of the transport lemma."
"H430","2026-08-21","[THEOREM] For every L>=2 every weight-two alternation-law fiber is fully reached. Invariant I(L): all C(2L,2) pair fibers are complete. Base L=2 is one edge fiber plus one square triple; L to L+1 embeds a complete old boundary-edge fiber and two independent new-square triples raise its tangent rank by two; connectedness of the two-token graph propagates completeness to all pairs.","This closes the uniform line-graph rank accounting left open after wave 17 without using weight-zero or higher-weight fibers circularly.","Every pair fiber has 2^(2L-1) points and tangent rank 2L-1 for all L>=2.","Check the induction hypotheses symbolically and replay the exact affine Pauli BFS through L=7.","Exact BFS retains 48,480,3584,23040,135168,745472 pair labels at L=2..7 respectively and fills all 6,15,28,45,66,91 supports.","No counterexample; the finite rows audit but do not replace the leaf-induction proof of two-token connectivity.","proved","experiments/e158_pair_fiber_bfs.py;results/algebra_growth/alll_saturation.json;proofs/alll_saturation.md","Use the complete pair fibers to generate odd pure-X strings and higher even supports."
"H431","2026-08-21","[THEOREM] All-L saturation and equality: for every L>=2 the reached Pauli set equals S_L and dim_Q g_{2xL}=2^(n-1)(2^(n-1)-(-1)^L), n=2L.","Complete pair fibers yield every odd pure-X string by a boundary-edge difference; disjoint-pair telescoping gives one seed for every even b!=0,J; odd pure-X toggles span ker((J+b).); for odd L the complement-of-a-bond fiber seeds the full b=J fiber.","Exact dimensions are 56,1056,16256,262656,4192256,67117056 at L=2..7.","Independently construct a seed and tangent basis for every even-support row, with no sampling, and compare the count to the containment bound.","The producer and verifier cover 7,31,127,511,2047,8191 ordinary rows at L=2..7; full exact closures independently reach the predicted count through L=6 with zero law violations.","L=7 was not a full closure enumeration; its finite evidence is exhaustive construction/rank plus an independent Clifford grade census. The theorem itself is the uniform proof.","proved","experiments/e159_alll_saturation.py;tests/test_alll_saturation.py;results/algebra_growth/alll_saturation.json;proofs/alll_saturation.md","Update downstream uses to treat saturation/equality as unconditional for every open 2xL width."
"H432","2026-08-21","[THEOREM] Full all-L classification: with m=2^(2L-1), g_{2xL}(Q)=so_m(Q)+so_m(Q) for even L and sp_m(Q)+sp_m(Q) for odd L, split on the two product-X halves. The signed-checkerboard form is nondegenerate, symmetric/alternating by L parity, and unique up to scale on each half; the even form is hyperbolic. Consequently any quadratic realization on M fermionic modes requires M(2M-1)>=dim g_L and exponentially many modes.","The prior all-L form containment has exactly the dimension supplied by H431; the Hamiltonian-path Clifford grades independently explain why half-spin form symmetry must alternate.","The classical-algebra dimensions equal m(m-1) for even L and m(m+1) for odd L; M>=ceil((1+sqrt(1+8 dim g_L))/4), and M=n=2L is impossible for every L>=2.","Compare the saturation dimension with both isometry-algebra dimensions and the exact Clifford sum over grades 2 mod 4.","The 2xL Clifford grades 2,6,...,4L-2 sum exactly to the same formula; grade-two swaps cover every seeded grade including the odd-L middle grade.","The general Hamiltonian-path graph theorem is outside this row's scope and owned by the CliffordGradeClass front.","proved","proofs/alll_saturation.md;results/algebra_growth/alll_saturation.json","Use the exact all-L type/form theorem; do not generalize beyond open 2xL here."
"H433","2026-08-21","[COMPUTATION] Exact verification separates evidence strengths: L=2..6 full generator-monotone closures enumerate 56,1056,16256,262656,4192256 labels with zero set-law violations; L=2..7 exact affine-fiber Pauli production checks all pair ranks and all even-support construction rows; L=7 is explicitly not a 67117056-label full enumeration.","Finite computation audits the uniform proof while preventing a compressed rank certificate from being mislabeled as a full closure.","The new L=6 full closure must equal 4192256; the L=7 construction and Clifford count must equal 67117056; peak RSS must remain below 4 GiB.","Run .venv/bin/python experiments/e159_alll_saturation.py and then the independent tests/test_alll_saturation.py.","Producer L=6 full closure used 19.773451 process seconds and 436748288 peak bytes; L=7 construction used 2.360952 process seconds and 67960832 cumulative peak bytes. The independent verifier repeats full closure through L=6 and prints PASS.","No full L=7 enumeration was attempted because the exact proof and compressed certificate already decide it within the resource discipline.","verified","experiments/e157_saturation_local_move.py;experiments/e158_pair_fiber_bfs.py;experiments/e159_alll_saturation.py;tests/test_alll_saturation.py;results/algebra_growth/alll_saturation.json","Keep the enumerated-versus-checked distinction in summaries and downstream reports."
H452,2026-08-21,"[THEOREM] The exact construction-catalog point group has order 16, but only its identity induces a map on the e156 six-solve/seven-held section fibration; hence the 4^7 sections have exactly 16384 singleton orbits.","A quotient is sound only when the symmetry sends every whole held-coordinate fiber to another whole fiber, not merely when it preserves the ambient variety.","The 48 signed axis permutations reduce to 8 sign choices times id/swap(x,y) on the 14-shape catalog; all 15 nonidentity catalog maps have an explicit transformed-held monomial depending on a solve coordinate.",Rebuild all gauge-restored Laurent actions and test factorization of each transformed held coordinate through the held projection.,"Producer and independent custom-Laurent verifier obtain orders 48,16,1 and enumerate 16384 singleton orbits.",No nontrivial section action exists; this falsifies the hoped-for quotient reduction rather than the ambient symmetries.,proved-negative-quotient,experiments/e169_kw_section_group.py;experiments/e171_kw_orbit_quotient.py;results/kac_ward/orbit_quotient.json;proofs/kw_orbit_quotient.md;tests/test_kw_orbit_quotient.py,Do not re-attempt point-group quotienting of this fixed e156 fibration; change the fibration only with a new proof of coverage.
H453,2026-08-21,[THEOREM] The rank-three thin diagonal torus and wave-4 direction gauge leave no residual action after the three diagonals and five tree weights are normalized to one.,"The prior orbit-union lemma acts before diagonal normalization, so its stabilizer must be computed before using it a second time.","The diagonal character matrix is ((1,0,0),(0,1,0),(1,-1,1)) with determinant 1; the five gauge edges form a connected tree on six states; residual orders are both 1.","Recompute the 16-coordinate support kernel, diagonal minor, tree potentials, and all normalized thin identities exactly.","Both producer and clean-room verifier recover support rank 13, kernel dimension 3, determinant 1, and unique tree gauge.",There is no residual tree-gauge sign and no finite torus stabilizer to reduce the 13-coordinate chart.,proved,experiments/e169_kw_section_group.py;results/kac_ward/orbit_quotient.json;proofs/kw_orbit_quotient.md;tests/test_kw_orbit_quotient.py,Retain the pre-normalized orbit-union lemma but never promote it to a post-normalization section quotient.
H454,2026-08-21,[COMPUTATION] The complete branch-11111 F_5-unit census over all 4^13=67108864 normalized thin points has exactly 2960 construction zeros in 2437 of the 16384 exact integer-held sections.,Exact character evaluation on (Z/4Z)^13 removes the 100002-process-second per-section projection without changing the finite arithmetic.,"Section solution-count histogram is 2014 with one, 352 with two, 47 with three, 20 with four, 3 with five, and 1 with six; 13947 sections have no unit zero.","Enumerate the full character grid with generator 2 and independently with generator 3, different chunks, and different primitive tie order.",The two implementations return the identical 2960-point set and all 16384 JSON classification rows are independently covered.,Finite F_5-unit coverage does not decide non-unit valuations or characteristic-zero points.,confirmed-computation,experiments/e170_kw_unit_census.py;experiments/e171_kw_orbit_quotient.py;results/kac_ward/orbit_quotient.json;proofs/kw_orbit_quotient.md;tests/test_kw_orbit_quotient.py,Reuse the character engine for finite unit-torus scans; do not infer EMPTY_OVER_Q from an empty residue fiber.
H455,2026-08-21,[THEOREM] Every one of the 2960 F_5-unit construction points in the 16384 exact least-representative held slices fails the independent 3x3x3 holdout by an exact residue or finite lift obstruction.,Per-point dispositions turn the complete local census into a scoped Q_5 unit-stratum no-go without treating singular points or timeouts as theorems.,"2232 have H8 nonzero mod 5; 664 have H8=0 and H12 nonzero mod 5; 45 unique nonsingular lifts have H8 nonzero mod 625; 19 singular affine lift trees leave no construction-plus-H8 lift by mod 25,125,or 625.","Recompute matrix-power residues, all 42 construction residues at lifted candidates, Jacobians, unique Hensel lifts, and every affine singular correction branch.",The standalone verifier replays all four mechanisms for all 2960 points and reports zero uncovered or surviving local points.,The seven held coordinates are fixed exactly to integers 1..4; higher 5-adic held digits and non-unit solve valuations are not covered.,proved-scoped,experiments/e170_kw_unit_census.py;experiments/e171_kw_orbit_quotient.py;results/kac_ward/orbit_quotient.json;proofs/kw_orbit_quotient.md;tests/test_kw_orbit_quotient.py,Attack higher held digits or valuation strata; another scan of these 16384 slices is closed.
H456,2026-08-21,[COMPUTATION] Exact finite-group character evaluation completed the 4^13 census in 8.650371 process seconds and the full producer decision path in 24.405328 process seconds on the recorded host.,The prior e156 preflight projected 100002.627584 process seconds because it repeated SymPy substitution over each section.,The observed projection-to-character-enumeration ratio is 11560.50157663758; uint8 phase dots are bounded by 117 and int32 accumulations by 4432.,Re-run e171 under a 120-process-second cap and the independent verifier under its declared 180-second cap.,The producer prints PASS and the independent complete verifier prints PASS with 2960 points and 16384 covered rows.,Process times are host-specific observations and not mathematical speed theorems.,confirmed-method,experiments/e170_kw_unit_census.py;experiments/e171_kw_orbit_quotient.py;results/kac_ward/orbit_quotient.json;proofs/kw_orbit_quotient.md;tests/test_kw_orbit_quotient.py,Use character evaluation rather than per-section SymPy loops for future finite torus censuses.
H457,2026-08-21,[UNRESOLVED] Kac-Ward branch 11111 remains open over Q despite the complete least-representative F_5-unit census; no section is labelled EMPTY_OVER_Q.,"A local unit no-go cannot cover higher 5-adic held digits, non-unit valuations, zero reductions, chart-degenerate loci, other primes, or arbitrary characteristic-zero points.","The exact status table is EMPTY_OVER_Q 0, HAS_LOCAL_POINT_BUT_FAILS_HOLDOUT 2437, UNDECIDED 13947; the construction ideal is proper because the anchor Q_5 construction point exists.","Test any global continuation on valuation strata and variable held digits, and reject any proposal that converts missing F_5 points or a cap expiry into rational emptiness.",The complete table bitmap and all 13947 remaining lex indices are stored; the proof explicitly scopes the Q_5 theorem.,No rational Nullstellensatz identity can prove the proper construction ideal empty at any multiplier degree; the global holdout-compatible branch is still unresolved.,open,results/kac_ward/orbit_quotient.json;proofs/kw_orbit_quotient.md;tests/test_kw_orbit_quotient.py,Study non-unit tropical valuations or a uniform holdout identity over the full thin torus.
H480,2026-08-21,"[LEMMA] In Hamiltonian-path order, gamma_(2r)=X_<r Z_r and gamma_(2r+1)=X_<r Y_r give X_r=i gamma_(2r)gamma_(2r+1) and Z_pZ_q=i^(q-p)gamma_(2p+1)...gamma_(2q), so the edge grade is exactly 2(q-p).","Fixing every phase removes an otherwise hidden convention dependency and makes the path-bilinear generation proof exact.","Path fields and bonds generate every grade-two monomial; a chord at distance d is one grade-2d monomial with phase i^d.","Multiply exact Pauli words with phases in Z/4Z and check all fields and all pairs through n=9.","All 197 e178 setup/formula checks pass; the independent proof derives the same telescoping identity.","None; phase choices can change displayed signs but not supports or dimensions.","proved","experiments/e178_clifford_setup.py;results/algebra_growth/clifford_grade.json;proofs/clifford_grade_classification.md","Retain as the convention gate for every Hamiltonian-path Clifford argument."
H481,2026-08-21,"[LEMMA][COMPUTATION] Bipartiteness forces every chord distance odd and grade 2 mod 4; non-bipartiteness forces at least one even-distance chord, and C5 plus chord (0,3) closes to the full noncentral even algebra of dimension 510.","Path-position parity is the unique path two-colouring, so it tests the exact necessity of the bipartite hypothesis.","The non-bipartite control has chord grades 6 and 8; measured dimension 510 versus 255 for the 2-mod-4 prediction and 510 for all noncentral even grades.","Close the raw C5-plus-chord generators, invert the JW basis, and pairwise-check every reached bracket.","Producer and independent verifier both obtain histogram 2:45,4:210,6:210,8:45 and the same closure digest.","A single 0-mod-4 chord need not force full even closure: bare C5 has only grades 2 and 8 and dimension 90.","proved-computation","experiments/e180_graph_verification.py;tests/test_clifford_grade.py;results/algebra_growth/clifford_grade.json;proofs/clifford_grade_classification.md","Use C5 plus chord as the permanent hypothesis-necessity regression."
H482,2026-08-21,"[THEOREM] The proposed grade-generation lemma is false at k=N-2; the corrected lemma is: grade 2 plus one grade k with 6<=k<=N-4 and k=2 mod 4 generates every noncentral 2-mod-4 grade.","For k<=N-4, two k-supports with overlap k-3 produce grade 6 and overlap-one brackets with grade 6 raise r to r+4; at k=N-2 the needed supports do not fit.","C6 has N=12,k=10 and grade closure {2,10}, dimension 132 rather than 1056; every corrected seed through N=80 saturates.","Check exact overlap feasibility and raw C6/C8 Pauli closures, including pairwise saturation.","The support proof is uniform; e179 records 14 endpoint failures and 361 passed checks; the verifier reproduces C6=132 and C8=240.","This exactly refutes the original every-graph claim; C4 is an accidental equality because {2,6} is already the full N=8 class.","refuted-and-corrected","experiments/e179_grade_generation.py;experiments/e180_graph_verification.py;tests/test_clifford_grade.py;results/algebra_growth/clifford_grade.json;proofs/clifford_grade_classification.md","Replace every use of the original k<=N lemma by the k<=N-4 branching lemma."
H483,2026-08-21,"[LEMMA] The so(2n) orbit of any coordinate grade-k monomial with 0<k<2n spans the full grade-k component over Q, including middle grade.","A grade-two bracket replaces one occupied Majorana index by one unoccupied index, and the Johnson graph J(2n,k) is connected.","At k=n, a coordinate monomial and its disjoint Hodge complement are connected; both Hodge projections are nonzero and scalar extension has dimension C(2n,n).","Construct exact remove/add bracket walks and explicitly cross from a middle support to its complement.","e179 records the six-step N=12 middle walk and two non-middle samples; the elementary proof descends without a field-extension assumption.","None; the middle exterior power splits over an algebraic closure, but a decomposable seed has nonzero components in both nonisomorphic summands.","proved","experiments/e179_grade_generation.py;results/algebra_growth/clifford_grade.json;proofs/clifford_grade_classification.md","Prefer the rational Johnson-walk proof; retain Hodge splitting only as structural interpretation."
H484,2026-08-21,"[THEOREM] For odd n the top Clifford monomial is not scalar on the full 2^n-dimensional physical space: it is i^(-n) times global X parity; it is omitted because it is central, absent from the generators, and cannot be an even-monomial commutator.","The proposed scalar rationale confused the full spinor representation with one half-spin/parity sector.","The repository dimension convention excludes identity and nongenerated parity; the branching dimension is 2^(2n-2)-1, giving 65535 at n=9.","Check that global X parity is a nonidentity Pauli string absent from the exact 3x3 closure and that no complementary even supports have a nonzero bracket.","The independent verifier confirms grade 18/global parity absent while the four noncentral grades total 65535.","The requested claim that the volume is scalar on the full 2^n space is false; it is scalar only on each 2^(n-1)-dimensional parity sector.","refuted-rationale-corrected-theorem","experiments/e181_clifford_grade.py;tests/test_clifford_grade.py;results/algebra_growth/clifford_grade.json;proofs/clifford_grade_classification.md","Keep full-space and half-spin statements separate in all future dimension arguments."
H485,2026-08-21,"[LEMMA] The noncentral span of Clifford grades k=2 mod 4 is bracket-closed and contains every bipartite Hamiltonian-path local generator, so g_Gamma is contained in it independently of saturation.","For even grades a,b in the class, a nonzero bracket has odd overlap j and output grade a+b-2j=2 mod 4; complementary supports commute, so the top volume is never produced.","Containment holds for path, cycle, and branching branches; equality needs the separate orbit/generation inclusion and fails for cycles n>=6.","Exhaust the support formula on finite universes and separately prove the overlap parity identity.","e179 exhausts the bracket support formula through N=10 and the proof handles all N.","None; the distinction between containment and reverse inclusion is explicit.","proved","experiments/e179_grade_generation.py;results/algebra_growth/clifford_grade.json;proofs/clifford_grade_classification.md","Use this as the upper-bound half of the corrected trichotomy."
H486,2026-08-21,"[COMPUTATION] Independent raw-generator closures reproduce 2x2=56,2x3=1056,2x4=16256,2x5=262656,3x3=65535 and certify new controls/predictions: P6=66,C6=132,C8=240,3x3-minus-edge=65535,3x4=4192256,C10-plus-chord=262656.","The finite closures test every branch while large cases must use proved grade characterization rather than materializing millions of strings.","The exact histograms match binomial grade counts; 3x4 has chord grades 14,10,6,6,10,14 and C10-plus-chord has grades 18,6.","Run the standalone verifier, which imports no producer or project Clifford helper, from raw X and ZZ generators.","tests/test_clifford_grade.py prints PASS with 41 independent checks, process CPU below 3 seconds, and peak RSS below 74 MB.","The 3x4 and C10-plus-chord rows are theorem-backed non-materialized characterizations, not enumerated closures.","verified","experiments/e180_graph_verification.py;experiments/e181_clifford_grade.py;tests/test_clifford_grade.py;results/algebra_growth/clifford_grade.json","Retain the five known raw closures and the C6 counterexample as permanent regression gates."
H487,2026-08-21,"[THEOREM] Exact trichotomy: a Hamiltonian bipartite layer has path algebra of dimension n(2n-1), even-cycle algebra of dimension 2n(2n-1), or, exactly when Delta>=3, the full noncentral 2-mod-4 algebra of exponential dimension; only the branching branch forces exponentially many Gaussian modes.","The endpoint-grade exception is precisely the path/cycle versus branching threshold already seen by the claw, Dolan-Grady, and tridiagonal criteria.","For dimension D any m-mode bilinear realization needs m(2m-1)>=D; branching gives m=Theta(2^n), cycles only m=Theta(n), and C4 is the claw-free 56-dimensional cycle case.","Combine the corrected grade lemma with the graph-degree equivalence and check exact integer mode roots in the artifact.","The integrated artifact records the trichotomy, exact mode bounds, C6 refutation, and all eight obligation statuses.","The original universal exponential-mode conclusion is false on even cycles, although cycles still exceed the single n-mode full-space bound and remain sectorwise free-fermion solvable.","proved-trichotomy-original-refuted","experiments/e181_clifford_grade.py;results/algebra_growth/clifford_grade.json;proofs/clifford_grade_classification.md;tests/test_clifford_grade.py","Use Delta>=3, not merely one chord, as the exact exponential-dimension hypothesis."
"H446","2026-08-21","[THEOREM][COMPUTATION] At each named physical point (t,w)=(1/3,5/3),(1/4,17/8),(2/5,29/20),(1/5,13/5), the five-site branch-length-(2,1,1) tree operator has exactly r(T)=417 and r_all(T)=445 over characteristic zero.","The withdrawn U2 and CZ hypothesis of F2 required an upper bound opposite to the old one-sided modular lower bound.","The degree-496 exterior pair polynomial has exact Q derivative-gcd degree 79 and the degree-528 symmetric pair polynomial has exact Q derivative-gcd degree 83, hence closed sandwiches 417<=r<=417 and 445<=r_all<=445.","Build M=den(t)^10 den(w)^4 P D P over Z, factor its degree-32 characteristic polynomial over Q, and count the exact product-root union by squarefree lcms.","All four rows factor as (1^2,1^2,3,3,11,11); exact resultant unions have degrees 417/445; a clean-room companion/Kronecker verifier reproduces every row.","No contrary evidence at the four points; constancy outside them is not tested.","proved","experiments/e166_rank_char0_spectrum.py;experiments/e167_rank_char0_products.py;experiments/e168_rank_char0.py;results/spectral/rank_char0.json;proofs/rank_char0.md;tests/test_rank_char0.py","Use the exact core counts, never their former modular lower bounds, in Lemma 5'."
"H447","2026-08-21","[LEMMA] For a factored characteristic polynomial prod f_a^e_a, the squarefree lcm of exact resultant polynomials for within-factor, cross-factor, and repeated-slot-square products has degree exactly r; adding all diagonal-slot square polynomials gives r_all.","This root-set construction supplies both characteristic-zero inequality directions without expanding the degree-496/528 slot polynomials or relying on reduction modulo a prime.","Every allowed product is a root of the lcm, giving r<=deg L, while every lcm root is an actual spectral product and L is squarefree, giving r>=deg L; likewise for r_all.","Construct S_a=Res(f_a,z-x^2), X_ab=Res(f_a,x^deg(f_b)f_b(z/x)), recover W_a from W_a^2=X_aa/S_a, and audit every exact gcd/lcm overlap.","The producer stores every component degree/hash and cumulative union degree; the verifier independently replaces resultants by companion exterior-square, square, and Kronecker characteristic polynomials.","No evidence against the identity; it is a finite exact algebraic root-set equality.","proved","experiments/e167_rank_char0_products.py;results/spectral/rank_char0.json;proofs/rank_char0.md;tests/test_rank_char0.py","Reuse this exact root-set route when a moderate-degree base spectrum factors over Q."
"H448","2026-08-21","[THEOREM] Restored U2 at m=2: r(T disjoint-union P_2)=3893 and r_all(T disjoint-union P_2)=4005 exactly at all four named physical points, and INJ(2) is certified rather than assumed.","Once the core counts are exact, Lemma 5' is a valid upper bound and can be squeezed against the established modular lower bounds.","Characteristic zero gives r>=3893 and r_all>=4005 from F_1000003, while exact core counts give r<=(9-4)445+4*417=3893 and r_all<=9*445=4005.","Independently rebuild each seven-site pair and symmetric pair polynomial from raw graph/parameter inputs and compare the two inequality directions.","All four clean-room modular rows meet the exact-Q upper bounds; every stored universal row is covered and fails loudly if absent.","No contrary evidence at the named points; arbitrary couplings are outside scope.","proved","results/spectral/rank_char0.json;results/spectral/allsize_gaussian.json;proofs/rank_char0.md;tests/test_rank_char0.py","Seek INJ(m) certificates at chain lengths other than 2 and 4."
"H449","2026-08-21","[THEOREM] Restored U2 at m=4: r(T disjoint-union P_4)=35597 exactly at (t,w)=(1/3,5/3), and equality in Lemma 5' certifies INJ(4).","This was the larger withdrawn count 35597 whose former argument substituted core lower bounds into an upper-bound expression.","The exact modular lower direction is r>=35597; the exact-core Lemma 5' direction is r<=(81-16)445+16*417=35597.","Rebuild the nine-site degree-130816 pair polynomial and its F_1000003 derivative gcd from raw inputs, including its coefficient digest.","The independent verifier obtains gcd degree 95219, r lower bound 35597, and digest 29e9f1fd1f6994b2df69191c4a9ac0715d5282383ea0f325aa6c212da0085ca3, meeting the exact upper bound.","No r_all value for m=4 and no second m=4 coupling are claimed.","proved","results/spectral/rank_char0.json;results/spectral/allsize_gaussian.json;proofs/rank_char0.md;tests/test_rank_char0.py","A second m=4 named point is optional confidence, not needed for the theorem."
"H450","2026-08-21","[THEOREM] With CZ and INJ discharged for m=2,4, the F2 three-parameter family theorem is unconditional at n=7,9: off its nonzero resultant hypersurface, r is at least the Gaussian ceiling plus 202*3^m+4*2^m, namely 3893 and 35597.","The exact core excess E_T=445-3^5=202 and square gap 2^5-(445-417)=4 strengthen the original conditional lower bound.","At the decoupled witnesses the exact excess is 1834 for m=2 and 16426 for m=4; monic specialization transports at least that count outside a hypersurface of degree at most 4(2n+|E|)S(S-1).","Verify the two exact decoupled sandwiches, the excess algebra, and every generic-row degree formula without claiming generic equality.","The producer and independent verifier cover both m rows; all 21 verifier checks pass with peak RSS 156778496 bytes.","The fully isotropic y=w point may lie on the exceptional hypersurface and is not decided.","proved","results/spectral/rank_char0.json;proofs/rank_char0.md;tests/test_rank_char0.py","Apply the strengthened theorem only at m=2,4 until further INJ rows are certified."
"H451","2026-08-21","[UNRESOLVED] For the all-n version of F2, INJ(n-5) is now the sole remaining hypothesis at chain lengths other than the certified m=2,4; CZ is discharged by the exact (1/3,5/3) core witness.","One exact core specialization suffices for monic generic transport at every size, so future work should not recompute CZ or silently assume tensor-label injectivity.","A continuation must prove or exactly squeeze the Lemma 5 labelling map at each additional m; it must separately locate y=w relative to the resultant to address full isotropy.","Compute characteristic-zero or opposite-direction exact bounds for composite counts at new m and compare them with raw modular lower certificates.","This wave certifies INJ(2) and INJ(4) only; no all-m pattern is inferred.","No proof currently covers other m, arbitrary core couplings, or the physical y=w exceptional-set question.","open","results/spectral/rank_char0.json;proofs/rank_char0.md;proofs/allsize_gaussian.md","Target INJ(m) by exact composite squarefree-lcm structure or a uniform multiplicative-independence theorem."
"H500","2026-08-21","[LEMMA][THEOREM] Conjugacy into C^times rho(Spin(2n,C)) always implies a nonzero full n-mode subset-product spectrum; the converse holds for invertible diagonalizable matrices and therefore for every real physical layer operator, but not for arbitrary Jordan or singular matrices.","The group formulation and the spectral formulation must have their implication directions separated before Lie-algebra information can be applied.","Spin-torus weights c product r_i^epsilon_i become subset weights with a=c product r_i^-1 and u_i=r_i^2; conversely choose square roots and use diagonalizable similarity.","Enumerate the full-spin weight/subset bijection and verify physical positivity via the symmetric sandwich; test the missing hypothesis on J_2(1).","e188 checks all 2^n weights for n=1..8 and the proof handles every n; the physical sandwich is positive definite.","J_2(1) has subset multiset {1,1} but is not conjugate into the diagonal Spin(2) torus; zero factors are outside a matrix group.","proved","experiments/e188_gaussian_group.py;proofs/layer_group_spectral.md;results/spectral/layer_group_spectral.json","Retain invertibility and diagonalizability explicitly in every future spectral-to-group converse."
"H501","2026-08-21","[THEOREM] The proposed open-family rigidity implication is false even for a spin subgroup: M(a,b)=exp(aH)exp(bX) is pointwise conjugate into Spin(2,C) on a nonempty complex-open set (and at every real parameter), while Lie(H,X)=sl(2,C) has dimension 3 and cannot fit the one-dimensional quadratic algebra.","Varying conjugators can make every individual transfer matrix Gaussian without providing one basis that Gaussianizes its generators.","det M=1, Delta=(tr M)^2-4; on Delta!=0 each M is conjugate to diag(lambda,lambda^-1), whereas H,X,[H,X] are independent and close as sl2.","Verify the Laurent trace/discriminant identities, a non-diagonal regular sample, and the exact commutator table.","At (r,u)=(2,2), M=[[5/2,3/2],[3/8,5/8]] and Delta=369/64; symbolic rank is 3.","This falsifies the general rigidity bridge, not the isotropic spectral no-go and not Gaussianity of any branching layer.","falsified","experiments/e189_varying_conjugator.py;proofs/layer_group_spectral.md;results/spectral/layer_group_spectral.json","Any replacement rigidity theorem must add hypotheses that actually force a parameter-independent conjugator."
"H502","2026-08-21","[LEMMA][THEOREM] Differentiating a varying conjugacy gives d(ghg^-1)=[Y,h]+Z, and in the exact witness the full b-derivative D X equals [Y(r),D] with Y=(r^2-1)^-1[[0,-r^2],[1,0]].","The missing [Y,h] orbit tangent is exactly where the naive differentiation argument loses control of B.","For every r^2!=1 the transverse derivative is entirely absorbed with zero subgroup-tangent term; Y(2)=[[0,-4/3],[1/3,0]] and Y has a pole at the identity.","Multiply the 2x2 rational matrices at several exact r and inspect the identity singularity.","Producer proves the symbolic identity; the standalone verifier independently checks r=2,3/2,5/3.","A bounded differentiable diagonalizer through the degenerate identity is not available and cannot be assumed.","proved","experiments/e189_varying_conjugator.py;tests/test_layer_group_spectral.py;proofs/layer_group_spectral.md","Track conjugacy-orbit tangents explicitly in any future differentiation argument."
"H503","2026-08-21","[THEOREM] Ambient two-parameter noncontainment would still not decide the physical isotropic curve: in x=exp(a), y=exp(2b) coordinates that curve is the proper hypersurface F_phys=(y-1)x^2-(y+1)=0, so a nonzero ambient obstruction may vanish identically after specialization.","The requested finite exceptional set needs nonvanishing on the curve, not merely somewhere in the ambient coupling surface.","A spectral polynomial P_G gives finitely many physical exceptions only after proving P_G(x(t),y(t)) is nonzero in Q(t), equivalently nonzero modulo F_phys.","Eliminate t from x=(1+t)/(1-t), y=(1+t^2)/(2t) and inspect the four nonzero coefficients of F_phys.","e188 and the clean-room verifier reproduce the curve identity exactly at symbolic and four rational parameters.","F_phys itself is a concrete nonzero ambient polynomial whose restriction is identically zero.","proved-method-obstruction","experiments/e188_gaussian_group.py;tests/test_layer_group_spectral.py;proofs/layer_group_spectral.md","Seek a conjugacy-invariant spectral obstruction proved nonzero modulo F_phys for every branching graph."
"H504","2026-08-21","[COMPUTATION] Exact small controls at t=1/3 reproduce modular pair-gcd degrees 385 for open 2x3 and 9329 for open 2x4 at p=1000003, proving respectively r_Q>=1631>665 and r_Q>=23311>6305.","Finite known failures ensure the structural obstruction machinery is scoped correctly without reviving pair-product counting as the primary all-size method.","The matrices have dimensions 64 and 256, 7 and 10 raw bonds, pair slots 2016 and 32640, and monic gcds dividing both pair polynomials and derivatives.","Rebuild P_t D_q P_t directly from raw graphs in F_p and independently repeat power traces, Newton reconstruction, recurrence, and Euclid.","The producer uses integer Kronecker sweeps; the standalone verifier uses direct Hamming-distance matrices and reproduces both degrees under 51 MB RSS.","One good prime supplies only the one-sided characteristic-zero lower bounds; no exact equality or all-size induction is claimed.","verified-computation","experiments/e190_layer_group_spectral.py;tests/test_layer_group_spectral.py;results/spectral/layer_group_spectral.json","Keep these as controls only; do not substitute finite pair counts for the missing structural theorem."
"H505","2026-08-21","[UNRESOLVED] No isotropic all-size spectral no-go or finite exceptional set follows from Lie-dimension saturation alone; large Lie(A,B) excludes a fixed joint quadratic basis but not pointwise parameter-dependent Gaussian conjugacies.","The exact Spin(2) witness separates fixed-basis algebraic nonquadraticity from basis-independent subset-product spectra, closing the proposed differentiation route without overclaiming.","The all-size conclusion needs either a spectral polynomial nonzero modulo F_phys for every branching layer or valid hypotheses forcing one parameter-independent conjugator.","Run every proposed continuation first against the varying-conjugator witness and the F_phys divisibility test.","e190 and the standalone verifier pass all exact symbolic, tangent, curve, and 2x3/2x4 control checks under the declared budgets.","The 3D Ising model remains unsolved; this front proves a route obstruction, not a Gaussian branching example or a spectral theorem.","unresolved","proofs/layer_group_spectral.md;results/spectral/layer_group_spectral.json;tests/test_layer_group_spectral.py","Develop a genuinely conjugacy-invariant non-localizing obstruction on the physical curve."
"H494","2026-08-21","[LEMMA][THEOREM] For an arbitrary Jordan-Wigner order sigma, an edge uv has grade 2|pos(u)-pos(v)|; all edges have grade 2 mod 4 iff position parity is a proper two-colouring. For a connected bipartite graph such orders exist iff its colour-class sizes differ by at most one; the physical local-term algebra itself is order-independent.","The grade congruence is an order-colouring statement, while the wave-18 saturation also needs consecutive ordered vertices to be actual path edges.","Compatible-order counts are 2r!s! for r=s, r!s! for |r-s|=1, and zero otherwise.","Enumerate every order of every connected bipartite labelled graph through n=5 and independently through n=4.","All 218 producer graphs and 23 clean-room graphs match the exact count.","Grade-compatible orders alone do not supply the full grade-two orbit.","proved","experiments/e185_order_counterexample.py;results/algebra_growth/trichotomy_extend.json;proofs/trichotomy_extend.md","Use Hamiltonian orders, not merely alternating orders, when invoking the wave-18 saturation proof."
"H495","2026-08-21","[THEOREM][COMPUTATION] The Hamiltonian-path hypothesis cannot be removed from the connected bipartite trichotomy: K1,3 has Delta=3 but exact local-term dimension 72, not the misapplied branching value 56; a six-vertex branch tree independently gives 992 rather than 1056.","Both graphs are connected bipartite non-Hamiltonian trees with unbalanced colour classes and no grade-compatible order.","K1,3 closure histogram is grades 2:16,4:40,6:16; both raw closures must be pairwise saturated.","Close raw (e_v,0) and (0,e_u+e_v) generators by odd symplectic XOR and check every reached pair.","Producer and standalone verifier reproduce 72 and 992 with matching digests; K1,3 has zero set-law ambiguity.","No all-connected bipartite replacement formula is proved.","falsified","experiments/e185_order_counterexample.py;tests/test_trichotomy_extend.py;proofs/trichotomy_extend.md","Classify non-Hamiltonian bipartite graphs separately; do not extrapolate from n, Delta, or balance alone."
"H496","2026-08-21","[LEMMA] Grade two plus one interior grade h=0 mod 4 with 4<=h<=N-4 generates every noncentral even Clifford grade; when N=2 mod 4, grade two plus an endpoint grade N-2 and one interior grade k=2 mod 4 with 6<=k<=N-4 does likewise.","Two h-supports overlapping in h-3 produce grade 6; h with generated h-2 produces grade 4; overlap-one grade-6 brackets raise both congruence classes. Endpoint N-2 brackets send grade r to N-r.","The resulting grade set is exactly 2,4,...,N-2 and has dimension 2^(N-1)-2.","Exhaust exact support closure for every valid seed through N=80 in producer and verifier.","All 361 interior-seed and 171 endpoint-plus-interior cases saturate.","Finite exhaustion audits but does not replace the uniform overlap proof.","proved","experiments/e186_nonbipartite.py;tests/test_trichotomy_extend.py;proofs/trichotomy_extend.md","Use the support lemmas as the base of the order-free non-bipartite leaf induction."
"H497","2026-08-21","[THEOREM] For every connected simple non-bipartite graph on n vertices, an odd cycle has grades {2,2n-2} and dimension 2n(2n-1); every other graph, equivalently Delta>=3, has the full noncentral even Pauli/Clifford algebra of dimension 2^(2n-1)-2, with no Hamiltonian hypothesis.","Every non-cycle contains a spanning odd-cycle-plus-leaf seed followed by leaf additions. The seed is Hamiltonian/full-even, and a full-even m-vertex algebra contains all K_m bonds, so adjoining a leaf contains the Hamiltonian K_m-plus-leaf full algebra.","Raw dimensions are C5=90, paw=126, C5+chord=510, non-Hamiltonian triangle+two-leaves=510, and C6+short-chord=2046.","Rebuild and pairwise-saturate all five closures; independently verify every Clifford-grade histogram.","Producer and clean-room verifier obtain the exact binomial histograms and dimensions on all five graphs.","The bare odd-cycle exception is essential; C5 is 90 rather than 510.","proved","experiments/e186_nonbipartite.py;results/algebra_growth/trichotomy_extend.json;tests/test_trichotomy_extend.py;proofs/trichotomy_extend.md","None for connected non-bipartite local-term algebras; other generator sets remain separate."
"H498","2026-08-21","[THEOREM] Every open r x s grid is decided as a local-term algebra: one-dimensional grids are the path branch, 2x2 is the cycle branch, and every other r,s>=2 grid is the full noncentral 2-mod-4 branch. Concrete dimensions are 2x6=3x4=4192256, 3x5=268435455, and 4x4=1073709056.","A row snake is Hamiltonian, checkerboard parity is bipartite, and every nondegenerate non-2x2 rectangle has Delta>=3.","3x5 and 4x4 have respectively n=15 and n=16; their raw chord lists contain grade 6 and their binomial sums give the displayed integers.","Rebuild raw graph generators, paths, chord grades, direct binomial sums, and every prior-status source for every artifact row.","The verifier supports all four rows and fails on any unknown or unsourced corollary row.","2x6 and 3x4 were previously known; 3x5 and 4x4 were implicit in wave 18. The open 4x4 >=1794 bound is for the different two-generator Lie<A,B> algebra.","proved","experiments/e187_trichotomy_extend.py;results/algebra_growth/trichotomy_extend.json;tests/test_trichotomy_extend.py;proofs/trichotomy_extend.md","Keep local-term and two-generator dimensions in separate tables and claims."
"H499","2026-08-21","[THEOREM][UNRESOLVED] For every finite open simple-cubic a x b x c box, alternating a two-dimensional snake with its reversal gives a Hamiltonian path. Every genuine box a,b,c>=2 therefore has the noncentral 2-mod-4 local-term algebra with the same even/odd-n dimension formula; this does not solve the thermodynamic, transfer-spectral, two-generator, or 3D Ising problems.","Layer reversal makes successive layer endpoints vertically adjacent; box bipartiteness and Delta>=3 invoke the exact wave-18 branching theorem.","For n=abc, dim is 2^(2n-2)-(-1)^(n/2)2^(n-1) when n is even and 2^(2n-2)-1 when n is odd; path and C4 degeneracies are separately classified.","Independently construct all boxes with sides <=4 and volume <=24 and validate paths, colours, branches, and chord grades.","Both implementations pass 53 boxes including 40 branching cases under 25 MB RSS in the verifier.","A finite-box local-term theorem supplies no partition function, critical point, transfer spectrum, thermodynamic limit, or solvability claim.","proved_scoped","experiments/e187_trichotomy_extend.py;results/algebra_growth/trichotomy_extend.json;tests/test_trichotomy_extend.py;proofs/trichotomy_extend.md","The connected bipartite non-Hamiltonian classification and all separate spectral/two-generator questions remain outside this theorem."
"H458","2026-08-21","[COMPUTATION] Wave-18 LadderW8 regression control: a fresh sector-pure mirror closure at q=999983 reproduces every certified ladder annihilator row at L=3..8 (cyclic 14,42,142,494,1780,6562; W 0,2,10,66,364,1822; all per-sector splits) in 67s CPU, and the stored wave-16 L=9 artifacts re-verify (basis sha256, sandwich 24566+8586=33152, low ranks {1,45,666,3570,8001}, palindrome). W_8 and W_9 were already certified (H393, H409); this front was retargeted by the lead accordingly. W_10 was deliberately NOT run (lead directive: projected >=15x L=9 CPU and RSS near/over the 4 GB cap; a wall datum adds nothing).","Regression gate before any new all-L claim on the same objects.","Fresh engine must reproduce 6 certified rows bit-exactly.","Run e172; compare against the wave-14/15 table.","All 6 rows + L=9 artifacts match.","None.","confirmed","experiments/e172_ladder_w8_regression.py;results/algebra_growth/ladder_w8_regression.json;proofs/ladder_w8.md","Keep as the standing regression gate for annihilator-adjacent fronts."
"H459","2026-08-21","[CONJECTURE] Symmetric-square law for the ladder vacuum module: rank U^(2m)_L = C(L,m)(C(L,m)+1)/2 - [L=0 mod 4 and m=L/2]; equivalently dim U_L = (C(2L,L)+2^L)/2 - [4|L] and W_L = 2^(2L-3)+3*2^(L-2) - (C(2L,L)+2^L)/2 + [4|L]. Identified from the L=9 low-sector rank vector (1,45,666,3570,8001) = T(9,m) alone; holdout: all seven certified totals L=3..9, all certified per-sector splits L=4..9 (28 values), and both delta corrections exactly at L=4 and L=8. Zero failures; unfalsified, NOT confirmed.","The A107105 symmetric-square triangle exactly matches the certified sector ranks, suggesting U^(2m) is a symmetric square of the C(L,m)-dimensional m-subset space.","W_10 = 38950, cyclic_10 = 92890, K_10 = 131840; per-sector deficits K^(2m)-T(L,m) at every L.","Compute the L=10 sector-2 and sector-4 ranks (the sector-capped engine reaches both cheaply) and compare with T(10,1)=1540... wait T(10,1)=55*56/2? no: C(10,1)=10 -> 55; C(10,2)=45 -> 1035.","7/7 totals + 28 sector values + delta pattern; the law also implies K_L-W_L >= 2^L for all L (C(2L,L) >= 2^L+2).","No proof of either inclusion; seven points are finite; the exact wave-18 L=10..31 certificates stop below the law's full sector ranks by design (early stop).","open","experiments/e172_ladder_w8_regression.py;results/algebra_growth/ladder_w8_regression.json;proofs/ladder_w8.md","Prove one inclusion (upper: exhibit an invariant Sym^2-structured superspace; lower: sector-2/4 saturation constructions); or falsify at L=10."
"H460","2026-08-21","[THEOREM] Partition-family lower bound: for every L>=2, dim_Q g_L >= dim_Q U_L >= Q(L) := #{partitions lambda=(a_1>=...>=a_m>=0), m>=1, |lambda|+2m <= L}. Proof: walk words w(lambda)=F^(a_m)D...F^(a_1)D psi (nonnegative history counts), top-leg two-particle-pair witnesses with unit gaps, transport-cost lemma (per-pair cost >= dist-1 with +2 penalties for rung/bottom creation), gap-parity pairing-minimality lemma (non-consecutive pairings cost >= +2), Hall scheduling lemma (dominance necessity at exact budget), block-triangular witness matrix with positive diagonal over Z. Verified exhaustively in instances L=8,9,10 (full witness matrices; rank = Q(L) = 21,29,41 at p=2147483647).","State-space positivity + transport cost replaces the leading-term word transfers that the repository proved obstructed (ladder_all_l.md, ladder_nonstat.md).","Q(L) values; rank exactly Q(L) in instances; Q(32)=8348, Q(40)=37337.","PYTHONPATH=src .venv/bin/python experiments/e173_ladder_nogo_family.py (13s).","Instances pass all four structural checks; proof in proofs/ladder_w8.md sec. 4.","Subexponential (partition growth), far below the certified ~3.7^L values; does not prove 2^L growth.","confirmed","experiments/e173_ladder_nogo_family.py;results/algebra_growth/ladder_w8_family.json;proofs/ladder_w8.md","Enrich the provable family toward exponential counts (typed pairs need new word letters; Lambda-insertions with budgeted teleports are the next candidate)."
"H461","2026-08-21","[THEOREM]+[COMPUTATION] Threshold arithmetic and gap certificates: Q(L) > 8L^2-2L+1 for every L >= 32 (exact DP to 300; for L>300, Q(L) >= C(L-4,4)/24 >= (L-7)^4/576 > 8L^2, machine-checked to 5000, quartic-vs-quadratic beyond), while Q(31)=6841 <= 7627. The band L=5,10..31 is closed by one-prime modular lower-bound certificates: L=5 by Pauli-word closure rank 191 >= 191 at p=2147483647; L=10..31 by sector-capped state closures at q=999983 (all words P_k B P_k' with k<=4; projectors are polynomials in A_L; every stored vector is an integral element of U(A,B)psi), each reaching rank 8L^2-2L+1 with early stop.","The family theorem needs L>=32; the no-go needs every L>=3; certificates bridge exactly the band the theorem misses.","Per-L rank >= 8L^2-2L+1 for L in {5} u {10..31}.","PYTHONPATH=src .venv/bin/python experiments/e174_ladder_gap_certificates.py (background-scale; per-L process_time budget 12000s).","All rows certified (see artifact); independent re-derivation in tests/test_ladder_w8.py at the same targets.","One-prime lower bounds only; not exact dimensions; L=31 state space ~140k orbits is the practical ceiling of this engine.","confirmed","experiments/e174_ladder_gap_certificates.py;results/algebra_growth/ladder_w8_certificates.json;results/algebra_growth/ladder_w8.json","None needed; rows are frozen certificates."
"H462","2026-08-21","[THEOREM] All-L free-fermion no-go for the two-generator ladder pair: for every L >= 3, A_L = sum X_v and B_L = sum Z_uZ_v on the open 2xL ladder admit NO simultaneous Majorana-quadratic representation on the physical 2^(2L)-dimensional space; any such representation would force dim_Q <A_L,B_L>_Lie <= 2L(4L-1) (both generators traceless, so no identity component; quadratics form so(4L)), contradicted by: exact dims 263 (L=3), 2952 (L=4); word certificate 191 (L=5); K_L-W_L = 494,1780,6562,24566 (L=6..9); state certificates rank >= 8L^2-2L+1 (L=10..31); partition-family theorem Q(L) > 8L^2-2L+1 (all L>=32). L=2 is honestly INCONCLUSIVE by this route (dim g_2 = 11 <= 28; the 2x2 ladder is the 4-cycle TFIM ring, DLA 3n-1, the known integrable case). Distinct from the wave-18 local-term no-go: <X_i,Z_iZ_j> has dim 56 > 28 already at L=2; different algebra, different verdict, no contradiction.","A proved all-L superquadratic lower bound converts the finite spectral/dimension certificates into an unconditional isotropic no-go with no genericity assumptions.","dim g_L > 8L^2-2L for all L>=3.","Run e173+e174 then tests/test_ladder_w8.py.","Assembly table in results/algebra_growth/ladder_w8.json; every L>=3 row EXCLUDED.","Says nothing about enlarged-space or nonlinear free-fermion descriptions; L=2 not excluded (and should not be).","confirmed","proofs/ladder_w8.md;results/algebra_growth/ladder_w8.json;experiments/e173_ladder_nogo_family.py;experiments/e174_ladder_gap_certificates.py","Cite as the two-generator counterpart of the local-term no-go; extend the family bound toward 2^L."
"H463","2026-08-21","[COMPUTATION] Recurrence audit of W_3..W_9 = (0,2,10,66,364,1822,8586) under holdout discipline: order-1 constant recurrence has no exact fit (W_3=0 degenerate); order-2 fits (5,8) then is REFUTED at L=7; order-3 fits (263/23,-556/23,-1713/23) then is REFUTED at L=9; order-1 P-recursive with linear coefficients is REFUTED at L=8. The only surviving candidate is the H459 closed form, which consumed 0 of the 7 totals (fixed by the L=9 sector vector) and is tagged CONJECTURE (unfalsified, not confirmed). Also recorded: under H459 the ratio W_L/K_L -> 1, so no bound W_L <= (1-c)K_L with constant c>0 can hold; the useful all-L statement is the direct lower bound on dim U_L (H460-H462). Direction discipline: a lower bound on W_L strengthens the cyclicity refutation but weakens nothing about dim g_L >= K_L - W_L, which needs an UPPER bound on W_L; the two directions are kept separate throughout.","Seven terms do not determine a law; the repository has a withdrawn theorem from exactly this failure mode.","Each candidate's fit/holdout accounting as recorded.","PYTHONPATH=src .venv/bin/python experiments/e172_ladder_w8_regression.py.","Exact Fraction refutations recorded per candidate.","None; the audit is itself the record.","confirmed","results/algebra_growth/ladder_w8_regression.json;proofs/ladder_w8.md","Falsify or prove H459 at L=10; nothing else pending."
"H488","2026-08-21","[LEMMA] For D=ad_(iA), A=sum_r X_r, every Clifford grade is invariant; on complexified grade k the eigenvalue 2i(b-a) has multiplicity C(n,a)C(n,b), where 0<=a,b<=n and a+b=k.","A correct Vandermonde argument requires the complete spectrum and all cross-grade coincidences, not only grade preservation.","The grade-k eigenvalues are 2i*l for l=-min(k,2n-k),-min(k,2n-k)+2,...,min(k,2n-k), and their multiplicities sum to C(2n,k).","Diagonalize each site pair with gamma_(2r)+/-i gamma_(2r+1), sum exact binomial multiplicities, and independently check n=6,8,9.","The uniform exterior-power proof is exact; e182 checks every grade through n=12 and the clean-room verifier reproduces all relevant n=6,8,9 spectra.","Every noncentral even grade shares -4i,0,+4i, so eigenvalue separation is strictly weaker than grade separation.","proved","experiments/e182_adA_spectrum.py;experiments/e184_twogen_allsize.py;tests/test_twogen_allsize.py;results/algebra_growth/twogen_allsize.json;proofs/twogen_allsize.md","Use Vandermonde projectors only for distinct eigenvalues and retain coincident grade contributions as one component."
"H489","2026-08-21","[THEOREM — REFUTED METHOD] Every Ising edge Z_pZ_q, path bond or chord of any Clifford grade 2(q-p), occupies exactly the same D-eigenvalues {-4i,0,+4i}; hence polynomials in ad_(iA) recover only three global components B0,Bc,Bs and cannot isolate B_high.","The proposed all-size proof depended on separating chord grades from the grade-two path bonds before generating coordinate strings.","D(D^2+16)Z_uZ_v=0; B0=(ZZ+YY)/2 summed over all edges, Bc=(ZZ-YY)/2, Bs=(YZ+ZY)/2, with DB0=0, DBc=4Bs, DBs=-4Bc.","Track Majorana site-pair occupancy and rederive every Pauli bracket at 2x3,2x4,3x3,K3,3,K3,4 and 2x2.","Every edge has two singly occupied endpoints and D-invariant doubled interiors; producer and verifier pass every displayed bracket exactly.","Any p(D) killing the three independent path-edge components also kills every chord; no B_high or explicit all-size string family follows.","refuted_method_exact_obstruction","experiments/e182_adA_spectrum.py;tests/test_twogen_allsize.py;results/algebra_growth/twogen_allsize.json;proofs/twogen_allsize.md","Do not retry ad_A-only grade extraction; a continuation needs another internal operator that distinguishes path position or chord support."
"H490","2026-08-21","[THEOREM][COMPUTATION] General bipartite Hamiltonian branching does not force the two-sum algebra above the physical quadratic ceiling at small size: dim_Q h_(K2,3)=44<45 and dim_Q h_(K3,3)=63<66 exactly.","The local-term branching trichotomy need not survive replacement of all local generators by the two graph-symmetric sums A and B.","K2,3 and K3,3 carry the alternating Hamiltonian path and have Delta=3; their exact rational orbit closures have dimensions 44 and 63.","Close graph-automorphism Pauli orbit sums over Fraction and independently repeat from raw generators; use the fixed local-term orbit space as an upper container.","Both exact-Q implementations agree; K3,3 has only 64 fixed local-term orbit coordinates, already giving the symmetry upper 64<66, and its dynamic closure has codimension one.","The K2,3 symmetry container has dimension 49, so its sharper dimension 44 needs the exact dynamic closure rather than symmetry counting alone.","proved_finite_counterexamples","experiments/e183_twogen_closure.py;experiments/e184_twogen_allsize.py;tests/test_twogen_allsize.py;results/algebra_growth/twogen_allsize.json;proofs/twogen_allsize.md","Classify or bound larger highly symmetric Hamiltonian bipartite families before proposing any universal eventual threshold."
"H491","2026-08-21","[COMPUTATION][UNRESOLVED] Exhausting every odd-distance chord subset of a labelled Hamiltonian path gives 0 branching graphs at n=4, 3 at n=5 with only K2,3 below ceiling, 14 at n=6 with only K3,3 below ceiling, and all 63 graphs at n=7 above 91; this finite census does not prove n0=7.","Relabelling a chosen Hamiltonian path makes odd-distance chords an exhaustive finite parametrization of the bipartite graph class at each fixed n.","At n=5 the split is 2/3 above ceiling with exception rank 44; at n=6 it is 13/14 with exception rank 63; at n=7 every case has a 92-word modular minor, while K3,4 independently has exact dimension 167.","Build universal local-term support at each n, stop each raw two-sum closure after ceiling+1 independent rows, and fully saturate every sub-ceiling case.","Producer and clean-room engines independently return the same census; every positive modular row is a rigorous rational lower bound.","There is no proved vertex-addition monotonicity or graph induction, so neither existence nor nonexistence of an eventual universal n0 is decided.","finite_range_proved_eventual_threshold_unresolved","experiments/e183_twogen_closure.py;tests/test_twogen_allsize.py;results/algebra_growth/twogen_allsize.json;proofs/twogen_allsize.md","Seek a uniform lower bound or an infinite counterexample family; never promote the n=7 census to an all-size theorem."
"H492","2026-08-21","[THEOREM][COMPUTATION][EXTERNAL] The fixed-basis quadratic dimension obstruction is proved for every open 2xL grid with L>=3 by H460-H462 and for the nonladder grids 3x2,3x3,3x4 by exact dimensions/lower minors; the all-rectangle statement remains a conjecture.","Grids are the physical layer family and are not extremal among branching graphs; their proved dimensions all clear n(2n-1) once the 2x2 cycle is excluded.","Fresh raw closures reproduce 2x2=11,2x3=263,2x4=2952,3x3=8034; existing H247 gives 3x4>=1242>276; H462 covers all 2xL,L>=3.","Rebuild the four requested raw generators and good-prime closures, check exact-Q factor arithmetic, and cite rather than duplicate the ladder and 3x4 certificates.","The clean-room verifier returns 11,263,2952,8034; all cited sources are hashed in the integrated artifact.","No all-3xL proof exists for L>=5 and no family with min(a,b)>=4 is decided by two-generator dimension.","partly_proved_grid_conjecture_open","experiments/e184_twogen_allsize.py;tests/test_twogen_allsize.py;results/algebra_growth/twogen_allsize.json;proofs/twogen_allsize.md;proofs/ladder_w8.md;proofs/dla_3xl.md","For 3xL, prove a stable boundary/evaluation recurrence rather than accumulate more finite binary-word ranks."
"H493","2026-08-21","[THEOREM][UNRESOLVED] Whenever dim h_Gamma>n(2n-1), A and B cannot be simultaneously quadratic in one fixed basis of the physical 2^n-dimensional space, so their displayed exponential factorization is not a standard fixed-basis free-fermion transfer factorization; no exact universal n0 is known and no single-product spectral conclusion follows.","Physical 2n-Majorana bilinears form so(2n), but a coupling-dependent conjugator can Gaussianize individual products without Gaussianizing their infinitesimal generators.","Every certified above-ceiling grid row has the fixed-pair no-go; K2,3,K3,3 and 2x2 remain inconclusive by dimension; unrelated or pointwise Gaussian spectral coincidence is not excluded.","Compare each exact/lower dimension with n(2n-1), and keep the conclusion separate from the pair-product spectral certificates.","Artifact and verifier enforce exact n0=null, the below-ceiling caveat, and cross-references to proofs/allsize_gaussian.md and proofs/gaussian_2x6.md.","The argument neither proves nor disproves a Gaussian eigenvalue multiset at one coupling and makes no thermodynamic or 3D Ising solution claim.","scoped_theorem_with_unresolved_threshold","experiments/e184_twogen_allsize.py;tests/test_twogen_allsize.py;results/algebra_growth/twogen_allsize.json;proofs/twogen_allsize.md","Any basis-independent continuation must produce a spectral invariant nonzero on the physical curve; Lie dimension alone is insufficient."
H506,2026-08-22,"[THEOREM] Defect dichotomy and dimension identity for the symmetric-square law's candidate: dim ker(tr) = T(L,m)-delta(L,m) on Sym^2(Lambda^m Q^L) for all 0<=m<=L, where tr is the symmetrized top-wedge trace; and for interior 0<m<L the space of SL_L(Q)-invariant linear functionals on Sym^2(Lambda^m Q^L) has dimension exactly [2m=L and m even]. Hence an SL_L-canonical corank-one cut exists iff L=0 mod 4 and m=L/2 — exactly the law's delta rows — and then ker(tr) is the unique such cut. Proof is elementary: y^x=(-1)^m x^y at top degree; torus-weight support forces invariant forms onto complementary pairs (impossible unless 2m=L); unipotent transport I+sE_ji forces one-dimensionality. Endpoints m in {0,L} are outside the dichotomy (trivial modules) and covered by the identity with tr=0.","Under the unproved identification U_L^(2m) ~ Sym^2_0(Lambda^m Q^L), the long-noted W_4=2 and rank U_8^(8)=T(8,4)-1 exceptions stop being anomalies: they sit at the only interior sectors where any invariant hyperplane exists.","delta can never fire off 4|L, m=L/2; sum_m (T-delta) = (C(2L,L)+2^L)/2-[4|L] by Vandermonde, reproducing the law's totals.","Recompute the symmetrized wedge coefficients at top degree for L=4,6,8: nonzero on all C(L,L/2)/2 admissible pairs iff L/2 even, identically zero iff L/2 odd.","Exact enumeration L=2..9: nonzero symmetric top-wedge trace occurs exactly at (L,m)=(4,2),(8,4) (check C2); all 52 dimension rows match three independent computations (check C1).","None; the theorem is about the model, not about U_L.",proved,proofs/wlaw.md;experiments/e191_wlaw_structure.py;results/algebra_growth/wlaw.json;tests/test_wlaw.py,Use the traceless exterior model as the target of any future identification attempt; do not search for defects outside 4|L middle sectors.
H507,2026-08-22,"[THEOREM] The canonical balanced polarization pi: Sym^2(P_m) -> K_L, {S,T} -> <tau,rho>-orbit sum of the configuration with top legs S and bottom legs T, has kernel exactly the rung-reflection-odd part of Sym^2(P_m), of dimension (n^2-f^2)/4, and rank exactly (n^2+2n+f^2)/4, where n=C(L,m) and f(L,m)=[x^m](1+x)^(L mod 2)(1+x^2)^floor(L/2) counts reversal-fixed m-subsets. Proof: pi kills {S,T}-{rho S,rho T}; Burnside on unordered pairs gives the even-part dimension ((f^2+n)/2 fixed pairs); the pair-orbit-to-configuration-orbit bijection plus disjoint supports of distinct orbit sums shows the image attains it.",The law's natural candidate map must have its image and kernel known exactly before any module transport is attempted.,"rank pi < T(L,m) for every 0<m<L since f<=n-2 (non-fixed subsets pair up); rank pi = T only at m in {0,L}.","Compare the unordered-pair orbit count, the direct 4^L balanced-configuration census, and the closed form on any row.","All three computations agree on all 52 rows L=2..9 (checks C1, C3; verifier V2/V6 re-derives with a fresh census).","None within scope; pi is one specific canonical map, not the only conceivable one.",proved,proofs/wlaw.md;experiments/e191_wlaw_structure.py;results/algebra_growth/wlaw.json;tests/test_wlaw.py,Treat (n^2+2n+f^2)/4 as the hard ceiling for anything factoring through reflection-averaged pair data.
H508,2026-08-22,"[THEOREM] The balanced span B_L (orbit sums of leg-balanced configurations, = sum_m image(pi_m)) is not invariant under any of the hard-core pieces D, F, D+ for any L>=2: D psi contains the top-leg dimer at rungs {0,1} with coefficient 1; F applied to the orbit sum of (top {0}, bottom {1}) contains (top {0,1}, bottom empty) with coefficient >=2; D+ applied to the orbit sum of the 2x2 block at rungs {0,1} contains (bottom {0,1}, top empty) with coefficient >=1. Proof by positivity: each piece is an edge-sum of 0/1 matrices and each witness has all coefficients +1, so a single explicit contribution proves the unbalanced component nonzero at every L. Refinement: at the defect row (4,2) the D+ witness is top-wedge-traceless and still leaks, so even the traceless candidate is not balanced-realizable.","Closes the most obvious module-transport route to the law: pi cannot be an intertwiner for the {D,F,D+} action in any sense.","Leakage is nonzero for all three pieces at every L>=2; the leaked components are themselves <tau,rho>-invariant and exactly graded +2/0/-2.",Apply each piece to its witness at one small L and inspect the leg counts of the output support.,"All 24 (L,piece) rows L=2..9 recomputed exactly with full sparse vectors (checks C5, C6); verifier V3 re-derives every row in a block site encoding.",None; the statement is all-L with a two-line positivity proof.,proved,proofs/wlaw.md;experiments/e192_wlaw_module.py;results/algebra_growth/wlaw.json;tests/test_wlaw.py,Any future symmetric-square proof must not factor through leg-balanced averaging.
H509,2026-08-22,"[THEOREM] Natural-map no-go for the symmetric-square law: if rung reversal acts on the m-subset space by ANY involutive signed permutation rho^ u_S = eps_S u_{rho S} (this includes the permutation module and the exterior module), then every linear Phi: Sym^2(P_m) -> K_L^(2m) with Phi o Sym^2(rho^) = Phi (forced by equivariance, since rho acts as the identity on K_L) has rank <= (n^2+2n+f^2)/4, and this ceiling is STRICTLY below T(L,m)-delta(L,m) at every interior sector ((n^2-f^2)/4 >= n-1 > delta via f<=n-2). Unconditional counter-certificate at the earliest certified row: rank U_3^(2) = 6 exactly (modular rank 6 at q=999983 is a rational lower bound saturating the ceiling dim K_3^(2)=6), while every natural map has rank <= 4. The natural symmetric-square map cannot establish the law at any interior sector of any L.",Separates the law's truth from its realizability by monomial-equivariant maps; directs successors away from all sign-gauge searches.,"Rank ceiling 4 at (3,1) vs certified 6; formula-level strict gap at every interior (L,m), machine-checked L<=30 in the verifier.","Compute (n^2+2n+f^2)/4 at (3,1) and compare to the certified sector rank from ladder_w8_regression.json.","Checks C3 (36 interior rows: nonzero forced kernel, strict ceiling) and C4; projective lifts (rho^)^2=-1 are impossible for f>0 and strictly worse for f=0.","Scope: maps where reversal acts non-monomially on the model, or rank arguments with no explicit intertwiner, are not excluded — that is the surviving open route.",proved,proofs/wlaw.md;experiments/e193_wlaw_certificate.py;results/algebra_growth/wlaw.json;tests/test_wlaw.py,Attack the law via a non-monomial reversal action (e.g. constructed from the F-hop dynamics) or via direct sector-rank bounds; do not retry sign gauges.
H510,2026-08-22,"[COMPUTATION] W-law structural certificate: 52 structure rows (L=2..9, all m) verify every dimension formula three independent ways (pair enumeration, direct 4^L balanced-configuration census, closed forms), 24 module rows verify all D/F/D+ leakage witnesses with full sparse vectors, and the parameter-free candidate T(L,m)-delta — constructed before loading any ladder artifact — matches all 7 certified totals and all 49 certified sector ranks at L=3..9 as pure holdout controls (fit_parameters=0, fit_totals=0, fit_sector_values=0). Source artifacts are sha256-pinned. Producer: 0.42s CPU, 26 MB peak RSS; no closure launched; W_10 not computed; K_c untouched.",Exact small cases must check every lemma without consuming a single certified value as fit input.,"11/11 stored checks pass and each is recomputed, not hard-coded; delta rows are exactly (4,2) and (8,4) in the window.","Run experiments/e193_wlaw_certificate.py and then tests/test_wlaw.py (clean-room verifier, no producer imports).",All checks C1-C9 pass; the verifier re-derives every stored number with different algorithms and encodings.,Finite window L<=9 for the controls; L<=30 formula-level only for the strict gap; neither is an all-L rank claim.,confirmed_finite,experiments/e191_wlaw_structure.py;experiments/e192_wlaw_module.py;experiments/e193_wlaw_certificate.py;results/algebra_growth/wlaw.json;tests/test_wlaw.py;proofs/wlaw.md,Keep wlaw.json as the regression gate for any future law work; extend controls only when a new exact row is certified elsewhere.
H511,2026-08-22,"[UNRESOLVED] The symmetric-square rank law itself (H459) remains open in both directions: neither rank U_L^(2m) <= T(L,m)-delta nor >= is proved for any L>=10, and the identification U_L^(2m) ~ Sym^2_0(Lambda^m Q^L) is unproved at every L. What is now known: the target space is canonical (H506), the balanced polarization's exact rank falls strictly short (H507), its image is not a {D,F,D+}-submodule (H508), and no monomial-equivariant intertwiner can exist (H509). A proof must therefore either exhibit a non-monomial reversal action on the model compatible with D/F/D+, or bound sector ranks directly (e.g. Krylov/transfer arguments in the hard-core basis) without an intertwiner; a falsification needs one exact interior sector rank differing from T-delta, earliest untested row L=10.",Prevents successors from re-deriving the closed routes and states exactly what a proof or counterexample must contain.,"If the law is true, no natural map realizes it anywhere interior; if false at some row, Theorems H506-H509 all survive and only the identification dies.","Either compute one new exact interior sector rank at L=10 (predicted: T(10,m) for m<=4, 8001-adjacent middle values per the law), or produce a D/F/D+-compatible non-monomial model action.",All finite evidence through L=9 is consistent with the law; zero failures across 56 held-out values.,Seven exact rows cannot determine an all-L law (H463 recurrence audit); finite evidence is not promoted.,unresolved,proofs/wlaw.md;results/algebra_growth/wlaw.json,"Next wave: attempt a hard-core-basis rank bound for sector 2 at all L (rank U^(2) = C(L,1)(C(L,1)+1)/2 would be the first nontrivial all-L inclusion), using the closed routes as exclusions."
H512,2026-08-22,"[THEOREM] The K_{m,n} two-sum algebra has a faithful multiplicity-free Schur--Weyl realization on the blocks W_r tensor W_s; when m=n, part swap identifies (r,s) with (s,r).",Complete-bipartite permutation symmetry should replace exponential physical matrices and Pauli-orbit rational closure by collective-spin blocks.,"The full S_m x S_n coordinate count is C(m+3,3)C(n+3,3), with balanced transpose-equivalent blocks retained once.","Build integral Sym^r matrices and check parity, charge, invariant-form, and swap identities sector by sector.",e194 checks all identities exactly on 23 required sectors and the binomial square-sum identity for part sizes 2 through 5.,The reduction alone does not assert that every structural container is generated at all sizes.,proved,experiments/e194_kmn_reduction.py;experiments/e196_kmn_theorem.py;results/algebra_growth/kmn_twogen.json;proofs/kmn_twogen.md;tests/test_kmn_twogen.py,Reuse this representation rather than the <=256 Fraction orbit closure for larger complete-bipartite cases.
H513,2026-08-22,"[THEOREM] For opposite-parity m,n, dim h_{m,n} <= 1+S_m S_n/4-a_m a_n, where S_t=C(t+3,3)-1_{t even} and a_t=ceil(t/2).","Parity pairs equal-dimensional spin sectors through a nondegenerate bilinear form, reducing each positive sector to a gl(q) container; its center signatures are globally linked.","Each positive (r,s) contributes at most q_{r,s}^2-1 semisimple dimensions and all sectors together contribute at most one center dimension.","Derive exact P,C,K identities and sum the resulting sector dimensions symbolically.","The integer identities and closed-form/direct-sector sums agree; the bound yields 44,167,471 at (2,3),(3,4),(4,5).",No all-size saturation of this upper bound is proved.,proved,experiments/e194_kmn_reduction.py;results/algebra_growth/kmn_twogen.json;proofs/kmn_twogen.md,Investigate characteristic-zero saturation only if an all-size controllability theorem becomes available.
H514,2026-08-22,"[THEOREM][COMPUTATION] dim_Q h(K4,4)=137 and dim_Q h(K4,5)=471 exactly; both exceed their physical quadratic ceilings 120 and 153.","K4,4 and K4,5 are the first new Hamiltonian complete-bipartite anchors beyond the earlier K3,4 row and test whether large permutation symmetry continues to suppress the two sums.",Two independent good-prime lower ranks must meet representation-theoretic upper bounds 137 and 471.,Close integral spin-block Lie words at two primes and compare with separately derived parity/form/swap upper containers.,"Ranks are 137 at both primes for K4,4 and 471 at both primes for K4,5; producer checks and artifact generation pass under 56 MB RSS.",Finite anchors are not an induction or an all-size dimension formula.,confirmed,experiments/e195_kmn_closure.py;experiments/e196_kmn_theorem.py;results/algebra_growth/kmn_twogen.json;proofs/kmn_twogen.md;tests/test_kmn_twogen.py,Run the clean-room verifier and retain these rows as exact regression anchors.
H515,2026-08-22,"[THEOREM][EXTERNAL][COMPUTATION] Complete-bipartite local-term and two-sum algebras are radically different: on K2,3;K3,3;K3,4;K4,4;K4,5 their dimensions are respectively 255,1056,4095,16256,65535 versus 44,63,167,137,471.",Independent local fields and bonds break the collective S_m x S_n invariance that constrains A=sum X and B=sum ZZ.,The branching Clifford-grade formula applied at N=m+n must give the displayed exponential local-term dimensions.,Evaluate the proved branching formula and compare it with each exact two-sum rank.,All five computed comparisons are strict and are stored in the artifact; the local-term formula is sourced to proofs/clifford_grade_classification.md.,This contrast does not prove below-ceiling two-sum cases are free-fermionic.,proved,proofs/clifford_grade_classification.md;proofs/kmn_twogen.md;results/algebra_growth/kmn_twogen.json,Keep generating-set language explicit in every downstream use.
H516,2026-08-22,"[THEOREM — METHOD LIMIT][UNRESOLVED] Complete-bipartite collective symmetry does not refute an eventual universal threshold by the proved upper-container route: for K_{m,m+1}, m>=3, its largest gl(q) sector already has q^2>(2m+1)(4m+1).","An infinite below-ceiling complete-bipartite family would refute an eventual threshold, but an upper bound can do so only while it remains below the ceiling.","With q=(m+1)(m+2)/2, four times the difference is m(m^3+6m^2-19m-12)>0 for every m>=3.","Prove the polynomial inequality and compare exact K3,4;K4,4;K4,5 anchors with their ceilings.","The polynomial is positive from m=3 onward; exact dimensions 167,137,471 all clear their corresponding ceilings.","No all-size lower bound, saturation theorem, monotonicity, or universal n0 is established.",unresolved,experiments/e196_kmn_theorem.py;results/algebra_growth/kmn_twogen.json;proofs/kmn_twogen.md,Do not promote the finite anchors or the upper-container asymptotic into an eventual-threshold theorem.
H517,2026-08-22,[LEMMA][COMPUTATION] Finite-field Lie-word rank is only a lower bound on rational rank; the Kmn anchor dimensions are exact only because those lower bounds meet independent characteristic-zero representation upper bounds.,The previous >256 rational-orbit wall must be bypassed without reversing the modular-rank inequality.,"At primes 1000003 and 1000033 every audited rank equals its structural upper; K4,5 uses 1960 representation coordinates and rank 471.","Generate actual integral left-normed words, rank their reductions at two primes, and independently rebuild decisive rows at prime 65537 without importing producers.","The producer saturates both modular closures and stores recipes, directions, and source hashes; the clean-room verifier is implemented with a dual basis and last-pivot echelon.","The standalone verifier was deliberately not run by this front, per assignment contract; modular saturation alone is not a rational upper bound.",proved,experiments/e195_kmn_closure.py;experiments/e196_kmn_theorem.py;results/algebra_growth/kmn_twogen.json;tests/test_kmn_twogen.py;proofs/kmn_twogen.md,Lead should run tests/test_kmn_twogen.py before appending this verification row.
H518,2026-08-22,[THEOREM] No nonzero rank-one extra-row state Omega makes H_core tensor span{Omega} invariant under both open-rectangle two-sum generators for any width L>=1.,A frozen ancillary row is the most direct representation restriction that could inherit the proved 2xL ladder obstruction in 3xL and taller grids.,"B-invariance forces every Z_ej Omega into span{Omega}; then Omega is a joint-Z eigenvector, while sum_j X_ej maps it to a nonzero orthogonal vector and violates A-invariance.","Apply the quotient projection off span{Omega}, separate the core coefficients I,Z_s1,...,Z_sL, and audit their exact-Q rank on bounded widths.",The symbolic operator-Schmidt proof holds for every L; exact-Q ranks are L+1 and transverse-field squared norms are L for L=1..6.,None within the stated full-core rank-one tensor scope; higher-rank or smaller submodules are outside scope.,confirmed,proofs/rectangle_twogen.md;experiments/e198_rectangle_induction.py;results/algebra_growth/rectangle_twogen.json;tests/test_rectangle_twogen.py,Do not retry a one-dimensional frozen-row restriction; test higher-rank codes only with an explicit invariant-subspace proof.
H519,2026-08-22,"[LEMMA] Final-row |+> compression satisfies Phi(A_full)=A_core+L I, Phi(B_full)=B_core, and Phi({A_full,B_full})={A_core,B_core} for every rectangle width.","Agreement on the two generators makes |+> compression the natural apparent ladder-to-grid induction map, so its first nontrivial brackets must be checked before use.",The two generator images and the normalized first bracket agree exactly for all core heights and widths.,Expand the outside horizontal and seam Pauli terms and take their exact |+> matrix elements.,The symbolic Pauli calculation proves all three identities; six bounded integral anchors reproduce them term by term.,Agreement through one bracket does not imply preservation of deeper words or products.,confirmed,proofs/rectangle_twogen.md;experiments/e197_rectangle_words.py;results/algebra_growth/rectangle_twogen.json;tests/test_rectangle_twogen.py,Use the depth-three anomaly rather than treating generator agreement as a homomorphism.
H520,2026-08-22,"[THEOREM] For every core height r>=1 and width L>=1, |+>-row compression has the exact anomaly Phi({B_full,{A_full,B_full}})={B_core,{A_core,B_core}}+S_boundary+(3L-2)I.",An explicit all-size defect decides whether ladder words survive contributions from the added row without relying on finite ranks or ad_A grade separation.,"Each seam self-pair contributes X_boundary+I, each removed-row horizontal self-pair contributes 2I, and every distinct-edge outside cross term has zero |+> matrix element.","Expand the normalized depth-three word by ordered edge pairs and classify equal, disjoint, and one-vertex-overlap cases.",The all-size edge-pair proof gives the formula; exact integral Pauli anchors at six core shapes match every coefficient and hash.,The identity diagnoses this compression route only and does not rule out corrected words that explicitly generate the boundary field.,confirmed,proofs/rectangle_twogen.md;experiments/e197_rectangle_words.py;results/algebra_growth/rectangle_twogen.json;tests/test_rectangle_twogen.py,Any future row induction must cancel or generate S_boundary before importing a ladder certificate.
H521,2026-08-22,"[THEOREM] For core height r>=2, the compressed depth-three full-grid word is not in g_(r,L)+Q I, so |+>-row compression is not a Lie homomorphism on the generated word algebra.","A scalar compression defect could be harmless, but a symmetry-odd operator proves a genuine failure of the core Lie-algebra image.","Core row reflection fixes A_core, B_core, every core Lie word, and I, while it sends S_boundary to the distinct opposite-boundary field.",Compute the reflection residual of the compressed depth-three word and prove its boundary-field component is nonzero.,The symbolic reflection argument is all-size; every bounded anchor has a nonzero exact reflection-residual hash.,Nonlocal embeddings and higher-rank compression schemes need not respect this partial-matrix-element map.,confirmed,proofs/rectangle_twogen.md;experiments/e197_rectangle_words.py;results/algebra_growth/rectangle_twogen.json;tests/test_rectangle_twogen.py,Close the natural same-word partial-matrix-element induction; investigate only mechanisms with explicit correction control.
H522,2026-08-22,"[COMPUTATION] Independent exact anchors verify the row-compression anomaly on core shapes 2x1,2x2,2x3,2x4,3x2,3x3 and the rank-one restriction ingredients for widths 1..6.","Bounded clean arithmetic catches Pauli phase, scalar-counting, and reflection-sign errors without promoting finite evidence to an induction.","Every stored generator, first-bracket, anomaly, reflection, exact-Q rank, support, norm, overlap, source-hash, and resource check passes.","Run e197, e198, e199 and then the independently implemented bit-mask verifier.",All three producers pass; e199 records 60 computed child checks and all integration checks with exact integer/rational arithmetic and RSS below 2 GiB.,The clean-room verifier is intentionally left for the lead to run; finite anchors are not an all-size dimension certificate.,confirmed,experiments/e197_rectangle_words.py;experiments/e198_rectangle_induction.py;experiments/e199_rectangle_certificate.py;results/algebra_growth/rectangle_twogen.json;tests/test_rectangle_twogen.py,Retain these bounded cases as regression controls for any corrected boundary induction.
H523,2026-08-22,"[UNRESOLVED] No all-3xL or all-rectangle inequality dim g_(r,L)>rL(2rL-1) follows from this front.","The proved 2xL theorem and finite 3xL ranks motivate an induction, but the two natural extra-row embeddings fail exactly.","A positive result still requires direct stable-signature Lie words, a proved higher-rank invariant code, or another representation restriction that survives all extra-row terms.",Demand an all-size intertwining or triangularity lemma before accepting any further finite ranks as an induction.,The rank-one tensor route is impossible and |+> compression fails at depth three for every width.,"Higher-rank ancillary codes, smaller invariant modules, corrected word families, and nonlocal embeddings remain open.",unresolved,proofs/rectangle_twogen.md;results/algebra_growth/rectangle_twogen.json;proofs/ladder_w8.md;proofs/dla_3xl.md,Seek a mechanism that explicitly controls S_boundary; do not extend this route by more finite sizes alone.
H524,2026-08-22,[LEMMA] For N=2^n and M=N/2 every invertible full n-mode subset-product spectrum annihilates Phi_N=e_N^(M-1)e_1^M-e_(N-1)^M; for determinant one this is tr(W)^M-tr(W^-1)^M.,Complement pairing must be eliminated without choosing a reciprocal centre or ordering eigenvalues.,Complement slots have product c; e_N=c^M and e_1=c sum lambda^-1 force Phi_N=0; the equation is scalar-homogeneous.,Construct exact rational subset-product slots and evaluate all elementary symmetric edge coefficients; include a determinant-one nonsubset control.,"Exact slot audits pass for n=1..4; {2,3,1/5,5/6} gives Phi_4=-196/15.",None; vanishing is necessary only and is not claimed sufficient.,proved,experiments/e201_isotropic_invariant.py;experiments/e202_isotropic_certificate.py;results/spectral/isotropic_invariant.json;tests/test_isotropic_invariant.py;proofs/isotropic_invariant.md,Apply Phi_N only after proving its physical-curve representative is nonzero.
H525,2026-08-22,"[LEMMA][THEOREM] The physical trace skew I_G(y)=Q_G(y)-y^mQ_G(1/y) equals 2^(n+1-m) times the odd-Eulerian sum of (y-1)^|F|(y+1)^(m-|F|), and it vanishes identically iff G is bipartite.",A conjugacy-invariant endpoint germ can replace eigenvalue-by-eigenvalue Puiseux matching.,If odd girth is g with c_g shortest odd cycles then I_G(1+s)=2^(n+1-g)c_g s^g+O(s^(g+1)).,Rebuild I_G independently from spin alignments and Eulerian edge subsets and compare coefficients and leading valuations.,"Seven exact graph rows agree coefficientwise; triangle, C5 and K4 have predicted valuations 3,5,3 while P4 and C4 vanish.",The invariant is identically blind on every bipartite graph.,proved,experiments/e200_isotropic_puiseux.py;results/spectral/isotropic_invariant.json;tests/test_isotropic_invariant.py;proofs/isotropic_invariant.md,Use a different spectral invariant for the bipartite locus rather than extending this trace skew.
H526,2026-08-22,[THEOREM] Every finite simple non-bipartite layer graph is not a full n-mode Gaussian subset-product spectrum at every real physical isotropic coupling 0<t<1.,"On the physical curve q(t)>1 makes every odd-Eulerian contribution positive, while subset-product complement pairing requires Phi_N=0.","For every non-bipartite G, Q_G(q)>Q_G^*(q)>0 and hence Psi_G(q)=Q_G(q)^M-Q_G^*(q)^M>0 for all 0<t<1.",Check the exact curve point t=1/3 and audit the symbolic positivity and determinant-one trace reduction.,The all-size Eulerian proof gives an empty physical exceptional set; finite rows are explicitly lemma tests only.,Bipartite branching graphs are excluded from the theorem and remain unresolved.,proved,experiments/e200_isotropic_puiseux.py;experiments/e201_isotropic_invariant.py;experiments/e202_isotropic_certificate.py;results/spectral/isotropic_invariant.json;tests/test_isotropic_invariant.py;proofs/isotropic_invariant.md,Seek an invariant beyond reciprocal trace symmetry for open rectangular grids.
H527,2026-08-22,[THEOREM] For non-bipartite G the polynomial Psi_G(y)=Q_G(y)^M-Q_G^*(y)^M is nonzero modulo F_phys=(y-1)x^2-(y+1); K_G(t)=(2t)^(mM)Psi_G((1+t^2)/(2t)) is a nonzero integer polynomial of exact degree 2mM.,Nonzero at one ambient point must be separated from nonzero on the physical curve and from an every-coupling conclusion.,"At t=1/3 the exact curve point (x,y)=(2,5/3) has Psi_G>0; on the nonsingular complex curve any subset-product point is among at most 2mM roots of K_G.","Evaluate the exact witness, clear denominators coefficientwise and verify the leading and constant terms of K_G cannot cancel.",Every non-bipartite audit row has positive Psi_G(5/3) and the predicted cleared degree and digest.,Roots are only a necessary exceptional superset and are not located or asserted Gaussian.,proved,experiments/e201_isotropic_invariant.py;experiments/e202_isotropic_certificate.py;results/spectral/isotropic_invariant.json;tests/test_isotropic_invariant.py;proofs/isotropic_invariant.md,Keep complex finite-exception and real every-coupling statements distinct in later uses.
H528,2026-08-22,"[LEMMA][THEOREM] Attaching a leaf gives Q_new=(y+1)Q, I_new=(y+1)I and Psi_new=(y+1)^(2M)Psi(Q^M+(Q^*)^M); therefore the triangle-with-r-edge-tail family is connected, branching and non-Gaussian for every r>=1 and every 0<t<1.",A graph-extension recurrence supplies one connected branching graph at every size without tensor-localizing a spectral core.,I_r=2(y-1)^3(y+1)^r and (2t)^(r+3)I_r(q(t))=2(t-1)^6(t+1)^(2r).,Check triangle to paw to two-edge tail coefficientwise and audit the closed formula for r=0..5.,All recurrence and physical-clearing audits pass; the uniform proof is the one-spin leaf sum.,Finite r tests are implementation audits only; extra complex roots of Psi_r are not excluded.,proved,experiments/e200_isotropic_puiseux.py;experiments/e201_isotropic_invariant.py;results/spectral/isotropic_invariant.json;tests/test_isotropic_invariant.py;proofs/isotropic_invariant.md,"Use the recurrence as an exact family theorem, not as finite-size extrapolation."
H529,2026-08-22,"[THEOREM][UNRESOLVED] For every bipartite G, flipping one colour class gives Q_G=Q_G^*, so I_G and Psi_G vanish identically at every coupling; this closes the reciprocal-trace route but not the isotropic all-branching problem.",The new theorem must state its exact blind locus and cannot be promoted to square-grid layers.,"Paths, even cycles and all open rectangular grids lie on the blind locus; invariant vanishing does not imply a Gaussian spectrum.",Verify P4 and C4 as exact zero controls and prove the all-size colour-flip bijection.,Both controls vanish in independent spin and Eulerian constructions; the all-size bijection is exact.,"Bipartite branching layers, including the physical rectangular grids, remain unresolved.",proved_method_limitation,experiments/e200_isotropic_puiseux.py;experiments/e201_isotropic_invariant.py;experiments/e202_isotropic_certificate.py;results/spectral/isotropic_invariant.json;tests/test_isotropic_invariant.py;proofs/isotropic_invariant.md,Develop a non-reciprocity spectral polynomial that survives the bipartite identity.
H530,2026-08-22,"[COMPUTATION] At t=1/3 the primitive rationally normalized transfer representatives have exact irreducible charpoly patterns: one-site 1,1; periodic C4 and open 2x2 each 1^2,1^2,1^4,2,2,4; open P6 1,1,6,6,15,15,20; open 2x3 1,1,6,6,6,6^2,9,9,14.",This establishes the exact finite characteristic-zero factor landscape before drawing any Galois consequence.,"Every stored monic factor is irreducible over Q, its exponent-weighted degrees sum to 2^n, and the factors reconstruct the full charpoly exactly.",Rebuild each primitive integer matrix from t=1/3 and factor det(xI-B) over Z.,The e205 producer passed all exact reconstruction checks; every factor coefficient and digest is stored in galois_spectrum.json.,Finite factorization at one rational point gives no all-t or all-size theorem.,confirmed,experiments/e203_galois_charpoly.py;experiments/e205_galois_certificate.py;results/spectral/galois_spectrum.json;tests/test_galois_spectrum.py,Run the reserved clean-room verifier and retain these rows as finite exact controls.
H531,2026-08-22,"[THEOREM] At t=1/3 the rationally normalized open 2x3 layer charpoly contains g=x^6-6613x^5+6886615x^4-2793624000x^3+498389850000x^2-34838100000000x+437400000000000 with Gal(g/Q)=S6, hence g is not solvable by radicals over Q.",An explicit nonsolvable factor is a new exact arithmetic property of a finite 3D layer transfer spectrum.,"The discriminant is nonsquare; good primes 13,53,197 have cycle types (6),(1,5),(1,1,1,1,2), respectively.","Verify the displayed modular factors, irreducibility at 13, and apply the primitive-group plus transposition argument.","Exact discriminant factorization and all three good-prime products pass; transitivity, a 5-cycle, and a transposition force S6.",The theorem concerns a rational normalization at t=1/3 only and is not a nonintegrability or non-Gaussianity theorem.,proved,experiments/e203_galois_charpoly.py;experiments/e204_galois_cycles.py;experiments/e205_galois_certificate.py;results/spectral/galois_spectrum.json;proofs/galois_spectrum.md;tests/test_galois_spectrum.py,Track a symbolic degree-six factor over Q(t) before attempting any generic-specialization claim.
H532,2026-08-22,[THEOREM][EXTERNAL] The proposed nonsolvable-3D versus solvable-2D contrast is false: the open P6 finite-width 2D/free-fermion control at t=1/3 has g=x^6-782x^5+204493x^4-20321664x^3+615904560x^2-7138368000x+27993600000 with Gal(g/Q)=S6.,A decisive integrable/open-chain control prevents Galois nonsolvability from being mistaken for nonintegrability or non-Gaussianity.,"Good primes 7,43,587 exhibit cycle types (6),(1,5),(1,1,1,1,2), and the exact discriminant is nonsquare.",Independently rebuild the P6 transfer representative and replay the displayed finite-field factorizations.,The exact producer certifies S6 for both P6 and open 2x3 at the same rational specialization.,The standard integrable/free-fermion interpretation is external to this front; no general equivalence between integrability and radical solvability is asserted.,refuted,experiments/e203_galois_charpoly.py;experiments/e204_galois_cycles.py;experiments/e205_galois_certificate.py;results/spectral/galois_spectrum.json;proofs/galois_spectrum.md;tests/test_galois_spectrum.py,"Use Galois data only as spectral arithmetic, not as a Gaussianity diagnostic."
H533,2026-08-22,"[THEOREM] The open 2x2 square 3D layer is permutation-equivalent to the periodic C4 2D control under site map 0,1,2,3 to 0,1,3,2; their exact charpoly factors coincide and their full splitting group is solvable.",The smallest square layer cannot distinguish 3D from the periodic-width-four 2D control because the layer graphs are isomorphic.,"Both factor patterns are 1^2,1^2,1^4,2,2,4, so every irreducible factor has degree at most four.","Map every edge, rebuild both matrices, and compare exact factors coefficient by coefficient.",The producer's graph map and exact factor comparison pass.,This graph coincidence is special to the 2x2 layer and says nothing about larger rectangles.,proved,experiments/e203_galois_charpoly.py;experiments/e205_galois_certificate.py;results/spectral/galois_spectrum.json;proofs/galois_spectrum.md;tests/test_galois_spectrum.py,Keep C4/open-2x2 as an exact boundary-condition control.
H534,2026-08-22,"[LEMMA] For each fixed specialized monic sextic and each prime not dividing its discriminant, modular irreducible-factor degrees exhibit a Frobenius cycle type inside the characteristic-zero Galois group; they do not identify that group without further group theory.",Correct specialization direction prevents modular evidence or one rational point from being promoted improperly.,Irreducible reduction gives irreducibility over Q; the three witnessed cycle types plus the primitive-group argument give S6 at t=1/3.,"Check discriminant residues, multiply each modular factorization, and verify every factor is irreducible over its finite field.",All six witness primes are good and all explicit modular products and irreducibility checks pass in the producer.,"No degree-six family in Q(t)[x] was constructed, so no generic-t conclusion follows here.",confirmed,experiments/e204_galois_cycles.py;results/spectral/galois_spectrum.json;proofs/galois_spectrum.md;tests/test_galois_spectrum.py,"If a symbolic family is found, prove t=1/3 is a good specialization before using the subgroup direction."
H535,2026-08-22,"[UNRESOLVED] The exact S6 specializations do not decide generic t, the physical critical point, any all-size family, integrability, or Gaussianity; K_c=0.221654626 was not used for selection or fitting.",Finite Galois arithmetic is valuable only with an explicit boundary around what it does not prove.,Any extension must identify a symbolic family factor and separately establish the intended physical implication.,"Construct an exact factor over Q(t), compute its discriminant locus, and test the proposed implication against the P6 counterexample first.",The current artifact proves only the five stored finite graphs at t=1/3 and explicitly records the specialization direction.,"The reserved standalone verifier has been written but was not run by this front, per contract.",unresolved,experiments/e205_galois_certificate.py;results/spectral/galois_spectrum.json;proofs/galois_spectrum.md;tests/test_galois_spectrum.py,Lead should run tests/test_galois_spectrum.py; pursue no physical interpretation without a separate theorem.
H536,2026-08-22,"[LEMMA] For the open orthant Q_d(r), fixing compatible assignments on the coordinate faces and summing every remaining spin with weight q^(broken bonds) defines a bond-once finite corner boundary object; it is a symmetric matrix for d=2 and an S3-covariant rank-three tensor for d=3.","A CTM spectral test is meaningful only after the finite graph, overlap compatibility, bit order, and boundary weights are fixed without half-bond or square-root choices.","The d=2,r=2 fixed-corner block has dimension 4 and 12 bonds; the d=3,r=1 tensor has three dimension-16 legs, 12 bonds, and 128 compatible nonzero entries.","Rebuild the boundary sums from raw spins, audit all six coordinate permutations, and compare total sums with the repository exact DOS enumerator.","The producer obtains totals 70146 for open 3x3 and 36450 for open 2x2x2, exactly matching dos_bonds; all six tensor covariance checks pass.",The d=3 tensor has no intrinsic characteristic polynomial; any matrix spectrum needs additional contraction data.,proved,experiments/e206_ctm_definition.py;experiments/e208_ctm_certificate.py;results/spectral/ctm_signature.json;proofs/ctm_signature.md,Retain this bond-once tensor as the definition gate before any future finite CTM spectral experiment.
H537,2026-08-22,"[THEOREM] For the radius-two fixed-plus 2D corner block A_2(q), det A_2(q)=[q^6(1-q^2)^6]^2 and charpoly(wedge^2 A_2(q)) is divisible by [z-q^6(1-q^2)^6]^2 in Z[q,z], but not by a third copy.",A four-slot two-mode spectrum must have one repeated complementary pair product; the radius-two block is the first non-vacuous finite control.,Two symbolic synthetic divisions have zero remainder and the third has a nonzero polynomial remainder; the determinant root is q^6(1-q^2)^6.,Rebuild the polynomial matrix and compute the exterior-square characteristic polynomial independently by a bivariate Leibniz determinant.,"Exact Z[q] arithmetic derives the determinant square, both zero remainders, the nonzero third remainder, and frozen coefficient digests.",This finite bond-once kernel is not claimed to equal a specifically normalized infinite Baxter CTM without a separate comparison theorem.,proved,experiments/e207_ctm_spectrum.py;experiments/e208_ctm_certificate.py;results/spectral/ctm_signature.json;proofs/ctm_signature.md,Use as the mandatory non-vacuous 2D control for later corner-spectrum definitions.
H538,2026-08-22,"[THEOREM][COMPUTATION] At exact q=1/2, the scaled radius-two 2D block is positive definite with simple characteristic polynomial and pair-product gcd z-46656, hence exactly five distinct values among six pair slots and an exact relabelling c*{1,x,y,xy}.",This realizes the Baxter-style additive-in-exponents signature without choosing eigenvalue order or evaluating logarithms.,"Leading principal minors are 2160,1213056,18895680,2176782336; char gcd is 1; pair gcd is z-46656.","Construct wedge^2 of the raw 4x4 integer matrix, compute both characteristic polynomials exactly, and take rational Euclidean gcds.",All exact producer checks pass and the repeated product 46656 is independently derived from the symbolic determinant root under the common scale 4096.,The theorem is finite and at one rational point; it supplies a control rather than an all-q simple-spectrum statement.,verified-computation,experiments/e208_ctm_certificate.py;results/spectral/ctm_signature.json;tests/test_ctm_signature.py;proofs/ctm_signature.md,Keep the symbolic H537 factor and this simple positive specialization together when citing the control.
H539,2026-08-22,"[THEOREM][COMPUTATION] Contracting the radius-one 3D tensor with the free third-face covector and fixing the shared edge of the remaining faces to plus gives a positive simple 4x4 block at q=1/2 whose degree-six pair-product polynomial is squarefree; all six slot-pair products are distinct, so it is not a nonzero two-mode subset-product spectrum.",This is the smallest exactly comparable declared 3D boundary regularization with a summed bulk spin and the same four-slot signature test as the 2D control.,The scaled characteristic polynomial is z^4-6240z^3+2306880z^2-158008320z+1719926784 and the exact pair gcd is 1.,"Rebuild the 2x2x2 boundary tensor from its 128 compatible face assignments, contract h_free, form wedge^2 explicitly, and compute the exact gcd.","The producer finds positive leading minors 336,31104,2737152,1719926784, simple char gcd 1, and squarefree pair gcd 1.","This is one finite free-face/fixed-edge boundary condition, not an intrinsic tensor spectrum, an all-size theorem, or an infinite-volume non-integrability result.",proved_finite_counterexample,experiments/e206_ctm_definition.py;experiments/e207_ctm_spectrum.py;experiments/e208_ctm_certificate.py;results/spectral/ctm_signature.json;proofs/ctm_signature.md,Do not promote the finite failure unless a theorem selects this contraction and controls it through increasing radii.
H540,2026-08-22,"[THEOREM] Positivity, global spin flip, and square-face symmetry do not select a unique matrix spectrum from the rank-three 3D corner tensor: h_free=1 and h_biased=1+indicator(all face spins aligned) are strictly positive invariant nonproportional covectors with non-scale-equivalent contracted spectra.",A favorable contraction must not be invented after inspecting spectra; uniqueness must follow from stated finite data or an added boundary theorem.,The full contractions both have rank 16 but scale-invariant I2 values 1308424/294849 and 20362024/4296645; their plus-edge sectors give 5959/1690 and 94939/26450.,"Verify covector invariance under spin flip and all face-site permutations, compute exact ranks and trace ratios, and compare after removing scalar normalization.",Both exact moment inequalities hold; the aligned-only invariant covector additionally lowers full rank to 8 and demonstrates collision-test vacuity from zero modes.,"The obstruction proves nonuniqueness under the listed criteria, not that no additional physically justified contraction can ever be defined.",proved-method-obstruction,experiments/e208_ctm_certificate.py;results/spectral/ctm_signature.json;tests/test_ctm_signature.py;proofs/ctm_signature.md,Require any future 3D CTM spectrum proposal to state and justify its contraction before spectral testing.
H541,2026-08-22,[UNRESOLVED] The exact radius-one free-face failure cannot decide an intrinsic or infinite-volume 3D CTM signature because the honest finite analogue is tensor-valued and symmetry-preserving positive contractions are spectrally inequivalent.,Separating a finite boundary-condition counterexample from a canonical thermodynamic CTM theorem prevents a favorable-operator and finite-to-all-size extrapolation.,"A continuation must specify a contraction, prove compatibility across radii, and control normalization and the thermodynamic limit before a spectral verdict is comparable to Baxter CTM data.",Run every proposed continuation against the h_free/h_biased ambiguity witness and the rank-deficient aligned-face collision counterexample.,The exact 2D control and 3D free-face counterexample are complete; no benchmark was used and no modular lower bound enters the verdict.,"The radius-one cube is finite and unusually small; no all-size, critical-point, partition-function, or standard 3D Ising solution claim follows.",unresolved,proofs/ctm_signature.md;results/spectral/ctm_signature.json;tests/test_ctm_signature.py,Develop a contraction-selection and increasing-radius comparison theorem before spending resources on larger corner spectra.
H542,2026-08-22,"[LEMMA][COMPUTATION] For every finite graph used in this front, the normalized terminal-spin Walsh transform of T_b(v)=sum product_e(1+v sigma_u sigma_w) equals the exact odd-boundary current polynomial.",This exact basis bridge turns repository boundary-conditioned partition tensors into the matchgate signature on which Pluecker identities are defined.,Fixed-spin enumeration and edge-parity dynamic programming agree coefficientwise; odd-cardinality currents vanish; each tensor entry at v=0 is 2^(|V|-4).,Rebuild the five declared tensors from ising.lattices and compare all 16 Walsh entries against independent parity propagation.,"All five exact comparisons pass for 2x3, 3x3, two 2x2x2 terminal orders, and 2x2x3; global flip and v=0 checks also pass.",The computation is finite and does not assert an all-graph Pfaffian representation.,confirmed,experiments/e209_plucker_tensor.py;results/integrability/plucker_hirota.json;tests/test_plucker_hirota.py;proofs/plucker_hirota.md,Retain the Walsh/current equality as the convention gate for any later boundary-tensor identity.
H543,2026-08-22,"[COMPUTATION] In the normalized 125-vector class (1,c1,c2,c3) with each ci in [-2,2], the independent-edge planar 2x3 tensor uniquely selects (1,-1,1,-1), and a fresh independent-edge 3x3 holdout has zero residual.","The Pfaffian signs must be fixed by a planar control or the identity itself, never by three-dimensional holdouts.","The search has exactly 125 candidates, one training survivor, and zero multivariate and uniform residual on the unused 3x3 control.","Enumerate the declared coefficient box against base-three-coded multivariate current channels, then evaluate the survivor on 3x3.",The sole 2x3 survivor is the standard Pfaffian sign vector and the fresh 3x3 control passes exactly.,Two finite planar rectangles do not prove a theorem for every planar boundary tensor.,confirmed,experiments/e210_plucker_search.py;results/integrability/plucker_hirota.json;tests/test_plucker_hirota.py;proofs/plucker_hirota.md,Require every future sign or coefficient choice to consume only a declared planar training set.
H544,2026-08-22,"[THEOREM] On the open 2x2x2 cube with ordered terminals (0,0,0),(0,0,1),(1,1,1),(1,1,0), the planar-selected Pluecker residual is exactly 4 v^6(1-v^2)^6 and is positive for 0<v<1.",An elementary cube is the minimal genuine three-direction lattice on which to test the unchanged four-terminal identity.,The ascending residual begins 4 v^6-24 v^8+60 v^10-80 v^12+60 v^14-24 v^16+4 v^18 and equals 729/65536 at v=1/2.,"Rebuild the fixed-boundary tensor, Walsh transform it, form the four quadratic channels, and compare with the displayed factorization.",Exact integer coefficients and exact Fraction evaluation reproduce the factorization and nonzero value.,"A cyclic cofacial terminal order on the same cube has zero residual, so the result is terminal-placement specific.",confirmed,experiments/e211_plucker_certificate.py;results/integrability/plucker_hirota.json;tests/test_plucker_hirota.py;proofs/plucker_hirota.md,Use this as a finite falsification gate only; do not promote it to an arbitrary-Pfaffian no-go.
H545,2026-08-22,"[COMPUTATION] The independent-edge skew-cube Pluecker residual has 128 nonzero monomials, SHA256 bcd4ef8a2f5d5628b5ea684a092687e81f9f527a3bbea59d53e11ce1b19410a4, and a degree-six coefficient-2 witness at base-three code 79572.",A multivariate witness rules out the possibility that the uniform cube residual was created or hidden by equal-edge specialization cancellations.,"The witness exponent vector is [0,1,0,1,1,0,1,0,0,1,1,0], and uniform specialization reproduces 4 v^6(1-v^2)^6 coefficientwise.","Recompute all independent-edge current monomials recursively, hash canonical code:coefficient rows, and specialize by total ternary digit sum.","The producer records 128 terms, the witness, its edge coordinates, the digest, and exact uniform specialization.","This does not test other local basis changes, terminal orders, or identities with additional channels.",confirmed,experiments/e210_plucker_search.py;experiments/e211_plucker_certificate.py;results/integrability/plucker_hirota.json;tests/test_plucker_hirota.py,Keep the monomial witness as the smallest exact certificate for this fixed basis and terminal order.
H546,2026-08-22,"[THEOREM] On the open 2x2x3 slab with terminals cyclic around the x=0 rectangular surface patch, the unchanged Pluecker residual is 4 v^8(1-v^2)^8(1+v^2)(3+6v^2-v^4), positive for 0<v<1.",This is a fresh three-dimensional surface-boundary holdout after all signs were frozen by the planar 2x3 control.,The first nonzero coefficient is 12 at degree 8 and the exact value at v=1/2 is 2329155/268435456.,Rebuild all 16 fixed-boundary slab polynomials from the repository lattice and compare the Walsh residual with the displayed factorization.,"Exact spin enumeration and independent edge-parity propagation agree, and the factor and rational audit point are nonzero.",One finite slab is not an all-size theorem and does not exclude a different determinant/Pfaffian ansatz.,confirmed,experiments/e211_plucker_certificate.py;results/integrability/plucker_hirota.json;tests/test_plucker_hirota.py;proofs/plucker_hirota.md,Treat the slab as an untouched holdout for this identity; preregister any larger identity class before further 3D evaluation.
H547,2026-08-22,[COMPUTATION][UNRESOLVED] A normalized four-channel integer identity from the declared coefficient box can pass both the independent-edge planar 2x3 training tensor and the skew elementary cube.,This is the precise bounded extension hypothesis; phrasing it this way prevents a finite failure from becoming a claim against arbitrary determinants.,"If supported, the planar-and-cube survivor list is nonempty; the exact search instead returns the empty list.","Intersect the 2x3 multivariate survivors with the skew-cube multivariate zero-residual candidates, without using 3D data to select signs.","The unique planar survivor (1,-1,1,-1) has a nonzero cube witness, so no one of the 125 declared vectors survives both.",The coefficient box is finite; a cofacial cube order survives; arbitrary determinant/Pfaffian representations and higher recurrences remain unresolved.,refuted,experiments/e210_plucker_search.py;experiments/e211_plucker_certificate.py;results/integrability/plucker_hirota.json;proofs/plucker_hirota.md,"Any broader search must declare its channels, coefficient domain, basis, and planar training controls before inspecting 3D holdouts."
H548,2026-08-22,"[LEMMA][THEOREM] For fixed local L, the tetrahedral solution space is ker Phi_L=Hom_{k[t]}((A tensor Q,F),(A tensor Q,G)) intersect (End(A) tensor I_Q); this is restricted one-operator intertwining, not intertwining of the wave-18 physical local-term algebra.",The conjectured Schur step conflated one ordered-product equation with equations for every element of a different algebra.,Any valid Schur route must first derive T rho(x)=sigma(x)T for every named algebra element x; local-algebra dimension alone predicts no RLLL nullity.,Rebuild the one-operator and full-M2 intertwiner systems over Q and compare their nullities.,The exact controls give nullity 4 for the identity one-operator equation and nullity 1 for the full M2 commutant; the formal intersection identity is proved in proofs/allaux_lax.md.,No all-elements rho/sigma equations are derived from the Ising RLLL product in the audited sources.,confirmed,proofs/allaux_lax.md;results/integrability/allaux_lax.json;experiments/e214_allaux_certificate.py;tests/test_allaux_lax.py,Require an explicit all-elements representation map before any future Schur-based Ising no-go.
H549,2026-08-22,"[THEOREM] If P,Q are simple B-modules, every nonzero B-intertwiner is an isomorphism; Hom_B(P,Q)=0 for nonisomorphic modules, while under End_B(P)=k equivalent modules have Hom_B(P,Q)=kS with every nonzero element invertible.",This is the strongest sound Schur theorem relevant to an RLLL obstruction and shows why irreducibility alone can support rather than exclude an invertible intertwiner.,Exact controls must give nullity 0 for nonisomorphic simple modules and nullity 1 with an invertible witness for equivalent absolutely simple modules.,Solve both complete intertwiner systems by independent exact rational row reduction.,"The nonisomorphic k plus k control has nullity 0; conjugate M2 modules have nullity 1 with determinant-one witness [[1,1],[0,1]].",None under the named simplicity and all-elements hypotheses; those hypotheses are unproved for higher-dimensional Ising L factors.,proved,proofs/allaux_lax.md;results/integrability/allaux_lax.json;experiments/e213_allaux_controls.py;tests/test_allaux_lax.py,"For a concrete L^(d), identify and compare the actual source and target modules rather than estimating only algebra dimension."
H550,2026-08-22,"[THEOREM] If End_B(P)=k and B acts trivially on an auxiliary multiplicity U, then the commutant of I_U tensor rho(B) is End(U) tensor I_P and has exact dimension dim(U)^2.",A large irreducible physical algebra leaves the entire auxiliary matrix algebra untouched; a double-commutant slogan therefore cannot force auxiliary R=0.,"For auxiliary/physical dimensions (2,2),(3,2),(2,3), exact commutant nullities are respectively 4,9,4 with explicit matrix-unit witness spaces of the same ranks.",Build every commutator equation over Q and independently rank the auxiliary-matrix-unit witnesses.,Producer and clean-room implementations store the exact ranks and all witness commutations; all computed checks pass.,"Over Q, irreducibility without the scalar-commutant hypothesis is weaker still and cannot improve the no-go.",proved,proofs/allaux_lax.md;results/integrability/allaux_lax.json;experiments/e213_allaux_controls.py;tests/test_allaux_lax.py,Use tensor multiplicities explicitly in every proposed auxiliary-dimension Schur argument.
H551,2026-08-22,"[THEOREM] For every common leg dimension d>=2, L=P_(first,second) tensor I_third and R=P_12 tensor I_3 give a strict nonscalar invertible tetrahedral solution R_123 L_145 L_246 L_356=L_356 L_246 L_145 R_123.",This is an exact all-auxiliary counterexample to the bare claim that large or arbitrary auxiliary dimension itself forces the RLLL kernel to vanish.,"The identity reduces in S6 to P12 P14 P24=P24 P14 P12 with commuting P35; det R=(-1)^(d^2(d-1)/2), and local L entries contain full End(Q^d) on the active physical leg.","Compare the two factor permutations symbolically and rebuild d=2,3,4 tensor-permutation matrices.","The common zero-based factor permutation is [3,1,4,0,2,5]; exact six-factor sizes 64,729,4096 have zero residual and determinant plus or minus one.","The family is a method counterexample, not an Ising encoding; an Ising-specific compatibility hypothesis could exclude it but must be proved.",proved,experiments/e212_allaux_intertwiner.py;experiments/e214_allaux_certificate.py;results/integrability/allaux_lax.json;proofs/allaux_lax.md;tests/test_allaux_lax.py,Test any proposed abstract all-auxiliary no-go against this strict permutation family before applying it to Ising.
H552,2026-08-22,"[THEOREM][EXTERNAL] For every d>=2 the rational GL_d/XXX operators L_aq(u)=uI+P_aq and R_ab(u-v)=(u-v)I+P_ab satisfy exact RLL; their actual local L entries generate End(Q^d), and on n sites the associative envelope is End((Q^d) tensor n) of dimension d^(2n).",A known integrable local Lax family directly shows that exponential irreducible local-entry envelopes coexist with nonscalar invertible intertwiners at every auxiliary dimension.,"The identity holds in Z[u,v][S3]; at u=2,v=-1 det R=4^(d(d+1)/2)2^(d(d-1)/2); local entry ranks are d^2 and chain ranks are d^(2n).","Rebuild the six-term group-algebra normal form, exact d=2,3,4 RLL matrices, local blocks, and tensor matrix-unit bases.","The universal residual is zero; finite determinants are 128,32768,67108864; exact entry ranks are 4,9,16 and chain ranks are 64 at (2,3) and 81 at (3,2).",The attached full-control Lie set is a method-limitation construction and is not claimed to preserve the XXX Hamiltonian after arbitrary controls are added.,proved,experiments/e212_allaux_intertwiner.py;experiments/e213_allaux_controls.py;experiments/e214_allaux_certificate.py;results/integrability/allaux_lax.json;proofs/allaux_lax.md;tests/test_allaux_lax.py,Demand a model-specific map from Ising generators to Lax entries rather than inferring from envelope size.
H553,2026-08-22,"[THEOREM][COMPUTATION][UNRESOLVED] The all-auxiliary dimension/irreducibility method is refuted, while the arbitrary-8x8 identical-binary-L Ising no-go and fixed-order cabled-16x16 specialization theorem remain unchanged; unrestricted higher-dimensional Ising local factors remain unclassified.",A method-limitation theorem is the strongest sound conclusion because changing auxiliary dimension changes the local L ansatz itself.,"Scope guards must continue to find the explicit higher-auxiliary exclusion in tetra_ungraded.md, the unrestricted-C4 exclusion in tetra16_locus.md, and the physical local-term definition in the wave-18 trichotomy; finite XXX Pauli-summand closures are 15,60,255,1020 at n=3,4,5,6 only.","Rehash the three audited proofs, rebuild every exact control, and reject any claim promoting the finite XXX rows or existing Ising certificates beyond their named scopes.","All 16 integrated checks pass; source hashes and scope phrases are stored, and every finite Pauli closure equals its explicit noncentral even-even label set.","No genuine unrestricted Ising L^(d), all-elements representation bridge, spectral family, IRF relation, or dimension-changing projection is classified.",refuted_method_unresolved_model,proofs/allaux_lax.md;proofs/tetra_ungraded.md;proofs/tetra16_locus.md;proofs/clifford_grade_classification.md;results/integrability/allaux_lax.json;tests/test_allaux_lax.py,Specify a concrete higher-dimensional Ising L^(d) and prove its reconstruction assumptions before computing Phi_L or invoking Schur.
H554,2026-08-22,"[LEMMA] On every finite torus the normalized Fourier powers P_k=|sigma_hat(k)|^2/N^2 form a simplex, and q_kl=E[P_k P_l] is a genuinely mode-resolved four-spin matrix satisfying q>=0, Q1=p, diag(Q)<=p, inversion symmetry, and [[1,p^T],[p,Q]] positive semidefinite.",These are the exact level-one bounded-spin power constraints available before any numerical optimization.,Every physical finite-torus Ising measure maps into MR4-power-simplex-L1 with p_k=G_hat(k)/N and p_0=M_L^2.,"Reconstruct every mode and verify Parseval, row sums, localizers, inversion symmetry, and the moment factorization in exact arithmetic.","Exact algebraic mode checks pass on L=4,6,8,12; the proof derives every row configuration-wise.",The rows omit phase-sensitive Fourier contractions and do not characterize spin realizability.,proved,experiments/e216_fourpoint_certificate.py;proofs/upper_fourpoint.md;results/bounds/upper_fourpoint.json;tests/test_upper_fourpoint.py,Test a phase-sensitive contraction level that excludes arbitrary points of the power simplex.
H555,2026-08-22,"[THEOREM] MR4-power-simplex-L1 has exactly the inherited two-point projection and exact p_0 optimum at every finite L and K, because every feasible p has the deterministic four-point lift Q=pp^T.",A numerical SDP optimum cannot establish a method wall; an exact primal lift does.,proj_p MR4=B_L(K) and inf_MR4 p_0=inf_B p_0; the covariance and every PSD slack of the lift vanish exactly.,"Substitute Q=pp^T into every defining equality, inequality, localizer, and PSD row.",The symbolic outer-product identity and four finite exact lifts satisfy every row without floating-point optimization.,"The pseudo-moment need not be a physical spin law, so the theorem is only about the named relaxation.",proved,experiments/e216_fourpoint_certificate.py;proofs/upper_fourpoint.md;results/bounds/upper_fourpoint.json;tests/test_upper_fourpoint.py,Any continuation must add a constraint not valid for every Dirac measure on the power simplex.
H556,2026-08-22,"[COMPUTATION] Exact rational zero-mode-removed torus Green kernels were certified on L=4,6,8,12 by the rational Poisson equation and zero sum; at K=6/25 the L=12 lifted primal has p_0=94973361469787/3762640205356032, below 1/32 by 22609144947589/3762640205356032.",A finite exact countercertificate measures the first nonaggregate mode-resolved class without promoting finite evidence to a thermodynamic theorem.,"Every stored orbit value is rational; all inverse transforms, infrared caps, GKS rows, energy rows, and implicit Q rows hold exactly.","Independently reconstruct signed-permutation orbits, verify the Poisson equation at every site, and rebuild modes over Q(sqrt2) or Q(sqrt3).",The producer passes exact certificates on 232 orbit representatives covering 2520 sites and records the positive L=12 gap.,The L=12 point alone says nothing about the thermodynamic limit.,exact_computation,experiments/e215_fourpoint_kernel.py;experiments/e216_fourpoint_certificate.py;results/bounds/upper_fourpoint.json;tests/test_upper_fourpoint.py,"Retain as a regression certificate, not as evidence for physical finite-size scaling."
H557,2026-08-22,"[THEOREM] At the benchmark-independent challenge K=6/25, alpha_L=min(1/(2K),1/D_L) gives exact MR4-power-simplex-L1 feasible points for every even L; for L>=96 they obey p_0=-min C_L/D_L<=5168/(525L), and therefore p_0<1/32 for every even L>=316.",The all-size rate is the required replacement for any invalid extrapolation from L=12.,"I3_lo-A/96>=12/25 exactly, and 1/32-5168/(525*316)=131/1327200>0.","Recompute the directed rational cutoff and rate margin from I3_lo, A=992015/408608, and c*=5168/525.",The combined producer passes both cutoff inequalities using Fraction arithmetic; the proof inherits the exact Green-kernel bounds from mag_floor.md.,"This proves only existence of relaxation pseudo-moments, not decay of the physical Ising magnetisation.",proved,experiments/e216_fourpoint_certificate.py;proofs/upper_fourpoint.md;results/bounds/upper_fourpoint.json;tests/test_upper_fourpoint.py,Use any stronger proposed four-point row against this explicit all-size Green-ray family first.
H558,2026-08-22,"[THEOREM] For every 0<K<=I3/2, the exact optimum floors of MR4-power-simplex-L1 admit an even-torus sequence tending to zero, so this class cannot supply the uniform positive M_L^2 floor needed for K_c<=K and cannot improve the Watson endpoint.",The inequality direction must separate a relaxation limitation from a statement about the physical model.,"Physical points lie inside the relaxation, so a positive relaxation infimum would imply physical order; the exact pseudo-moment sequence makes that infimum O(1/L).","Check physical inclusion, deterministic projection equality, the Green-ray feasibility inequalities, and the inherited thermodynamic order implication in that order.",The proof gives the strict-K cutoff from C_L(0)>=I3-A/L and inherits the exact endpoint profile at K=I3/2.,No strict upper endpoint is obtained; the incumbent I3/2 remains unchanged.,method_closed,proofs/upper_fourpoint.md;results/bounds/upper_fourpoint.json;experiments/e217_fourpoint_endpoint.py,Do not spend further optimization effort inside MR4-power-simplex-L1; add genuinely new spin-realizability input.
H559,2026-08-22,"[UNRESOLVED] Phase-sensitive identities sum_k sigma_hat(k)sigma_hat(q-k)=N^2 delta_q0, higher spin/localizing moment levels, DLR conditional equations, and sourced or multi-current switching inequalities remain outside MR4-power-simplex-L1 and could still improve I3/2.",The rank-one power-simplex pseudo-measure survives only because Fourier phases and local spin contractions were discarded.,Any successful continuation must exclude Q=pp^T Green-ray counterpoints while remaining valid for every physical Ising measure and preserving the lower-bound direction on M_L^2.,"Formulate the smallest exact phase-sensitive or DLR row and test it first on the stored rational kernels, with an independently checkable primal or dual certificate.",The exact limitation theorem identifies the missing constraints and states its counterexample scope explicitly.,No audited derivation or exact certificate for any stronger class is supplied here.,unresolved,proofs/upper_fourpoint.md;results/bounds/upper_fourpoint.json,Investigate the convolution identity or a sourced-current row; do not infer an all-size theorem from finite optima.
H560,2026-08-22,[COMPUTATION] Exact finite connected-cluster dressing reproduces the simple-cubic susceptibility HT coefficients through v^10,A coefficient inequality must be tested on independently derived exact integers under the repository's v=tanh K convention,a_0..a_10=1;6;30;150;726;3510;16710;79494;375174;1769686;8306862 and all finite-box identity controls pass,Run e218 then the standalone verifier; compare complete 2x2x2 and sampled 3x2x2 parity expansions,All 15 e218 checks pass; the exact prefix matches external A002913; peak RSS is 289 MiB,The clean-room verifier independently re-derives only through a_8; a_9 and a_10 rely on producer identity controls plus the external comparison,confirmed,experiments/e218_susceptibility_coeffs.py;results/bounds/susceptibility_coeffs.json;tests/test_susceptibility_coeffs.py;proofs/susceptibility_coeffs.md,Keep this as the v=tanh K susceptibility convention gate; extend only for a specified all-size route
H561,2026-08-22,[THEOREM — REFUTED] The exact susceptibility HT coefficients are supermultiplicative,Supermultiplicativity would put Fekete in the supremum direction and yield candidate upper endpoints,"a_(m+n)>=a_m*a_n for every m,n>=1; in particular a_2>=a_1^2",Derive a_1 and a_2 from the finite two-odd cluster census,No tested pair supports the proposed direction,a_1=6 and a_2=30 give the smallest counterexample 30<36; a_(2k)<a_k^2 for every checked k<=16,falsified,experiments/e219_coeff_inequality.py;results/bounds/susceptibility_coeffs.json;proofs/susceptibility_coeffs.md,Do not reuse susceptibility supermultiplicativity or an anchored variant in an endpoint argument
H562,2026-08-22,[CONJECTURE][UNRESOLVED] The exact susceptibility HT coefficients are submultiplicative for all orders,If all-order positivity and a bridge theorem also held then Fekete would turn long exact coefficients into lower K_c endpoints,"a_(m+n)<=a_m*a_n for every m,n>=1 and lim a_n^(1/n)=inf_n a_n^(1/n)",Produce an all-size injection that controls contact dressings or find the first exact violation beyond the checked prefix,"No violation occurs for m+n<=10 on independently derived coefficients or m+n<=32 on the external table; non-strict log-concavity holds on both ranges, with equality at n=2",The order-4 dressing of adjacent clusters is -28 rather than -40 so the SAW split does not factor; finite-prefix completions prove that checks alone cannot settle the claim,unresolved,experiments/e219_coeff_inequality.py;experiments/e220_coeff_bound.py;results/bounds/susceptibility_coeffs.json;proofs/susceptibility_coeffs.md,Prove G1 at all sizes or locate a counterexample; never quote the conditional n=25 or n=32 targets as bounds
H563,2026-08-22,[THEOREM — REFUTED][COMPUTATION] Finite-box susceptibility HT coefficients are nonnegative and coefficientwise monotone under box inclusion,Such a coefficientwise GKS analogue would bridge an infinite coefficient majorant to uniform finite-volume susceptibility,Every box coefficient is nonnegative and enlarging a box cannot decrease a fixed coefficient,Compute exact free-boundary series on the unit edge and unit square,Small-box positive prefixes superficially support the premise,For the 2x2x1 corner box [v^5]chi=-2; for the embedded edge correlation [v^5] drops from 0 on 2x1x1 to -1 on 2x2x1,falsified,experiments/e219_coeff_inequality.py;results/bounds/susceptibility_coeffs.json;tests/test_susceptibility_coeffs.py;proofs/susceptibility_coeffs.md,Use only function-level GKS; replace this false premise by the weaker absolute-domination conjecture P1'
H564,2026-08-22,[CONJECTURE][COMPUTATION][UNRESOLVED] Every finite-box susceptibility coefficient is absolutely dominated by the stabilized infinite-lattice coefficient,Uniform absolute domination would bridge convergence of sum a_n v^n to finite susceptibility and zero spontaneous magnetization,abs([v^n]chi_Lambda)<=a_n for every finite box Lambda; source; and order n,Prove the bound from the cluster dressing recursion or find a finite-box counterexample,The inequality holds on every tested box from 2x1x1 through 3x3x3; both corner and centre sources; through n=8,Finite box coefficients have both signs and are not volume-monotone; no all-size comparison theorem is known,unresolved,experiments/e219_coeff_inequality.py;results/bounds/susceptibility_coeffs.json;tests/test_susceptibility_coeffs.py;proofs/susceptibility_coeffs.md,Establish or refute P1' before any susceptibility-radius endpoint claim
H565,2026-08-22,[THEOREM] No finite susceptibility-coefficient prefix can certify the proposed endpoint without all-size coefficient and bridge theorems,A finite prefix may satisfy every attractive inequality while arbitrary unseen tails control the radius,Two explicit completions match a_0..a_32 and every checked inequality yet one is fully submultiplicative while the other has tail 6^n and radius 1/6,Construct the min-plus closure and the 6^n-tail completion; verify both against the proved growth envelope,"The exact completions pass every constraint through order 32 and the envelope abs(a_n)<=(1000*(n+1)^3)^(n+2); the first invisible violation occurs at pair (1,32) of total order 33",None within the stated finite-information class,confirmed,experiments/e220_coeff_bound.py;results/bounds/susceptibility_coeffs.json;tests/test_susceptibility_coeffs.py;proofs/susceptibility_coeffs.md,Claim no new K_c bound; pursue all-order G0 positivity plus G1 submultiplicativity plus P1' absolute domination
H566,2026-08-22,[THEOREM] The direct eighth interlayer coefficient has an exact coefficientwise all-v connected-correlation formula obtained by summing Bell-Moebius expansions over the eight compositions of 4.,Specializing the all-order layer-moment formula to connected 2D cumulants makes the precise G/U4/W6/W8 content explicit without a finite-v truncation.,"The eight profiles have admissible Bell counts 379,107,83,35,107,35,35,15 and together produce 80014 slot-indexed connected monomials with digest 86587088de826e47e404feec36e115be6afa1a418eb4673a94ae5e877e7d28dc.","Independently rebuild Bell(8), expand every induced layer moment over even connected partitions, and compare every profile digest.",e221 and e223 reconstruct all eight profiles exactly and match the prior c8 inventory digest.,The infinite-lattice sums remain coefficientwise formal and are not scalar-evaluated.,proved,experiments/e221_c8_closed.py;experiments/e223_c10_certificate.py;results/interlayer/c10_structure.json;proofs/interlayer_c10.md;tests/test_interlayer_c10.py,Seek a model-specific evaluation of the required W8 contractions without assuming universal polynomial closure.
H567,2026-08-22,"[THEOREM] W8 is forced at eighth interlayer order: W8_[8]^2 occurs uniquely with coefficient 1/8!, so no polynomial in G, U4, and W6 can equal c8 in the universal connected-cumulant algebra.",A unique top-rank monomial gives an exact obstruction rather than treating the 80014-term inventory as merely large.,"The complete W8 sector is (W8^2+2 W8 R8)/8! plus E(I_a)W8E(J_a)/((2a)!(8-2a)!) for a=1,2,3; profiles with at least three gaps contain no W8.",Filter the independently reconstructed c8 polynomials for W8 and compare with the one-block Bell prediction; evaluate lower symbols identically while setting W8_[8] to 0 versus 1.,Exact sector equality holds in all eight profiles; the two formal evaluations differ by 1/40320 while agreeing on every lower connected symbol.,"The counterexample is a universal polynomial specialization, not a physical square-lattice Gibbs state; model-specific non-polynomial identities remain possible.",proved,experiments/e221_c8_closed.py;results/interlayer/c10_structure.json;proofs/interlayer_c10.md;tests/test_interlayer_c10.py,Test whether square-lattice Pfaffian machinery evaluates the forced W8 sums using auxiliary data rather than lower spin cumulants alone.
H568,2026-08-22,"[THEOREM][COMPUTATION] Tenth interlayer order has exactly the 16 composition profiles of 5, at most six layers, and connected alphabet G,U4,W6,W8,W10.",The exact composition inventory identifies where genuinely new connected data can enter before attempting any resource-heavy c10 finite-lattice computation.,"In composition order the admissible Bell counts are 6556,1556,1016,410,1016,308,308,126,1556,410,308,126,410,126,126,52; total 14410.",Enumerate Bell(10)=115975 partitions and independently recount by a distinguished-label recurrence on even gap-count vectors.,"Both exact routes agree for all sixteen rows, including every Mobius block-class sum and reflection pair.",No c10 coefficients from v^4 through v^12 are inferred from these finite combinatorial counts.,proved,experiments/e222_c10_structure.py;experiments/e223_c10_certificate.py;results/interlayer/c10_structure.json;proofs/interlayer_c10.md;tests/test_interlayer_c10.py,Use the structural formula only if a future low-resource route can evaluate the needed connected 2D sums.
H569,2026-08-22,[THEOREM] W10 is the first irreducible connected datum at tenth interlayer order and W10_[10]^2 occurs uniquely with coefficient 1/10!.,The top-rank sector supplies an exact method-limitation theorem for reuse of G/U4/W6/W8.,"W10 occurs only in profiles (5),(4,1),(3,2),(2,3),(1,4), with profile monomial counts 6556,379,124,124,379 and total 7562; all profiles with at least three gaps have zero W10 sector.",Derive the W10 sector from the unique one-block Bell partition and independently verify the profile support from layer slot-degree vectors.,"Exact Bell enumeration and the connected-partition counts 1,4,31,379,6556 reproduce every stated sector count.",The obstruction does not prove W10 algebraically independent after specialization to the 2D Ising state.,proved,experiments/e222_c10_structure.py;results/interlayer/c10_structure.json;proofs/interlayer_c10.md;tests/test_interlayer_c10.py,Investigate model-specific representations of W10; do not attempt closure with lower universal connected symbols alone.
H570,2026-08-22,"[THEOREM] For every m>=1, the universal partition-cumulant polynomial for c_(2m,q) contains C_[2m]^2/(2m)! and therefore cannot be polynomially generated by connected layer objects of ranks below 2m.",The c8 and c10 obstructions are instances of a uniform hierarchy rather than accidental finite-order complexity.,Two layers both carry all 2m slots only for the single-gap composition (m); the top atom forces the one-block Bell partition with Mobius coefficient one and placement 1/(2m)!.,Track the incidence needed for two top-rank atoms and rule out every multi-gap composition before inspecting the unique single-gap Bell term.,The general incidence proof is recorded and its m=4 and m=5 instances are reconstructed exactly by independent finite partition calculations.,"This is a universal polynomial-method theorem only; Pfaffian, determinant, auxiliary-data, or other non-polynomial specializations are not excluded.",proved,experiments/e221_c8_closed.py;experiments/e222_c10_structure.py;results/interlayer/c10_structure.json;proofs/interlayer_c10.md,Use the theorem as a gate against future claims that a fixed lower connected alphabet closes all interlayer orders.
H571,2026-08-22,"[COMPUTATION][THEOREM][UNRESOLVED] Every available c8 formal coefficient through v^12 is independently audited, while c10 is certified only at the all-order v^0 and v^2 columns and no heavier FLM box is claimed.",Finite-series evidence must be separated from the all-v partition-algebra theorem and must not be promoted to an uncomputed c10 prefix.,"c8_w_res=2v^2+243v^4+13594v^6+1046015v^8/2+14894834v^10+341377607v^12; c10_q has v0=31/14175 and v2=4/14175, while c10_w has total v0=1/10 and residual v2=2.","Re-sum every stored c8 exact-height row, derive q=atanh(w) coefficients rationally, compare the independent w-log and spin-DOS overlaps, and derive c10 v0/v2 from log cosh and the all-order ladder identity.",The integrated producer passes 53 computed checks in 4.441426 process seconds at peak RSS 68747264 bytes and launches zero new FLM boxes.,"c10 coefficients v4 through v12, convergence, critical behavior, and scalar evaluation remain unresolved.",confirmed,experiments/e223_c10_certificate.py;results/interlayer/c10_structure.json;proofs/interlayer_c10.md;tests/test_interlayer_c10.py,"Run the standalone verifier, then preserve the explicit unresolved scope unless an independent low-resource c10 coefficient route is found."
H572,2026-08-22,"[THEOREM][EXTERNAL] For every finite connected simple bipartite graph Gamma with Delta(Gamma)>=3, the individual-local-term algebra has Pauli-label basis {p in H:Q_c(p)=1} with the radical P_X removed when n is odd, where H={(a,b):|b| even} and Q_c(a,b)=a.b+|a|+c.b.",A branch-preserving spanning tree gives a raw-generator basis whose commutation graph is the subdivided tree and contains induced E6; Seven's transvection-orbit theorem then identifies the raw commutator orbit with the complete nonradical Q=1 level.,"Every branching graph has dim 2^(2n-2)-1 for odd n and 2^(2n-2)-(-1)^r 2^(n-1) for even n, with r either colour-class size.","Run e226 and the clean-room verifier; independently rebuild the spanning-tree GF(2) rank, induced-E6 pairing graph, Q-root set, and raw Pauli closure.",All 20 branching isomorphism classes through n=6 close exactly to their Q-root sets; every spanning basis has rank 2n-1 and an exact induced-E6 certificate.,"The all-size orbit step is imported explicitly from Ahmet Seven, Theorem 3.2, rather than reproved in this repository.",proved_with_external_input,proofs/nonhamiltonian_bipartite.md;results/algebra_growth/nonhamiltonian_bipartite.json;experiments/e226_nonhamiltonian_theorem.py;tests/test_nonhamiltonian_bipartite.py,Retain the cited orbit theorem as a load-bearing dependency and the clean-room finite audit as its regression gate.
H573,2026-08-22,"[THEOREM] Every connected bipartite graph without a Hamiltonian path lies in the Delta>=3 quadratic-root branch; hence its exact local-term dimension depends only on n and, for even n, colour-class parity.","A connected graph with Delta<=2 is a path or cycle, and both possess Hamiltonian paths; the new Delta>=3 theorem therefore exhausts the requested non-Hamiltonian class.","Odd n gives 2^(2n-2)-1; even n with colour size r gives 2^(2n-2)-(-1)^r 2^(n-1); K1,3=72, a (2,4)-tree=992, and a (3,3)-tree=1056.","Enumerate every connected bipartite graph through n=6, test Hamiltonian paths by subset DP, and compare independent exact closures with the parity formula.",All 12 non-Hamiltonian isomorphism classes through n=6 are branching and match the formula and Q-root digest exactly.,Finite enumeration ends at n=6 and is not the proof of the all-size implication.,proved,proofs/nonhamiltonian_bipartite.md;results/algebra_growth/nonhamiltonian_bipartite.json;experiments/e224_nonhamiltonian_census.py,Use this branch instead of misapplying the Hamiltonian Clifford-grade formula to imbalanced graphs.
H574,2026-08-22,"[THEOREM] Every non-path tree has the quadratic-root local-term algebra, and every complete bipartite K_(r,s) with |r-s|>=2 is a non-Hamiltonian infinite subclass with the same exact parity formula.","Every non-path tree has Delta>=3; a K_(r,s) Hamiltonian path must alternate colours and exists exactly when |r-s|<=1.","For all |r-s|>=2, dim g_(K_r,s)=2^(2n-2)-1 for odd n and 2^(2n-2)-(-1)^r 2^(n-1) for even n; finite controls are K1,3=72, K1,4=255, K1,5=1056, K2,4=992.","Apply the branch theorem symbolically and independently close every K_(r,s) control with r+s<=6.",All four bounded complete-bipartite controls are non-Hamiltonian and reproduce the formula and closure digests.,"This is an individual-local-term classification, not a two-generator or transfer-matrix classification.",proved,proofs/nonhamiltonian_bipartite.md;results/algebra_growth/nonhamiltonian_bipartite.json,Use stars and imbalanced complete bipartite graphs as exact regression families.
H575,2026-08-22,[THEOREM][COMPUTATION] Matching deficiency together with minimum vertex-disjoint path-cover number is not a complete invariant of a connected non-Hamiltonian bipartite local-term algebra.,"If either combinatorial defect controlled the missing Hamiltonian path, graphs with the same pair of defect values would have the same algebra dimension.","The six-vertex trees with edges 04,14,05,25,35 and 04,14,25,35,45 both have matching size 2, deficiency 2, and path-cover number 2, but exact dimensions 992 and 1056.",Close both raw Pauli generator sets exactly and recompute matching and path cover by independent dynamic programs.,"Producer and clean-room algorithms give the shared invariants and different dimensions; the difference is explained by colour-class parities (2,4) versus (3,3).",No counterevidence; the candidate invariant is decisively refuted.,refuted_invariant,proofs/nonhamiltonian_bipartite.md;results/algebra_growth/nonhamiltonian_bipartite.json;experiments/e225_matching_grade.py,"Stratify even-n branching graphs by colour-class parity, not matching/path-cover defect."
H576,2026-08-22,[THEOREM][COMPUTATION] Reachable coordinate Clifford grades are Jordan–Wigner-order data and neither their order-specific set nor colour-imbalance magnitude is an intrinsic dimension classifier.,"The physical Pauli algebra is order-independent, while an arbitrary Jordan–Wigner basis can move the same labels among Clifford grades.","For one (3,3)-tree, orders give histograms {2:34,4:256,6:476,8:256,10:34} and {2:66,6:924,10:66}; at fixed n, (2,4)- and (3,3)-trees can both occupy {2,4,6,8,10} yet have dimensions 992 and 1056; K1,5 and a balanced tree both have dimension 1056 despite imbalances 4 and 0.",Audit all n! orders for every non-Hamiltonian representative through n=6 and search exact same-grade-set/different-dimension and different-imbalance/same-dimension pairs.,All 12 non-Hamiltonian representatives were audited over every order and the stored witnesses satisfy each equality exactly.,A fully specified grade histogram sums to the dimension trivially; the refutation concerns occupied-grade sets and order-independent classification claims.,confirmed_limitation,proofs/nonhamiltonian_bipartite.md;results/algebra_growth/nonhamiltonian_bipartite.json;experiments/e225_matching_grade.py,"Treat Q_c, not arbitrary coordinate grade support, as the intrinsic container."
H577,2026-08-22,"[COMPUTATION][UNRESOLVED] The bounded census contains 27 connected bipartite isomorphism classes through n=6, of which 20 are branching and 12 are non-Hamiltonian; every stored passing check is exactly recomputed, but this finite census alone proves no all-size law or three-dimensional Ising solution.","A complete small census is a falsification and regression layer for the external-theorem application, not a replacement for it.",All raw closures are pairwise bracket-closed; all branching closure/Q-root digests agree; all non-Hamiltonian n! order profiles are stored; peak RSS stays below 27 MB.,"Run e224, e225, e226, then the standalone verifier, which uses adjacency-tuple isomorphism signatures, all-pairs closure, independent graph DP, and a direct suffix recurrence for Clifford grades.",All three producers pass; the artifact has top-level meta/data/checks and eight computed passing checks; verifier syntax parses independently.,The standalone verifier was intentionally not run by this front under the assignment contract; the census stops at n=6.,confirmed_finite_scope,experiments/e224_nonhamiltonian_census.py;experiments/e225_matching_grade.py;experiments/e226_nonhamiltonian_theorem.py;results/algebra_growth/nonhamiltonian_bipartite.json;tests/test_nonhamiltonian_bipartite.py,Lead should run the standalone verifier once after all fronts settle; do not promote finite evidence beyond its stated scope.
H578,2026-08-22,[THEOREM][COMPUTATION][EXTERNAL] The exact simple-cubic memory-12 walk automaton has 41424 states and admits a positive integer Collatz vector with 1000000 A w < 4747526 w componentwise; hence the SAW connective constant mu < 4.747526.,A rigorous upper bound on the SAW connective constant transfers directly to a stronger Ising lower endpoint.,The automaton accepts every SAW; strict componentwise residual proves its Perron root below 4747526/1000000 without trusting floating-point eigenvalues.,"Build the Poenitz-Tittmann suffix automaton, propose a Perron vector numerically, integerize it, and replay all 169975 sparse transitions exactly.","The minimum integer residual is 18990104; producer used 44.7 CPU s and 425 MB RSS; k=4,6,8,10 controls match every published ceiled bound.",The automaton correctness theorem is imported from an obtained full source and independently pinned by exact controls; k=14 is not computed.,proved,experiments/e227_finite_memory_saw.py;results/bounds/finite_memory_saw.json;tests/test_finite_memory_saw.py;proofs/kc_lower_finite_memory.md,Use k=14 only after replacing the growing Python suffix cache with a compact state encoding.
H579,2026-08-22,"[THEOREM] The certified simple-cubic Ising critical interval is now [0.2138368062108697304302094293879379891333, 0.2527310098586630030260020266135701299926].",This is the first endpoint movement since wave 14 and directly narrows the primary thermodynamic target.,SAW domination gives K_c >= atanh(1/mu); mu<4747526/1000000 gives K_c>atanh(1000000/4747526).,"Evaluate the exact rational atanh argument at 100 dps, take a directed 60-digit floor, and independently repeat at 120 and 200 dps.",The lower endpoint increases by 0.0016208308838465677034577119600802085313 and reduces interval width by 4.000566 percent; dual-precision values agree below 1e-100.,The infrared upper endpoint is unchanged; no exact K_c value or thermodynamic free energy is claimed.,proved,results/bounds/finite_memory_saw.json;tests/test_finite_memory_saw.py;proofs/kc_lower_finite_memory.md,Next mathematical gain from this route is memory 14; next qualitatively different gain still requires a new upper-endpoint mechanism.
H580,2026-08-22,"[COMPUTATION][EXTERNAL] The independently built memory-k automata at k=4,6,8,10,12 have Perron values 4.8645365123, 4.8074108580, 4.7779698931, 4.7598376153, 4.7475250923 and ceil exactly to Poenitz-Tittmann Table 2 values 4.8646,4.8075,4.7780,4.7599,4.7476.",External agreement pins the automaton semantics without importing the new 4.747526 certificate.,"The k=4 transition matrix has characteristic polynomial x^3-4x^2-4x-1, reciprocal to the paper's displayed d=3 denominator.","Compare state counts, exact k=4 polynomial, and all five computed roots against Sections 2-3 and Table 2 of the archived PDF.",Every control passes and the official full PDF has SHA256 ccd467b28d9d371d12a3e8187dfba8ea35acc0a724e4b490e45c324fdc6d224f.,"Published decimal values are validation witnesses, not the proof of the sharper rational certificate.",confirmed,sources/fulltext/poenitz_tittmann2000_saw_upper.pdf;sources/manifest.yaml;proofs/kc_lower_finite_memory.md,Retain the exact k=4 polynomial as the convention gate for future compact automata.
H581,2026-08-22,"[COMPUTATION] A clean-room finite-memory verifier independently rebuilds all automata through k=12 with DFS closability and separately coded symmetry canonicalization, matches all state and transition digests, direct-enumerates memory walks and SAWs through length 7, and replays the full integer certificate.",The 41424-state producer result must not be accepted from its own narrative or floating proposal.,Fresh structure plus the stored positive weights must reproduce the exact minimum residual and directed atanh floor.,Run tests/test_finite_memory_saw.py from the repository root without importing e227.,All 18 checks pass in 49.0 CPU s; minimum residual 18990104 and the 60-digit endpoint reproduce bit-for-bit.,"The verifier shares the mathematical state definition but not producer code or search order, as unavoidable for checking the same theorem.",confirmed,tests/test_finite_memory_saw.py;results/bounds/finite_memory_saw.json,Keep this verifier in the acceptance suite and require it after any state-encoding optimization.
H582,2026-08-22,"[UNRESOLVED] The memory-14 simple-cubic automaton is the next finite-memory frontier; the external ceiling 4.7387 suggests K_c>0.2142, but no in-repo state graph or integer Collatz certificate is yet built.",A further endpoint gain is likely mechanical but must respect the overloaded host and the 2 GiB front budget.,"Extrapolation from 2722 to 41424 states suggests roughly 620000 states at k=14; this is a preflight, not an observed wall.","Replace tuple states and the unbounded closability cache by compact step codes, then run one memory only with process-time/RSS guards.",No k=14 process was launched; no value from the published table enters the certified interval.,Resource projection is not a mathematical obstruction and the projected count is not a theorem.,unresolved,proofs/kc_lower_finite_memory.md;checkpoints/next_actions.md,Implement a compact deterministic state encoder before attempting k=14.
H583,2026-08-22,[EXTERNAL][THEOREM — SCOPE] Obtaining and auditing Poenitz-Tittmann 2000 does not validate the separate MacDonald-et-al. abstract-only claim mu<4.7114; that stronger number remains excluded from the certified interval.,Two same-year SAW papers report different rigorous bounds and must not be conflated.,Poenitz-Tittmann supplies the fully audited finite-memory 4.7476 route; the proof/certificate behind MacDonald 4.7114 remains unavailable.,Preserve both source-manifest entries with exact access status and hashes where full text exists.,The P-T PDF is archived and hashed; MacDonald remains abstract_only with no local_path or sha256.,No inference is drawn from the word rigorous in an inaccessible abstract.,confirmed_scope,sources/manifest.yaml;proofs/kc_bounds_improved.md;proofs/kc_lower_finite_memory.md,Use 4.7114 only if its primary proof and numerical certificate become auditable.
"H584","2026-08-23","[THEOREM] For every physical t in I=[999999997/3000000000,1000000003/3000000000]=[1/3-10^-9,1/3+10^-9], the positive reciprocal spectrum of each open 2x2 and open 2x3 bipartite Ising layer is not a full n-mode subset-product spectrum.","Determinant-centred log slots of a full subset-product spectrum form a Rademacher sum, so the squared mode log-energies must form a finite Stieltjes moment sequence.","Every candidate must satisfy p1*p3-p2^2>=0, while exact uniform dyadic enclosures give 2x2 in [-0.06469247890703354,-0.06338493944082486] and 2x3 in [-0.21674380000430868,-0.11019377850467191].","Rebuild the rational physical matrices at t=1/3, certify positive eigenvalue intervals and dyadic logarithms, then propagate the exact entrywise perturbation bound over all t in I and test the Hankel sign.","The artifact records 17/17 established checks; both exact upper numerators are strictly negative; the lead ran tests/test_bipartite_log_moments.py and observed PASS.","P4 and P6 are strict non-violation controls only; no 2x4, every-coupling, or all-size bipartite theorem follows.","proved_finite_interval","experiments/e228_bipartite_log_moments.py;results/spectral/bipartite_log_moments.json;proofs/bipartite_log_moments.md;tests/test_bipartite_log_moments.py","Seek a parameter-dependent or all-size bipartite obstruction; do not extrapolate beyond the certified interval I."
"H585","2026-08-23","[THEOREM] At t=1/3 the physical open 2x3 Ising layer is not a full six-mode subset-product spectrum by the first seven power traces; trace seven is the first decisive row of the named consecutive low-trace elimination.","Full six-mode subset products force normalized traces to satisfy Lucas/resultant equations encoded by one monic sextic mode polynomial.","After traces one through three eliminate coefficients, the trace-four, trace-five, and trace-six ideals remain proper with Groebner-basis sizes 1,3,6; adding trace seven gives the unit ideal {1}.","Independently rebuild the exact rational 64x64 representative and traces one through seven, compute cyclotomic norms as multiplication determinants, and replay the prefix ideals with lexicographic elimination.","The artifact records 5/5 passing checks; a synthetic rational six-mode spectrum satisfies all residuals and the open P6 chain remains proper through trace seven; the lead ran tests/test_trace_resultant.py and observed PASS.","This decides one finite graph at one exact coupling only; a proper finite trace ideal is consistency, not sufficiency, and no every-coupling or all-size theorem follows.","proved_finite","experiments/e232_trace_resultant.py;results/spectral/trace_resultant.json;proofs/trace_resultant.md;tests/test_trace_resultant.py","Control the physical-curve parameter dependence of the four-polynomial ideal, for example by an explicit parameter resultant with a no-positive-root certificate."
"H586","2026-08-23","[THEOREM][COMPUTATION][UNRESOLVED] For every L=3..8 and every particle sector, the balanced/minimally-unbalanced two-slice restriction Delta in {0,2} is injective on U_L; the rung bonding/antibonding truncation retaining at most two a-factors first fails at (L,m)=(4,2), with kernel Q*a0*a1*a2*a3 and rank 19 instead of 20.","A direct observability mechanism is needed for the conjectured W_L ranks, while the cheapest rungwise truncation must be closed by its first exact kernel rather than another fitted sequence.","All 39 finite sectors reproduce the certified exact U_L ranks, including 20 at (4,2) and 2484 at (8,4); the omitted-slice annihilator rank reaches its coordinate ceiling everywhere, while the first bonding-truncation kernel is one-dimensional.","Pin and recheck the exact-Q annihilator source, rebuild orbit restriction matrices and two-prime ranks against exact ceilings, then transform every local source and pair the first omitted aaaa word with the complete W4 sector basis.","The artifact records 16/16 passing checks; exact ceiling sandwiches certify the two-slice ranks and the stored 16-term kernel witness lies in U4; the lead verifier tests/test_wlaw_rank_mechanism.py reported 21 checks, 0 failures, PASS.","No all-L two-slice exact-sequence lemma, W_L rank law, L>=9 rank, L=10 falsification, or K_c statement is claimed.","proved_scoped","experiments/e230_wlaw_rank_mechanism.py;results/algebra_growth/wlaw_rank_mechanism.json;proofs/wlaw_rank_mechanism.md;tests/test_wlaw_rank_mechanism.py","Prove the two-slice exact-sequence lemma for all L or find a finite counterexample beyond L=8; do not reuse the refuted at-most-two-a truncation."
"H587","2026-08-23","[THEOREM][METHOD LIMITATION] PS4-convolution-block-Gram-L1 is strictly stronger than MR4-power-simplex-L1, but it has zero uniform Green zero-mode floor and therefore does not move the certified upper endpoint K_c<=I3/2.","Phase-sensitive Fourier convolution identities were the principal missing fourth-moment rows after the MR4 projection theorem, so they require both a strict separator and an exact limitation witness.","At L=4 and K=6/25 an exact point passes every MR4 row but violates one directed convolution polygon; nevertheless for every 0<K<=I3/2 the exact Green profile lifts to PS4 for every even L>=266 with 0<p0<=5168/(525L), excluding any L-uniform positive floor.","Rebuild the directed convolution blocks and exact L=4,6 controls, verify the strict rational separator, and prove the all-size noncentral and central polygon inequalities for the Green lift.","The artifact records 29/29 passing checks; exact finite controls and the all-size inequalities leave improved_endpoint=false and incumbent=I3/2; the lead ran tests/test_upper_phase_sensitive.py and observed PASS.","No exact finite zero magnetisation, physical pseudo-measure realization, full cross-channel fourth-moment consistency, higher localizer, DLR, or sourced/multi-edge current theorem is claimed.","proved_method_limitation","experiments/e231_phase_sensitive_upper.py;results/bounds/upper_phase_sensitive.json;proofs/upper_phase_sensitive.md;tests/test_upper_phase_sensitive.py","Seek full cross-channel fourth moments, higher localizers, DLR equations, or sourced/multi-edge current constraints that exclude the Green lift."
"H590","2026-08-23","[THEOREM][COMPUTATION] For each even memory k=4,6,8,10,12, the packed first-use finite-walk automaton is content-identical to the ordered e227 automaton.","Replacing tuple-coordinate suffix states by a deterministic packed first-use normal form is useful only if it preserves the already certified automaton exactly.","For every listed k, both the ordered state digest and ordered transition-table digest equal the e227 controls, not merely their dimensions.","Construct each packed automaton, map its reachable states into the e227 coordinate convention, and compare the complete ordered state and transition content.","All five state and transition crosswalks match the e227 content exactly.","Memory 14 was explicitly not launched, so this theorem has no k=14 spectral, Collatz, or endpoint content.","proved_compact_crosswalk","experiments/e229_finite_memory_saw14.py;results/bounds/finite_memory_saw14.json;proofs/kc_lower_memory14.md;tests/test_finite_memory_saw14.py","Use the compact crosswalk as a regression gate and mechanical foundation only; keep any actual k=14 launch separate."
"H591","2026-08-23","[COMPUTATION] The exact compact automaton state/transition counts at k=4,6,8,10,12 are respectively 3/7, 20/69, 205/805, 2722/11074, and 41424/169975.","The complete finite census pins the packed implementation to the established e227 transition semantics at every available memory.","The five ordered pairs are state count / distinct transition count and must agree with the legacy automata together with their content digests.","Rebuild every reachable compact state and sparse transition row, then compare counts and ordered digests with the e227 artifact.","Producer, legacy control, and independent rebuild agree on every displayed pair.","The census ends at k=12 and supplies no observed k=14 state or transition count.","confirmed_exact_counts","experiments/e229_finite_memory_saw14.py;results/bounds/finite_memory_saw14.json;proofs/kc_lower_memory14.md;tests/test_finite_memory_saw14.py","Retain all five count pairs as controls for a separately authorized memory-14 launch."
"H592","2026-08-23","[COMPUTATION][RESOURCE] The complete k<=12 compact crosswalk passes all 33 producer checks with a bounded closability cache, roughly 5 process CPU seconds, and 179,814,400 bytes peak RSS.","The compact route was required to remove tuple-state overhead and the unbounded closability cache before any larger-memory attempt under the 2 GiB gate.","The cache remains within its 262144-entry bound, the producer completes 33/33 checks, and the measured peak stays below 2,000,000,000 bytes.","Crosswalk all five memories while recording process time, peak RSS, cache residency, and every exact producer invariant.","The largest resident cache has 169981 entries; the producer reports 33/33 passing checks, about 5 process CPU seconds, and 179,814,400 peak RSS bytes.","These k<=12 measurements are not a k=14 cost measurement and do not authorize or certify that launch.","confirmed_resource_bound","experiments/e229_finite_memory_saw14.py;results/bounds/finite_memory_saw14.json;proofs/kc_lower_memory14.md","Re-budget an actual k=14 run independently and preserve the process-time, RSS, and bounded-cache gates."
"H593","2026-08-23","[VERIFICATION][SCOPE] A clean-room verifier independently confirms the compact k<=12 crosswalk while requiring memory 14 to remain not launched with no endpoint claim.","A packed-state producer must be checked by a separate implementation so shared canonicalization or closability errors cannot validate themselves.","A distinct first-use canonicalization, raw 48-way symmetry controls, and independently coded closability search reproduce the ordered e227 state and transition content for k=4,6,8,10,12; the durable k=14 row is not_launched with endpoint null.","Run tests/test_finite_memory_saw14.py from the repository root without importing the producer.","The lead observed PASS from the independent verifier; its canonicalization and closability paths are separate from e229.","The verifier constructs no memory-14 automaton, spectral radius, Collatz vector, artifact content, or critical endpoint.","verified_independently","tests/test_finite_memory_saw14.py;results/bounds/finite_memory_saw14.json;proofs/kc_lower_memory14.md","Keep the verifier scoped to the crosswalk until a separately produced k=14 certificate exists."
"H594","2026-08-23","[UNRESOLVED][ROUTE BOUNDARY] The compact k<=12 crosswalk is only the mechanical foundation for a future memory-14 endpoint attempt.","Removing tuple-coordinate states and the unbounded cache discharges implementation blocks but is not a connective-constant certificate.","Any future endpoint change must construct A_14, verify its transition mass, produce and replay an integer Collatz rotation componentwise, and map the certified rational bound through atanh with directed rounding.","Require all four mathematical gates plus an independent verifier before changing the certified interval.","The packed first-use representation and bounded cache now pass exact controls through k=12.","No A_14, positive vector, componentwise integer inequality, directed endpoint, or k=14 launch exists in this deliverable.","unresolved","proofs/kc_lower_memory14.md;results/bounds/finite_memory_saw14.json","Launch memory 14 only under a fresh resource budget, then certify every listed gate before proposing an endpoint."
"H595","2026-08-23","[CORRECTION][SCOPE][ALLOCATION] Prior bookkeeping that called e229 and H590-H595 a pending memory-14 repair is superseded: they now record the landed compact k<=12 crosswalk, not a k=14 endpoint result.","Append-only correction is required so the verifier outcome and allocation state are current without rewriting earlier ledger rows.","H588-H589 remain unallocated; H590-H595 and e229 are used; the next free ledger ID is H596 and the next free experiment is e233; the certified critical interval is unchanged.","Reconcile all six shared bookkeeping files against the artifact's not_launched k=14 row and endpoint null, then validate ledger width and JSON syntax.","The compact producer passed 33/33 and its independent verifier passed, while memory 14 remained explicitly unlaunched.","Every earlier statement that the compact repair or verifier was still pending is stale; none may be read as evidence for a k=14 artifact or endpoint.","corrected_scope","experiments/e229_finite_memory_saw14.py;results/bounds/finite_memory_saw14.json;proofs/kc_lower_memory14.md;tests/test_finite_memory_saw14.py","Allocate the next ledger row at H596 and the next experiment at e233; do not allocate H588-H589 or move either critical endpoint from this crosswalk."
H596,2026-08-23,"[THEOREM] Eliminating a uniform degree-six Ising star has the exact octahedral log-weight c0+c2 sum_|A|=2 sigma_A+c4 sum_|A|=4 sigma_A+c6 prod_i sigma_i, with c2>0, c4<0, and c6>0 for every real K!=0.","A local transformation should expose both a positive exact reformulation and the irreducible interactions that any closed decimation class must retain.","The scaled log-cosh exponent vectors are c2=(-1,2,1), c4=(-1,-2,1), c6=(15,-6,1) at arguments 2K,4K,6K; exp(32c6)=x^8(4x-3)/(2x-1)^6 for x=cosh(2K)^2.","Enumerate all 64 Walsh characters, derive the orbit exponent vectors, and factor the exact sign polynomials after x=1+y.","The c6 numerator is (x-1)^3 Q(x), with Q(1+y)=8+54y+144y^2+188y^3+120y^4+33y^5+4y^6; the c4 gap is 4(x-1)^2 and both c2 factors exceed one.","No anisotropic-star or hidden-variable classification is claimed.","confirmed","experiments/e234_star_decimation.py;results/integrability/star_decimation.json;tests/test_star_decimation.py","Use the octahedral model as a new positive representation; do not collapse its c4 or c6 sectors."
H597,2026-08-23,"[THEOREM] For every real K!=0, the degree-six star boundary weight cannot equal any visible-spin exponential with arbitrary constant, one-spin fields, and pairwise couplings.","The unique Walsh logarithm of a pairwise weight has degree at most two, while the exact star logarithm has c6>0.","The six-spin character is orthogonal to every constant, field, and pair character on all 64 states, but its star coefficient is strictly positive.","Compute all Walsh inner products exactly and combine them with the independent c6 polynomial certificate.","Every degree-at-most-two inner product is zero; the independent verifier reconstructs the orthogonality and nonzero coefficient.","Representations with hidden auxiliary spins, unrestricted tensor bond dimension, or nonlocal variables remain open.","confirmed","experiments/e234_star_decimation.py;results/integrability/star_decimation.json;tests/test_star_decimation.py","Target transformations that retain genuine four- and six-spin octahedral data."
H598,2026-08-23,"[THEOREM] Exact checkerboard elimination on the infinite simple-cubic lattice, and on open boxes containing a full-degree eliminated site, is not closed within visible-spin pairwise Hamiltonians.","Eliminated checkerboard spins have no mutual edges, so the conditional sum factorizes into octahedral star weights and their logarithms add.","Each full star contributes its unique positive c6 to its six-neighbour support; equal full supports imply equal centers because sum_(u in N(v))u=6v, while boundary factors have arity at most five.","Audit both checkerboard parities on open sides 4 and 5, verify support incidence and the barycenter identity, and exclude lower-arity contributions.","All full supports are unique; boundary arity is at most five; the offset sum is exactly zero; finite audits and the all-size barycenter proof agree.","This is a local-renormalization non-closure theorem, not a nonintegrability theorem or a solution.","confirmed","experiments/e234_star_decimation.py;results/integrability/star_decimation.json;tests/test_star_decimation.py","Explore whether the exact octahedral interaction class admits a useful dual or controlled resummation."
H599,2026-08-23,"[VERIFICATION] The star-decimation producer passes 14/14 exact checks and an import-independent verifier passes every Walsh, sign, orthogonality, incidence, and scope check.","The new all-coupling local theorem must not rest on stored prose or floating evaluations.","An independent implementation must reconstruct all octahedral exponent vectors, sign factors, pairwise orthogonality, and checkerboard support incidence.","Run tests/test_star_decimation.py from the repository root after regenerating the artifact.","The lead observed PASS; the verifier uses no producer imports and no floating-point arithmetic.","No test proves hidden-auxiliary impossibility or a thermodynamic solution.","confirmed","tests/test_star_decimation.py;results/integrability/star_decimation.json","Keep as the regression gate for the exact decimation theorem."
H600,2026-08-23,"[THEOREM] For R_G(t)=P_t D_G(t) P_t, the ordered spectral t-valuations at t->0, up to one common shift, are exactly the cut sizes of G with multiplicity.","The low-temperature corner turns the complete spectral problem into a graph cut-distribution invariant.","P_t has Walsh eigenvalues (1+t)^(n-k)(1-t)^k, and same-index congruence bounds squeeze each eigenvalue of R between (1-t)^(2n) and (1+t)^(2n) times the corresponding ordered D entry.","Rebuild even- and odd-edge exact controls, verify e_sigma=floor(m/2)-cut statewise, and certify the ordered bounds by exact root counts with multiplicity.","Independent path and triangle controls satisfy every exact lower and upper bound; q=(1+t^2)/(2t)=exp(2K) fixes t->0 as K->infinity.","Only the endpoint valuation is identified; no explicit coupling threshold is produced.","confirmed","experiments/e235_tropical_cut_obstruction.py;results/spectral/tropical_cut_obstruction.json;tests/test_tropical_cut_obstruction.py","Reuse the valuation bridge for other exact endpoint invariants."
H601,2026-08-23,"[THEOREM] The shifted cut multiset of a finite simple graph is a nonnegative-integer Boolean subset-sum multiset on n weights if and only if the graph is a forest.","A full n-mode subset-product spectrum forces its eigenvalue valuations to be an affine Boolean cube.","Zero-cut multiplicity gives one zero weight per component; cut mean m/2 and variance m/4 give sum a_i=sum a_i^2=m, forcing every positive weight to be one and m=n-components.","Use pairwise independence of distinct simple-edge cut indicators, forest cut-map rank, a doubled-edge boundary control, and an exhaustive n<=6 census.","All 33867 simple graphs through six vertices have zero moment/factorization mismatches; forests give 2^components(1+z)^m and the doubled edge gives the exact non-simple counterexample 2(1+z^2).","Passing the valuation criterion does not prove a forest transfer spectrum Gaussian; parallel-edge multigraphs are excluded.","confirmed","experiments/e235_tropical_cut_obstruction.py;results/spectral/tropical_cut_obstruction.json;tests/test_tropical_cut_obstruction.py","Preserve simplicity and full-spectrum scope in every corollary."
H602,2026-08-23,"[THEOREM] For every finite simple graph G containing a cycle, there exists delta_G>0 such that every physical 0<t<delta_G, equivalently every sufficiently large isotropic K, has no one-full-n-mode subset-product layer spectrum.","If Gaussian points accumulated at the low-temperature corner, a fixed occurrence-bijection subsequence would turn the cut valuation multiset into a Boolean subset sum, contradicting H601.","Mode orientations, labels, and repeated eigenvalue occurrences can be fixed on a subsequence; exact slot ratios make all mode valuations integer differences without requiring analytic mode functions.","Combine the ordered valuation bridge, fixed-slot limit identities, and the forest moment obstruction; use C4 and open 2x3 as cyclic controls.","The proof excludes any sequence of Gaussian points approaching zero, which is exactly an existential punctured interval; C4 fails the global cube but remains compatible with sector-wise integrability.","delta_G is not explicit or graph-uniform; parity sectors, larger auxiliaries, criticality, and every-coupling failure remain open.","confirmed","experiments/e235_tropical_cut_obstruction.py;results/spectral/tropical_cut_obstruction.json;tests/test_tropical_cut_obstruction.py","Seek effective parameter resultants only where an explicit interval or empty exceptional set is needed."
H603,2026-08-23,"[VERIFICATION] The tropical-cut producer passes 9/9 checks and an independent verifier passes exact graph, transfer, ordered-minmax, valuation-cube, multigraph-boundary, and scope checks.","The all-size endpoint theorem needs executable evidence for the transfer-to-cut bridge, not only a finite graph census.","Independent odd- and even-edge matrices must reproduce the parity shift and every ordered bound; C4, a forest, and a doubled edge must realize the declared boundaries.","Run tests/test_tropical_cut_obstruction.py without importing e235.","The lead observed PASS; exact characteristic root counts retain multiplicity and all graph counts through n=5 independently agree.","The fixed-occurrence subsequence is a proof lemma, not a finite exhaustive test.","confirmed","tests/test_tropical_cut_obstruction.py;results/spectral/tropical_cut_obstruction.json","Keep as the endpoint theorem regression gate."
H604,2026-08-23,"[THEOREM] At the physical high-temperature corner t->1, the first graph-sensitive splitting of Walsh weight k is one quarter of the unsigned hard-core k-token adjacency spectrum.","The leading transfer spectrum is a universal binomial valuation cube, so the first non-scalar band correction is the earliest place graph geometry can obstruct Gaussianity.","With s=1-t and q-1=s^2/(2(1-s)), D=I+s^2 e/2+O(s^3); the edge Fourier coefficient is 1/2, giving A(F_k(G))/4 after Perron normalization.","Rebuild the Hamming bands, graph-energy Fourier transform, same-band coefficient, all-band valuation ledger, and lower/upper Schur orders.","The formal ledger gives ord B_(k,l)>=2 max(k,l), complete lower Schur relative order four, upper order eight, and exact token controls.","This uses the repository half-dual t parameter, not t=exp(-2K); confusing them changes the perturbation order.","confirmed","experiments/e236_token_splitting_obstruction.py;results/spectral/token_splitting_obstruction.json;tests/test_token_splitting_obstruction.py","Use the additive-compound comparison, never the multiplicative exterior power."
H605,2026-08-23,"[THEOREM] For a finite connected simple graph, the exterior signing of its two-token graph is balanced if and only if the graph is a path.","A full Gaussian band requires hard-core token corrections to equal additive fermionic compounds; both live on the same signed/unsigned token graph.","A path preserves particle order; any cycle gives an exchange loop; any degree-at-least-three vertex gives the explicit six-step claw exchange; a negative closed walk makes the unsigned-minus-signed trace strictly positive.","Construct the signed additive compound exactly, exhibit cycle and claw loops, and census every connected simple graph through six vertices.","All 27476 connected labelled graphs through n=6 have zero path/balance mismatches; C4 first differs at trace four by 64 and the claw at trace six by 24.","Weighted or parallel token moves and sector-twisted one-particle spectra are outside the statement.","confirmed","experiments/e236_token_splitting_obstruction.py;results/spectral/token_splitting_obstruction.json;tests/test_token_splitting_obstruction.py","Use particle-exchange topology as an extensible spectral invariant."
H606,2026-08-23,"[THEOREM] For every finite connected simple nonpath graph G, there exists epsilon_G>0 such that every physical 1-epsilon_G<t<1, equivalently every sufficiently small positive isotropic K, has no one-full-n-mode subset-product layer spectrum.","Universal band valuations force all oriented mode ratios to order s^2; first corrections would make token spectra the additive k-subset sums of the actual one-particle band, contradicting H605 at k=2.","Mean and variance force every mode valuation to two; fixed occurrence slots make the scaled first corrections additive; spec A(F_2(G)) differs from the additive compound whenever particles can exchange.","Combine the formal band certificate with exact signed/unsigned closed-walk traces and the path/balance theorem.","Path controls pass; C4 is pinned to actual band-one eigenvalues {2,0,0,-2}, whose pair sums differ from its token spectrum despite a separate twisted-sector coincidence.","epsilon_G is existential; parity-sector unions, larger Gaussian restrictions, all couplings, and critical behavior remain open.","confirmed","experiments/e236_token_splitting_obstruction.py;results/spectral/token_splitting_obstruction.json;tests/test_token_splitting_obstruction.py","Combine with constructibility to classify generic full-spectrum Gaussianity."
H607,2026-08-23,"[THEOREM][EXTERNAL] For every finite connected simple nonpath graph, the physical couplings admitting one full n-mode subset-product spectrum form a finite set.","The coefficient-matching condition is an existential algebraic family in t, while H606 supplies an open physical interval with no fibre.","After localizing away from a common denominator, Chevalley's theorem makes the parameter projection constructible; an infinite constructible subset of A1 is cofinite, but every complex solution over a physical SPD fibre is automatically positive real and H606 excludes an interval.","Archive and hash Stacks Project Theorem 29.23.3, formulate the saturated coefficient family, and verify the positive-root implication from the empty and singleton products.","The official theorem page is archived with SHA256 cd262f58542d25515f167f1ae7f35617659fbda39dba3decb453931288c04740; independent audit confirms the localization, projection, and positivity steps.","The finite exceptional set is not located, bounded in degree, or proved empty; paths are only not excluded, not proved here.","confirmed","experiments/e236_token_splitting_obstruction.py;results/spectral/token_splitting_obstruction.json;sources/stacks_chevalley_054K.html;tests/test_token_splitting_obstruction.py","Use exact parameter elimination to attack emptiness for named small grids."
H608,2026-08-23,"[VERIFICATION] The token-splitting producer passes 7/7 checks and an independent verifier passes every finite token, Walsh-band, formal block, C4 additive-compound, valuation, source-hash, generic-finiteness, and scope check.","The new high-temperature and generic theorems require independent coverage of perturbation constants and the actual one-particle band.","The verifier must reconstruct the 1/4 coefficient, full block-order ledger, C4 characteristic polynomials, Boolean first-correction additivity, and Chevalley source hash.","Run tests/test_token_splitting_obstruction.py without importing e236.","The lead observed PASS; the exact C4 polynomials are lambda^4(lambda^2-8) versus lambda^2(lambda^2-4)^2, and all 772 connected graphs through n=5 reproduce path iff balance.","All-size Schur and constructibility steps remain mathematical lemmas rather than finite exhaustions.","confirmed","tests/test_token_splitting_obstruction.py;results/spectral/token_splitting_obstruction.json","Keep as the regression gate for endpoint and generic spectral theorems."
H609,2026-08-23,"[CORRECTION][VERIFICATION] The compact finite-memory SAW verifier now asserts both ordered state and transition digests inside the pass predicate, rather than printing digest agreement only in detail text.","Exact-content crosswalk claims require the digest comparisons to fail the test, not merely appear in diagnostic prose.","For every k=4,6,8,10,12, count, mass, state SHA256, and transition SHA256 comparisons are conjuncts of the asserted condition.","Run tests/test_finite_memory_saw14.py after the surgical predicate repair.","The lead observed PASS with state=yes and rows=yes for every memory and a 7.174 process-CPU-second run.","No memory-14 automaton or endpoint claim is added.","confirmed","tests/test_finite_memory_saw14.py;results/bounds/finite_memory_saw14.json","Preserve the digest predicates in future compact-state refactors."
H610,2026-08-23,"[COMPUTATION][EXACT-Q] The two-slice restriction Delta in {0,2} is injective on every cyclic U_L particle sector for L=3,...,9.","Wave 21 established L<=8; the first exact row beyond that range tests whether the proposed exact-sequence mechanism survives without fitting another dimension sequence.","Every omitted-coordinate map must have rational rank equal to its coordinate ceiling, with an explicit integral full-column minor.","Replay exact annihilator sources, peel triangular leaf rows, and close every residual core by a nonzero integer determinant.","All 49 sectors meet their rational ceilings; modular ranks at two primes agree only as controls after the integral minors prove equality.","This is finite exact evidence, not the all-L two-slice lemma or W_L rank law.","confirmed_exact_computation","experiments/e237_wlaw_exact_sequence.py;results/algebra_growth/wlaw_exact_sequence.json;tests/test_wlaw_exact_sequence.py;proofs/wlaw_rank_mechanism.md","Seek a structural block-core theorem before L>=10 rather than another raw closure."
H611,2026-08-23,"[COMPUTATION][EXACT-Q] At L=9 the omitted two-slice ranks by m are 0,0,66,614,1689,1689,614,66,0,0 and the retained U_9 ranks are 1,45,666,3570,8001,8001,3570,666,45,1.","The balanced sectors m=4,5 are the largest first-beyond-L8 test and require more than singleton leaf pivots.","Each balanced map has 1556 integral leaf pivots and a 133x133 residual core with nonzero determinant -2^288*3^5.","Build the exact residual cores in opposite leaf orders and evaluate their determinants independently over Fractions.","Producer and clean-room verifier obtain identical cores and determinants; particle-hole mirror sectors agree exactly.","No annihilator source or rank is claimed at L>=10.","confirmed_exact_computation","results/algebra_growth/wlaw_exact_sequence.json;tests/test_wlaw_exact_sequence.py","Use the 133-column core structure as the finite model for a general block theorem."
H612,2026-08-23,"[THEOREM][METHOD LIMITATION] Uncombined-source singleton peeling cannot prove the all-L two-slice lemma: it leaves an order-independent 17-column core at (8,4) and 133-column cores at (9,4),(9,5), with every surviving row degree at least two.","A tempting triangular proof would require one raw singleton pivot for every omitted coordinate.","The exact residual core is invariant under opposite leaf orders, so no reordering of the same raw rows removes it.","Peel in largest-row and smallest-row conventions and compare the remaining columns, active row degrees, and exact core determinant.","Both orders leave the same cores; coupled determinants are essential even on the certified finite range.","Row combinations, Koszul/incidence structure, or a block theorem can still prove the all-L lemma.","confirmed_method_limit","experiments/e237_wlaw_exact_sequence.py;results/algebra_growth/wlaw_exact_sequence.json;proofs/wlaw_rank_mechanism.md","Do not retry a raw singleton-pivot induction; target structural row combinations or block cores."
H613,2026-08-23,"[VERIFICATION] The W-law exact-sequence producer passes 13/13 checks and the lead-observed clean-room verifier passes 11/11 with opposite leaf order, Fraction determinants, opposite modular pivots, and exact two-sided sector ranks.","Finite rank claims must be independent of source-row order and modular-only evidence.","The verifier must reconstruct all 49 sectors and both 133x133 determinants without importing e237.","Run tests/test_wlaw_exact_sequence.py from the repository root.","The lead observed 11/11 PASS in 0.732 process CPU seconds and 87,244,800 bytes peak RSS.","The verifier certifies L<=9 only and performs no L>=10 closure.","confirmed","tests/test_wlaw_exact_sequence.py;results/algebra_growth/wlaw_exact_sequence.json","Keep as the finite two-slice regression gate; next free ledger ID is H614."
H614,2026-08-23,"[THEOREM] The six-neighbour local field has the exact odd-symmetric expansion tanh(K sum_i sigma_i)=c1(v)e1+c3(v)e3+c5(v)e5, v=tanh K, with the stored rational functions c1,c3,c5.","A complete local master identity may reorganize 3D correlations without introducing a relaxation or benchmark fit.","The positive local-field orbits 2,4,6 give the integer matrix [[2,-4,2],[4,0,-4],[6,20,6]] of determinant 512, uniquely fixing the three coefficients; oddness covers negative fields and zero.","Invert the orbit matrix over Q, reduce tanh(2K),tanh(4K),tanh(6K) to Q(v), and check all 64 neighbour assignments.","All 64 rational-function residuals vanish; a c5 mutation leaves nonzero residuals on every positive orbit.","This is a local identity, not an infinite-volume closure or criticality result.","confirmed","experiments/e240_callen_identity_system.py;results/correlations/callen_identity_system.json;tests/test_callen_identity_system.py","Use the exact coefficient functions only inside correctly scoped Callen systems."
H615,2026-08-23,"[THEOREM] For every finite zero-field Ising graph on n vertices, the complete Callen system over all monomials O independent of x has rank 2^n-1 over Q(v), and its nullspace is exactly the Gibbs moment vector up to normalization.","All monomials off x form a basis of conditional observables, so the master identities should determine every finite Gibbs weight ratio rather than merely supply some equations.","Pointwise conditionals give p(+1,eta)/p(-1,eta)=exp(2K h_x(eta)); the configuration hypercube is connected, these ratios are consistent by the Gibbs weights, and the Walsh moment transform is invertible.","Derive the conditional ratio from (1+tanh)/(1-tanh), verify Walsh orthogonality, and use exact finite graphs as controls.","The independent verifier proves the rational edge-ratio identity for fields 0..6 and exact Walsh invertibility; finite chain, square, and cube ranks meet 2^n-1.","The system uses exponentially many correlators and does not solve or compress the thermodynamic limit.","confirmed","experiments/e240_callen_identity_system.py;results/correlations/callen_identity_system.json;tests/test_callen_identity_system.py","Search for a provably closed subbasis; the complete system itself is already saturated."
H616,2026-08-23,"[COMPUTATION][METHOD LIMITATION] Complete Callen correlator systems on the open three-site chain, open 2x2 square, and open 2x2x2 cube have exact generic rank/nullity 7/1, 15/1, and 255/1, respectively.","A low-dimensional deficiency could have supplied a new finite-to-infinite compression mechanism.","All rows are exact in Q(v); three good rational specializations give modular lower bounds that meet the analytic one-dimensional Gibbs nullspace ceiling.","Rebuild every raw spin-sum row and modular pivot at independent rational specializations.","Rows 12/12, 32/32, and 1024/1024 vanish identically; mutated coefficients fail on 6,16,512 rows; every exact rank reaches 2^n-1.","Only the declared finite graphs are computed; the all-graph rank follows separately from H615, while no subexponential subsystem is classified.","confirmed_exact_computation","results/correlations/callen_identity_system.json;tests/test_callen_identity_system.py","Do not mistake completeness for tractability; target structured subbases or translation quotients."
H617,2026-08-23,"[VERIFICATION] The Callen producer passes 14/14 checks and the lead-observed independent verifier passes every coefficient, all-spin, raw-row, negative-control, modular-rank, conditional-ratio, Walsh, theorem-tag, and scope check.","A positive exact reconstruction route needs independent algebra and must separate theorem from finite computation.","The verifier must re-interpolate c1,c3,c5, rebuild all 1068 finite graph rows from raw spin sums, and derive the Gibbs ratio theorem without importing e240.","Run tests/test_callen_identity_system.py from the repository root.","The lead observed PASS in 0.430 process CPU seconds; producer CPU was 0.636 seconds and peak RSS 24,723,456 bytes.","No infinite-volume, endpoint, or criticality conclusion is verified.","confirmed","tests/test_callen_identity_system.py;results/correlations/callen_identity_system.json","Keep as the exact local/reconstruction regression gate; next free ledger ID is H618."
H618,2026-08-23,"[LEMMA] Uniform averaging of phase-free Hashimoto determinants over graph-H1 flat Z2 twists projects the determinant circuit expansion onto total mod-2 edge class zero.","A sum over flat holonomies is a genuinely different possible replacement for one fixed Kac-Ward determinant.","Each circuit collection carries an H1 character; the average over all dual characters is one on class zero and zero otherwise.","Fix a spanning-tree gauge, enumerate all chord signs, and verify gauge-invariant determinant multisets with an independent tree.","The exact character identity holds on every finite connected graph and all 32 open-cube classes agree across two gauges.","The lemma alone is a projection identity, not an Ising determinant representation.","confirmed","experiments/e239_twist_hashimoto.py;results/kac_ward/twist_hashimoto.json;tests/test_twist_hashimoto.py;proofs/kac_ward_3d_obstruction.md","Combine only with correctly scoped local phase data."
H619,2026-08-23,"[THEOREM] For every finite connected simple cyclic graph, the uniform phase-free average over all graph-H1 twists differs from P_G(v)^2 first at degree girth(G): the average coefficient is zero and the target is twice the number of shortest cycles.","Shortest closed nonbacktracking walks are simple girth cycles with nonzero graph-one-complex homology, so the character average may delete the very first Ising polygons.","At g=girth(G), no two-circuit determinant collection exists below 2g; every primitive g-cycle is killed, while the smallest even edge sets are the c_g simple cycles and [v^g]P^2=2c_g.","Prove the girth coefficient statement and independently check triangle, C4, and the cube; use a path as the acyclic control.","The triangle gives 0 versus 2 at v^3, C4 gives 0 versus 2 at v^4, and the cube gives 0 versus 12 at v^4; forests have nilpotent Hashimoto matrix and P=1.","Fixed twists, nonuniform sums, surface spin structures with 2-cells, and other turning-phase rules remain open.","confirmed","experiments/e239_twist_hashimoto.py;results/kac_ward/twist_hashimoto.json;tests/test_twist_hashimoto.py;proofs/kac_ward_3d_obstruction.md","Do not retry a uniform average over every graph-H1 character as the missing 3D formula."
H620,2026-08-23,"[COMPUTATION] On the open 2x2x2 cube, all 32 flat-twist phase-free Hashimoto determinants average to 1+6v^8+16v^12-48v^14-87v^16-48v^18+672v^20-768v^22+256v^24, not P(v)^2.","The smallest 3D cyclic graph gives a complete finite disposition and identifies surviving circuit topology.","The cube has b1=5; exact even-subgraph P=1+6v^4+16v^6+9v^8; all twist determinants must be computed in a complete gauge.","Rebuild all 32 determinants by Bass-Ihara and independently by 24x24 traces/Newton in a different spanning tree.","Both methods give six distinct determinant polynomials with multiplicities 1,1,3,3,12,12 and identical content digests; the first mismatch is 0 versus 12 at v^4.","This finite polynomial does not provide a thermodynamic bound or representation.","confirmed_exact_computation","results/kac_ward/twist_hashimoto.json;tests/test_twist_hashimoto.py","Use the circuit classification, not larger twist enumerations."
H621,2026-08-23,"[COMPUTATION][METHOD LIMITATION] Giving every square face negative holonomy or using the tested frame-dependent coordinate turning phase cannot repair the cube determinant: the fixed twist first fails at v^6 with -16 versus 32, and the coordinate ansatz with 0 versus 32.","Local face signs might survive the failure of uniform twist averaging.","The unique all-face-negative gauge class and a separate zeta8 coordinate phase rule must reproduce the target beyond v^4.","Compute both exact determinant prefixes through v^8 with independently scoped phase definitions.","Both match v^4 and fail exactly at v^6; the coordinate rule also breaks cubic symmetry by selecting a frame and diagonal.","Only these two finite ansatzes are closed; no universal phase rule is excluded.","confirmed_method_limit","experiments/e239_twist_hashimoto.py;results/kac_ward/twist_hashimoto.json;proofs/kac_ward_3d_obstruction.md","A viable determinant formula needs richer local/topological data than fixed face holonomy."
H622,2026-08-23,"[VERIFICATION] The twist-Hashimoto producer passes 13/13 exact checks and the lead-observed independent verifier passes path/C4/triangle, alternate-gauge, all-determinant, circuit, phase-ansatz, digest, and scope checks.","The twist family must be checked by a different gauge and a different determinant algorithm.","The verifier must reconstruct the 24x24 traces/Newton polynomials rather than import the Bass-Ihara producer.","Run tests/test_twist_hashimoto.py from the repository root after regenerating the artifact.","The lead observed PASS; all 32 determinants and every stored row digest match under the alternate tree.","No critical, free-energy, infinite-volume, or universal phase-rule claim is verified.","confirmed","tests/test_twist_hashimoto.py;results/kac_ward/twist_hashimoto.json","Keep as the uniform-twist and finite phase-ansatz regression gate; next free ledger ID is H623."
H623,2026-08-23,"[CORRECTION][SCOPE] H615's all-finite-graph Callen rank theorem is over Q(v) for finite loopless undirected free-boundary graphs with uniform internal coupling, every vertex spin dynamical, and no external field; point specialization requires regular coefficients, nonzero flip factors, and Z!=0 before normalization.","The formal rank theorem survives, but denominator regularity alone does not prevent endpoint rank loss and fixed boundaries or fields change the local conditional identity.","At v=+/-1 the one-edge K2 system has rank 2 rather than 3 because a flip factor vanishes; every real finite K has |v|<1 and is regular.","Add exact K2 ranks at v=-1,1/2,1; distinguish formal signed configuration weights from normalized probabilities; state every model hypothesis.","The lead-observed verifier gives ranks 2,3,2 and checks the narrowed model and specialization fields; independent proof audit found no defect after this correction.","Self-loops, fixed external boundary spins, fields, and nonuniform couplings need modified h_x and coefficients; no theorem for them is claimed.","corrected_scope","experiments/e240_callen_identity_system.py;results/correlations/callen_identity_system.json;tests/test_callen_identity_system.py","Preserve formal-Q(v), physical-finite-K, and normalized-specialization claims as three separate scopes; next free ledger ID is H624."
H624,2026-08-23,"[THEOREM] For every open box G=P_a square P_b square P_c with min(a,b,c)>=2, its orientable genus satisfies gamma(G)>=max(0,ceil((abc-ab-bc-ca+4)/4)).","The standard surface-Pfaffian route depends on the topology of finite 3D boxes, which had not been quantified in the program.","Open boxes are simple, connected, bipartite, and bridgeless; a minimum embedding is cellular by the regular-neighborhood-and-cap proof; face length at least four gives F<=E/2 and Euler gives the bound.","Verify V,E, bipartition, connectivity, a unit-plaquette witness for every edge, exact ceiling arithmetic, and pinned box rows.","All 512 ordered boxes with sides 1..8 pass; independent six-neighbor and separate xy/xz/yz constructions agree exactly.","The bound is not an exact genus formula outside the planar cases and excludes periodic length-two multigraph conventions.","confirmed","experiments/e241_box_genus_bound.py;results/topology/box_genus_bound.json;tests/test_box_genus_bound.py;proofs/kac_ward_3d_obstruction.md","Use only as an all-size topology bound, not an arbitrary Pfaffian-complexity lower bound."
H625,2026-08-23,"[THEOREM] An open three-dimensional box P_a square P_b square P_c is planar exactly when one side is one or, up to permutation, it is 2x2xL.","The genus lower-bound numerator can exactly classify where the 3D box family first leaves planarity.","For ordered 2<=a<=b<=c, the numerator is (b-2)(c-2) when a=2 and is at least its positive 3x3x3 value when a>=3; side-one grids and nested-square 2x2xL tubes have explicit planar drawings.","Check the algebraic factorization, positive lower bound on every other row, and all pinned boundary families.","The table has zero classification mismatches; 2x3x3 is the first nonplanar box with E=33>2V-4=32.","Exact nonzero genera such as gamma(2x3x3) are not computed.","confirmed","experiments/e241_box_genus_bound.py;results/topology/box_genus_bound.json;tests/test_box_genus_bound.py","Use 2x2xL as the unique genuine 3D planar control family."
H626,2026-08-23,"[THEOREM][SCOPE] Cubic box genus grows at least ceil((L-2)^2(L+1)/4), and fixed non-2x2 cross-sections grow linearly in length; this obstructs any fixed-surface version of the classical spin-structure construction but is not a lower bound on arbitrary Pfaffian term counts.","A genus-g surface formula is commonly written with 4^g spin structures, but that is a construction, not a necessity theorem for the box family.","The exact graph bound is internal; the 4^g relevance note is explicitly conditional on invoking the standard classical scheme and is never used to prove the graph theorem.","Audit every scope string and reject wording that says an arbitrary formula requires 4^g terms.","Producer and verifier state the construction-only boundary; no Pfaffian-number claim appears.","Fisher decoration may lower genus and other formulas may use fewer or different terms; no solvability conclusion follows.","confirmed_scope","results/topology/box_genus_bound.json;proofs/kac_ward_3d_obstruction.md","Preserve construction versus necessity as a hard boundary."
H627,2026-08-23,"[VERIFICATION] The box-genus producer passes 12/12 exact checks and the lead-observed standalone verifier passes 18 graph, plaquette, ceiling, planarity, cellularity, corollary, digest, resource, and scope checks.","The all-size topology theorem needs an implementation independent of the producer's coordinate builder.","The verifier must rebuild six-neighbor edges and xy/xz/yz plaquettes separately across all 512 rows.","Run tests/test_box_genus_bound.py from the repository root.","The lead observed PASS in 1.172 process CPU seconds and 29,523,968 bytes peak RSS.","The verifier does not compute exact nonplanar genera or any Pfaffian representation.","confirmed","tests/test_box_genus_bound.py;results/topology/box_genus_bound.json","Keep as the open-box topology regression gate; next free ledger ID is H628."
H628,2026-08-24,"[THEOREM] The open 2x3 trace-four through trace-six coefficient ideal has a specialization-stable rank-eight quotient on the physical curve, and the trace-seven multiplication norm has primitive squarefree numerator E(q) of degree 971.","A symbolic parameter certificate can replace same-point obstructions and confine every possible full six-mode trace solution to finitely many couplings.","The three leading quadrics have Hilbert function 1,3,3,1 and no projective zero; eight fixed standard monomials form a basis for every q>1, so det multiplication by F7 vanishes exactly at common trace-system points.","Construct the lifted H-basis without parameter division, build the 8x8 norm matrix, cancel only physical-nonzero denominators, and independently reconstruct it by affine Macaulay reduction.","The cleared determinant degree is 1307, denominator gcd degree 336, and reduced primitive dense numerator degree 971; the independent elimination stage reproduces it exactly.","This is a necessary trace-system certificate, not yet a physical mode-root certificate.","confirmed","experiments/e238_trace_exceptional_set.py;results/spectral/trace_exceptional_set.json;tests/test_trace_exceptional_set.py;proofs/trace_resultant.md","Use the degree-971 polynomial as the exact finite exceptional set; do not rerun four-variable generic closure."
H629,2026-08-24,"[THEOREM][COMPUTATION] For every physical 0<t<1 on the finite open 2x3 layer, a full six-mode subset-product spectrum can occur only at three algebraic parameter values in the certified t intervals (397429/10^6,39743/10^5), (160347/10^6,40087/250000), and (10457/200000,26143/500000).","The degree-971 norm must be root-isolated exactly on q>1 and mapped monotonically to the physical t interval.","E(1+x) has three sign variations and three disjoint rational q brackets have opposite endpoint signs; Descartes gives the matching upper bound.","Independently rebuild the integer binomial shift, endpoint signs, disjointness, reciprocal degree-1942 t polynomial, and q-to-t inequalities.","The root-stage verifier finds signs (-,+),(+,-),(-,+), exactly three roots, reciprocal t coefficients, and matching digests.","The intervals contain trace-system branches, not established Gaussian spectra; no all-size or thermodynamic claim follows.","confirmed","experiments/e238_trace_exceptional_set.py;results/spectral/trace_exceptional_set.json;tests/test_trace_exceptional_set.py;proofs/trace_resultant.md","Test the three algebraic sextics for six real roots u_i>=4; the exceptional set is not yet empty."
H630,2026-08-24,"[UNRESOLVED][EXACT FRONTIER] All three degree-971 physical roots are genuine algebraic common points of the complete seven-trace coefficient system, but whether any corresponding sextic has six real mode values u_i>=4 is unresolved.","A root of the norm might be extraneous from denominators or might represent a real positive Gaussian branch; both must be distinguished exactly.","Stable quotient rank and physical-nonzero denominators make every q>1 norm root a genuine algebraic common point, while positivity adds a separate semialgebraic root-location condition.","Use exact real-algebraic reconstruction or Hermite/Sturm signatures for Q(u) at each isolated q branch.","The artifact classifies all three as surviving unresolved branches and explicitly refuses an empty-exceptional-set claim.","Trace consistency is necessary but not sufficient for physical full-spectrum Gaussianity.","unresolved","results/spectral/trace_exceptional_set.json;proofs/trace_resultant.md","Build a branchwise Hermite matrix over Q[q]/factor and certify the number of roots in [4,infinity)."
H631,2026-08-24,"[COMPUTATION][CONTROL] The symbolic open six-site chain trace system has an explicit rational coefficient branch satisfying F4=F5=F6=F7 identically for every q>1.","The parameter norm must retain the known free-fermion control at all couplings, not merely one point.","Substitute the stored rational a5(q),a4(q),a3(q) into all four independently reconstructed norm equations.","Every rational-function residual cancels identically in producer and verifier.","The chain branch passes all symbolic equations.","This validates non-rejection only; it does not identify every possible chain branch.","confirmed_control","experiments/e238_trace_exceptional_set.py;results/spectral/trace_exceptional_set.json;tests/test_trace_exceptional_set.py","Keep as the all-coupling positive control for future trace inequalities."
H632,2026-08-24,"[VERIFICATION][RESOURCE] The degree-971 trace exceptional set is independently verified in two bounded stages: affine Macaulay elimination PASS in 386.24 seconds and integer-binomial Descartes/sign-bracket root certification PASS in 145.14 seconds.","The original one-shot verifier's exact Sturm call exceeded a 1800-second wall after its Macaulay elimination had already passed; a resource wall is not a mathematical failure.","The current verifier preserves the independent elimination path and replaces only the root counter by a pure-integer reconstruction of E(1+x), three sign brackets, and exact interval mapping.","Run TRACE_EXCEPTIONAL_STAGE=elimination and TRACE_EXCEPTIONAL_STAGE=roots separately from the repository root.","Both current-source stages pass; source hashes, polynomial digests, primitivity, squarefreeness, t reciprocity, chain branch, and scope all pass.","No full-suite or empty-exceptional-set claim follows; the abandoned Sturm path is recorded as an observed resource wall.","confirmed","tests/test_trace_exceptional_set.py;results/spectral/trace_exceptional_set.json;proofs/trace_resultant.md","Keep the split-stage verifier; next free ledger ID is H633."
H633,2026-08-23,"[CORRECTION][VERIFICATION] H632's timing/source statement is superseded by the final hardened trace verifier: roots PASS in 110.00 wall seconds and elimination PASS in 433.85 wall seconds on the final source.","Completion audit required independent reconstruction of the degree-1942 q-to-t pullback and explicit q/t physical-domain and pairwise-disjoint bracket predicates.","The mathematical producer payload is unchanged; the artifact records a verifier-repair timestamp, final source SHA256, producer_rerun=false, and both final stage runs.","Rebuild the t polynomial directly from E(q), assert 0<t_lower<t_upper<1 and disjointness, refresh provenance, then rerun both split stages.","The final current-source root and elimination stages pass; source hash and provenance note match.","The producer was not rerun because no mathematical payload changed; this is explicit rather than hidden.","corrected_verification","tests/test_trace_exceptional_set.py;results/spectral/trace_exceptional_set.json;proofs/trace_resultant.md","Use H633 as the current trace-verifier evidence; next free ledger ID is H634."
H634,2026-08-24,"[CORRECTION][DATE] H633's date field records the local 2026-08-23 session date, while H628-H632 and the verifier-repair artifact use UTC after the 2026-08-24 rollover; its canonical event time is 2026-08-24T02:28:34Z.","Append-only chronology should not appear to move backward when local-session and UTC dates straddle midnight.","No theorem, interval, verification result, or source hash changes; only the timezone interpretation of H633 is corrected.","Compare the local session reminder with results/spectral/trace_exceptional_set.json verifier_repair.updated_utc.","The artifact pins the final repair in UTC and H633 pins its current-source verification content.","The ledger historically has no timezone column; this correction is scoped only to the H628-H633 rollover.","corrected_metadata","notes/hypotheses.csv;results/spectral/trace_exceptional_set.json","Use H634 for date interpretation; next free ledger ID is H635."
H635,2026-08-24,"[THEOREM][EXACT ALGEBRA] At each of the three e238 roots, multiplication by F7 has rank exactly seven and the seven-trace quotient is one reduced coefficient point, giving a unique mode sextic.","The degree-971 norm roots had to be separated from possible multiple coefficient branches before any root-location certificate could close the continuum.","The cleared matrix has the inherited e238 digest; all eight clearing denominators are nonzero; det P=0 and C00!=0; adjugate ratios give a3=C10/C00, a5=C40/C00, a4=C60/C00.","Reconstruct P without its determinant, compute four exact 7x7 cofactors, and enclose them on aligned 1000-bit dyadic root intervals.","C00 is nonzero on all three branches; cofactor degrees are 1208,1211,1208,1209; both H-basis and independent affine-Macaulay paths reproduce every polynomial.","No all-size coefficient-branch statement follows from one finite quotient.","confirmed_theorem","experiments/e242_trace_branch_disposition.py;results/spectral/trace_branch_disposition.json;tests/test_trace_branch_disposition.py;proofs/trace_resultant.md","Use the unique sextics only for the three certified real embeddings; do not rerun E."
H636,2026-08-24,"[COMPUTATION][HERMITE] The first two open-2x3 exceptional sextics have Hermite signatures two, not six.","A physical six-mode spectrum requires six real mode values before the u>=4 inequality is even considered.","The leading-minor signs are ++--++ and +--+++; the corresponding LDL pivot signs give signatures 2 and 2.","Reconstruct Newton sums and enclose all six Hermite leading principal minors by exact rational interval arithmetic.","Every leading minor excludes zero and the producer/verifier independently obtain signatures 2,2 on the aligned first two roots.","This is a real-root count for two algebraic sextics, not a spectral statement on other graphs.","confirmed_exact_computation","results/spectral/trace_branch_disposition.json;tests/test_trace_branch_disposition.py;proofs/trace_resultant.md","Retain as the branch-1/2 disposition certificate."
H637,2026-08-24,"[COMPUTATION][DESCARTES] The third open-2x3 exceptional sextic has six distinct real roots but at most two roots in [4,infinity).","The last surviving algebraic branch could still have been physically positive even after traces one through seven.","Its Hermite signature is six; Q(4+x) has nonzero descending signs +---+++ and exactly two sign variations, with Q(4)>0.","Enclose the Hermite minors and every shifted coefficient on the third real embedding and apply Descartes' rule.","All six Hermite pivots are positive; the shifted signs are exact and independently reproduced; at most two positive shifted roots are possible.","Descartes gives the needed upper bound only; no claim identifies all six root intervals.","confirmed_exact_computation","results/spectral/trace_branch_disposition.json;tests/test_trace_branch_disposition.py;proofs/trace_resultant.md","Retain as the branch-3 physicality obstruction."
H638,2026-08-24,"[THEOREM] For every physical 0<t<1, the positive-definite open 2x3 Ising layer transfer spectrum is not a full six-mode subset-product spectrum.","Wave 22 reduced the whole continuum to three exact trace candidates; disposing all three yields the first every-coupling theorem on the minimal open bipartite grid.","Any full positive subset-product spectrum gives six roots u_i=(sqrt(v_i)+1/sqrt(v_i))^2>=4; H636-H637 exclude that at every root allowed by e238.","Compose the inherited exact three-root theorem with the rank-seven adjugate reconstruction and Hermite/Descartes certificates.","All three branches are rejected with exact real-algebraic evidence; adversarial review passed after proof and bracket-alignment repairs.","Parity-sector factorizations, larger auxiliaries, other bipartite grids, and thermodynamic observables remain open.","confirmed_theorem","proofs/trace_resultant.md;results/spectral/trace_branch_disposition.json;experiments/e242_trace_branch_disposition.py;tests/test_trace_branch_disposition.py","Seek graph-uniform control of finite exceptional schemes rather than another open-2x3 specialization."
H639,2026-08-24,"[VERIFICATION][RESOURCE] The e242 producer passes 10/10 checks; the final current-source verifier passes separate quotient and disposition stages.","The every-coupling finite-layer theorem needs independent quotient algebra and independent real-embedding checks without recomputing the degree-971 determinant.","The quotient stage must reproduce eight denominators, the full matrix digest, and four cofactors; the disposition stage must align all three inherited brackets and reproduce signatures 2,2,6 plus the shifted two-variation bound.","Run TRACE_BRANCH_STAGE=quotient and TRACE_BRANCH_STAGE=disposition from the repository root.","Producer used 814.373944 process CPU seconds and 186515456 bytes; quotient PASS used 713.290031 process CPU seconds; disposition PASS used 192.412972 process CPU seconds. Verifier-only bracket repair refreshed provenance without rerunning the producer.","No full 163-script suite was launched under current multi-user load.","confirmed_verification","results/spectral/trace_branch_disposition.json;tests/test_trace_branch_disposition.py","Keep the split stages; a verifier wall is not a mathematical result."
H640,2026-08-24,"[THEOREM] On every finite connected six-regular simple graph and 0<v=tanh(K)<1, the all-pivot {1,3}-termwise Callen family generated by one pair is exactly all even proper supports.","A subexponential Callen system cannot arise by naively retaining every nonzero local summand at every pivot.","Size-preserving singleton moves connect each k-token layer; one triple move grows k to k+2; parity is preserved and every generated target omits its pivot.","Enumerate exact closures on K7 and K8 minus a perfect matching, verify token connectivity on the 3x3x3 torus, and audit one growth witness for every even size.","Closures are 64 and 127; singleton-only controls are 22 and 29; the 3x3x3 two- and four-token components are 351 and 17550; every growth witness passes.","Schemes selecting only some pivot rows or combining rows before termwise closure are outside the theorem.","confirmed_theorem","experiments/e243_callen_termwise_closure.py;results/correlations/callen_termwise_closure.json;tests/test_callen_termwise_closure.py","Any useful Callen compression must exploit cancellations, selected rows, cross-orbit aggregation, or different variables."
H641,2026-08-24,"[COROLLARY] On periodic C_L x C_M x C_N with L,M,N>=3 and n=LMN, the all-pivot Callen closure has at least ceil((2^(n-1)-[n even]-1)/n) nontrivial translation orbits after removing the empty normalization.","Translation symmetry might have reduced the exponentially large support family to a small exact quotient.","The closure has 2^(n-1)-[n even] supports including empty; every nonempty translation orbit has at most n elements.","Check shape/order/group consistency and exact integer ceilings on 3x3x3, 3x3x4, and 4x4x4.","The 3x3x3 closure has 67108864 supports including empty and at least 2485514 nontrivial translation orbits; all stored rows satisfy the exact bound.","This counts the named all-pivot support orbits, not arbitrary aggregated variables.","confirmed_theorem","results/correlations/callen_termwise_closure.json;tests/test_callen_termwise_closure.py","Do not promote support-orbit growth to a no-go for arbitrary linear combinations."
H642,2026-08-24,"[VERIFICATION] The e243 producer passes 8/8 checks and its independent verifier passes coefficient provenance, two exact closures, periodic graph/token controls, reconstructed induction witnesses, orbit bounds, and scope.","The termwise theorem is sensitive to occupied-neighbour annihilation, pivot selection, empty normalization, and periodic shape aliases.","The verifier must bind current e240 coefficient source, distinguish size-preserving token moves, reconstruct every triple witness, remove the empty orbit in the nontrivial count, and state the all-pivot boundary.","Run tests/test_callen_termwise_closure.py after regenerating the artifact.","Lead-observed PASS after adversarial review found and repaired all three scope/provenance issues plus two false-pass fields.","No selected-pivot, row-combination, nonlinear, or thermodynamic claim is verified.","confirmed_verification","results/correlations/callen_termwise_closure.json;tests/test_callen_termwise_closure.py;experiments/e243_callen_termwise_closure.py","Keep as the regression gate for future compressed Callen proposals."
H643,2026-08-24,"[THEOREM][ALGEBRAIC DEGREE] For every n-vertex m-edge layer, the isotropic symmetric transfer matrix has a scalar-equivalent representative over Z[t] with entry degree at most delta=2n+2m and determinant (2t)^(mN/2)(1+t^2)^(mN/2)(1-t^2)^(nN), N=2^n.",A graph-uniform exceptional-set theorem needs one polynomial coefficient-incidence family with explicit degrees and no denominator search.,The kth characteristic coefficient has t-degree at most k delta; every full subset-product coefficient equation has total degree at most d=N delta in n+2 variables.,"Enumerate aligned-edge exponents on path, cycle, claw, open 2x3, and open 3x3 controls; independently reconstruct determinant and Boolean-mode degrees.","All five controls satisfy the polynomial identity, degree ceilings, and determinant exponent sum exactly.","Scalar zeros 0,+/-i,+/-1 are singular boundary fibers and do not describe physical nonzero-mode spectra.",confirmed,experiments/e245_bipartite_exception_degree.py;results/spectral/bipartite_exception_degree.json;proofs/bipartite_exception_degree.md,Use shifted Stieltjes/localizing minors or a graph-length recurrence to attack emptiness inside the bounded finite schemes.
H644,2026-08-24,"[THEOREM][EXTERNAL] For every finite connected simple nonpath graph G, the physical full-spectrum exceptional set has cardinality at most [2^n(2n+2m)]^(n+2); uniformly over simple n-vertex graphs it is at most [2^n(n^2+n)]^(n+2).",Wave 22 proved only qualitative finiteness; an explicit degree bound is the first graph-uniform algebraic control across bipartite grids.,"The incidence image is finite by e236; the 2025 projective degree theorem gives deg V<=d^(n+2), and every irreducible component maps to one t point.","Homogenize all coefficient equations, apply Bierstone-Grigoriev-Milman-Wlodarczyk Theorem 2.1, and bind the endpoint/Chevalley source.","The open 2x3 control has delta=26, d=1664, and bound 58779593138084256579321856; 2xL and 3xL specialize to delta=10L-4 and 16L-6.",The bound is deliberately huge and neither lists roots nor proves any new exceptional set empty.,confirmed,proofs/bipartite_exception_degree.md;results/spectral/bipartite_exception_degree.json;tests/test_bipartite_exception_degree.py,"Seek a sign-definite shifted-Hankel invariant on every coefficient branch, not a tighter crude Bezout count."
H645,2026-08-24,"[VERIFICATION][RESOURCE] The e245 producer passes 9/9 checks and its clean-room verifier passes all source, degree, determinant, affine-bound, control, scope, and resource gates.","The new bound depends on total-degree bookkeeping, polynomial scalar choice, finite projection, and a current external theorem, all of which need independent reconstruction.",Current producer/verifier/e236 hashes match; open-2x3 bound and every graph record reconstruct exactly.,Run the producer and tests/test_bipartite_exception_degree.py from the repository root.,Producer used 0.001747 process CPU seconds and 23183360 bytes in the final hardened run; the verifier reported PASS at 23101440 bytes.,No full-suite or exceptional-root elimination was run.,confirmed,experiments/e245_bipartite_exception_degree.py;tests/test_bipartite_exception_degree.py;results/spectral/bipartite_exception_degree.json,Retain as the algebraic size control for every future bipartite empty-exception proof.
H646,2026-08-24,"[THEOREM][ANALYTIC] For every even star degree d, every nonempty even log-Walsh sector A of size 2r has strict sign (-1)^(r+1) for every real K!=0; every odd sector vanishes.","The degree-six signs c2>0,c4<0,c6>0 suggested a structural alternation law rather than three isolated polynomial accidents.",The DLMF cosh product reduces each factor to a positive Gaussian integral with sign (-1)^r before the logarithmic minus sign; even d makes the remaining cosine power nonnegative.,"Prove uniform product convergence, the log integral, Gaussian Fourier factorization, Taylor cancellation near s=0, and strict positivity.","A self-contained positive-measure proof establishes all d and all even sectors; exact d=2,4,6 multiplicities and d4/d6 polynomial ratios independently agree.",For odd d the remaining cosine power is odd and this proof gives no sign theorem.,confirmed,proofs/octahedral_matchgate.md;results/integrability/octahedral_matchgate.json;tests/test_octahedral_matchgate.py,Exploit the alternating retained interactions in a controlled surface/polymer resummation.
H647,2026-08-24,"[THEOREM] The normalized eliminated-star Walsh tensor g(A)=v^|A| on even A and zero on odd A is the pure-even sub-Pfaffian tensor of v^2 J_d, where J_ij=sign(j-i); for d=6 all 4096 matchgate identities vanish exactly.","The exact octahedral c4,c6 interactions might still possess a hidden local fermionic structure in the weight basis.",Every even principal Pfaffian of J_d is one; checkerboard contraction on a finite bipartite graph is exactly the positive even-subgraph cycle-space polynomial.,"Check all 32 principal Pfaffians and 4096 identities at v=1/3,1/2; compare local-star, edge-subset, and spin-sum contractions on C4 and K2,3.","All exact controls pass; C4 gives 1+v^4 and K2,3 gives 1+3v^4.",Local matchgate structure does not imply that a nonplanar 3D contraction is one global Pfaffian.,confirmed,experiments/e244_octahedral_matchgate.py;results/integrability/octahedral_matchgate.json;proofs/octahedral_matchgate.md,Localize the first unavoidable crossing/topological defect in a sector-resolved surface network.
H648,2026-08-24,"[THEOREM][RANK] The six-leg Walsh tensor has ordinary real CP rank two and rank two under every nontrivial flattening, but its nonnegative all-leg CP rank is exactly 32; the spin-basis positive rank-two factorization merely restores the eliminated centre spin.",Low matrix rank can be mistaken for a useful positive hidden auxiliary; all-leg positivity is the load-bearing distinction.,"A signed two-atom formula gives rank two; any nonnegative rank-one Cartesian support inside even parity is a singleton, so 32 positive entries require 32 atoms.","Enumerate all 62 ordered flattenings, the 8x8 PSD parity blocks, and all 3^6=729 nonempty Cartesian rectangles.",Every flattening has rank two; the 3|3 spectrum is 1+3v^4 and 3v^2+v^6; exactly 32 even singleton rectangles lie in target support.,This is basis-dependent and is not a no-go for arbitrary hidden variables or unrestricted tensor networks.,confirmed,results/integrability/octahedral_matchgate.json;tests/test_octahedral_matchgate.py;proofs/octahedral_matchgate.md,Require any claimed positive compressed auxiliary to specify its basis and beat the 32-atom Walsh barrier without undoing decimation.
H649,2026-08-24,"[VERIFICATION][RESOURCE] The e244 producer passes 13/13 exact checks and the clean-room verifier passes 21 independent schema, hash, Walsh, Pfaffian, matchgate, rank, cycle, rectangle, scope, and resource checks.",The all-sector sign theorem and basis-sensitive tensor ranks require independent algorithms and current e234 provenance.,"The verifier uses matching-enumeration Pfaffians, fraction-free ranks, fresh Walsh transforms, cycle dynamic programs, and an independent rectangle census.",Run e244 then tests/test_octahedral_matchgate.py from the repository root.,"Producer used 0.126636 process CPU seconds and 25395200 bytes; verifier PASS used 25477120 bytes, both measured by Mach task resident_size_max.",No global Pfaffian contraction or thermodynamic quantity was tested.,confirmed,experiments/e244_octahedral_matchgate.py;tests/test_octahedral_matchgate.py;results/integrability/octahedral_matchgate.json,Keep the exact local theorem as the positive starting point for surface/crossing work.
H650,2026-08-24,"[THEOREM][WALSH] For every even local degree d=2m and 0<v<1, the selected proper-even by odd Callen leakage matrix has rank 2^(d-1)-C(d,m)/2 and left nullity C(d,m)/2-1; every leakage-canceling row combination has zero pair-row coefficient.",Wave 23 closed all-pivot termwise support retention but left selected pivots and exact row combinations open.,"Neighbour-cube convolution diagonalizes with eigenvalues tanh(K(d-2|Q|)); only the middle Walsh layer vanishes, and lambda(N)=(-1)^m lambda(empty).","Derive the full convolution spectrum, complement-pair kernel, deletion rank, and pair-row boundary; replay d=2,4,6 over Q at v=1/3.",Exact ranks match the formula; d6 raw selected/deleted-empty ranks are 22/21 with nullity nine in both.,The theorem is only the fixed far-mark/contact-free block and does not rule out larger or nonlinear systems.,confirmed,experiments/e246_callen_walsh_compression.py;results/correlations/callen_walsh_compression.json;proofs/callen_walsh_compression.md,"Any pair-bearing Callen closure must add the full-neighbour row, contacts, radius, pivots, or different observables and explicitly beat this boundary."
H651,2026-08-24,[THEOREM][COMPUTATION] Cubic inversion folds the degree-six selected Callen block to 19x16 of rank 13 and nullity six; six explicit integer higher-template row combinations cancel every leakage column but all have zero empty/full coefficient.,A negative compression result is more useful when it also exposes the exact nontrivial relations that survive.,"Seven inversion orbits of central complement pairs have weights 1,1,1,1,2,2,2; their one weighted constraint gives six independent kernels.","Construct the six alpha vectors, expand all 19 folded coordinates, multiply the exact matrix, and audit the 3x3x3 far-mark set.",All six residuals are zero; deleting the empty class lowers rank 13 to 12 while nullity remains six; 20 far marks have zero contacts.,The six identities involve only higher templates and do not determine susceptibility.,confirmed,results/correlations/callen_walsh_compression.json;tests/test_callen_walsh_compression.py;proofs/callen_walsh_compression.md,Test the smallest contact-inclusive or radius-two extension rather than repeating this closed 19x16 block.
H652,2026-08-24,"[VERIFICATION][RESOURCE] The e246 producer passes 10/10 exact checks and the clean-room verifier passes 14 independent provenance, coefficient, matrix, kernel, far-mark, theorem-schema, scope, and resource gates.",The initial scout preview incorrectly predicted unchanged rank after deleting the pair row; independent reconstruction corrected it to 13/12 folded and 22/21 raw before implementation.,"Current e240/e243/producer/verifier hashes match; coefficients, all ranks, weighted kernels, and scope reconstruct exactly.",Run e246 then tests/test_callen_walsh_compression.py from the repository root.,Producer used 0.079249 process CPU seconds and 27344896 bytes; verifier PASS used 24969216 bytes via Mach task resident_size_max.,"No full-suite, susceptibility, or contact-inclusive system was run.",confirmed,experiments/e246_callen_walsh_compression.py;tests/test_callen_walsh_compression.py;results/correlations/callen_walsh_compression.json,Retain the corrected rank comparison as a regression gate for every claimed non-termwise Callen compression.
H653,2026-08-24,"[CORRECTION][SCOPE] H644's uniform n-vertex exceptional-set bound is restricted to connected simple nonpath graphs; paths have cofinite full-spectrum incidence, and the open 2xL/3xL corollaries require L>=2.",Adversarial review found that an unqualified uniform simple-graph sentence incorrectly included Gaussian path controls.,The fixed-n formula [2^n(n^2+n)]^(n+2) bounds the finite t-image only under the inherited nonpath hypothesis.,"Require path4 to store only an incidence-variety degree with null exceptional count; exact-check qualified theorem, grid ranges, and scope strings.","Producer, artifact, proof, and verifier now exclude paths in every exceptional-count claim; final reviewer returned PASS.","The polynomial transfer entry-degree and incidence-variety degree calculations remain valid on paths, but they are not finite exceptional counts there.",confirmed_correction,experiments/e245_bipartite_exception_degree.py;results/spectral/bipartite_exception_degree.json;proofs/bipartite_exception_degree.md;tests/test_bipartite_exception_degree.py,Keep paths as a mandatory cofinite control in every all-grid spectral statement.
H654,2026-08-24,[CORRECTION][VERIFICATION] H645 is superseded by the final hardened e245 run: producer 9/9 at 0.001747 process CPU seconds and 23183360 bytes; clean-room verifier PASS at 23101440 bytes.,Review required stronger inherited provenance and semantic false-pass gates after the initial verified run.,"The artifact must bind e236 producer/verifier/artifact and the archived Chevalley source; the verifier must exact-check transfer, finiteness, positivity, projective proof, path scope, and source-version fields.",Regenerate from current source and run tests/test_bipartite_exception_degree.py.,All hashes and exact strings match; arXiv:2511.07639v1 is version-pinned; final independent review reports no critical or important finding.,No full suite or exceptional-root enumeration was run.,confirmed_correction,results/spectral/bipartite_exception_degree.json;tests/test_bipartite_exception_degree.py,"Use this row, not H645's pre-hardening timing/provenance sentence, for current verification."
H655,2026-08-24,"[CORRECTION][NORMALIZATION][VERIFICATION] H649 is superseded by the normalized final e244 artifact: 2^(-|V|) times the retained-spin sum equals the cycle polynomial, while the raw sum has factor 2^|V|; producer 13/13 used 0.126636 CPU seconds and 25395200 bytes, verifier PASS used 25477120 bytes.",Adversarial review found that the first artifact wording omitted the retained-spin normalization even though its finite controls divided by it.,"Store both exact normalized and raw identities, per-control retained factor, and exact-equality verifier gates.",Regenerate e244 after the wording/schema repair and run the clean-room verifier.,"Current artifact, proof, and verifier agree; all 21 verifier checks pass and final reviewer returns PASS.",The mathematical cycle-space identity was never false; the correction closes a load-bearing wording and false-pass gap.,confirmed_correction,results/integrability/octahedral_matchgate.json;proofs/octahedral_matchgate.md;tests/test_octahedral_matchgate.py,Use the explicit normalized identity in every future tensor/surface contraction.
H656,2026-08-24,[CORRECTION][RESOURCE PROVENANCE] H654 is superseded by the final e245 resource-hardened run: producer 9/9 used 0.001505 process CPU seconds and 22822912 bytes; clean-room verifier PASS used 23412736 bytes.,Completion audit found that e245 silently fell back from Darwin task_info and did not record its RSS measurement method or declared limits.,"Darwin task_info failure must raise; artifact metadata must store verifier/artifact paths, CPU budget, RSS limit, and measurement method; verifier must gate them.",Regenerate the artifact from current source and run tests/test_bipartite_exception_degree.py.,"The artifact records mach_task_basic_info.resident_size_max, 120-second/2-GiB limits, and current hashes; producer and verifier pass.",Timing is non-mathematical metadata and no full suite or root elimination was run.,confirmed_correction,experiments/e245_bipartite_exception_degree.py;results/spectral/bipartite_exception_degree.json;tests/test_bipartite_exception_degree.py,Use H656 as the current e245 resource/provenance record; H657 is next.
H657,2026-08-24,[CORRECTION][SOURCE PROVENANCE] H655 is superseded by the final DLMF-bound e244 run: producer 13/13 used 0.125478 process CPU seconds and 25427968 bytes; clean-room verifier PASS used 25706496 bytes.,Completion audit required the sole external identity in the all-even-star proof to be archived and hash-bound like the Chevalley dependency.,"Archive the complete DLMF 4.36 reader snapshot, register its SHA-256, include it in meta.source_sha256, and gate the current file in the verifier.",Regenerate e244 and run tests/test_octahedral_matchgate.py.,The DLMF snapshot hash is 415a64a3a8ebf1e7a11cda6eb1eaa33fdd94a3814761453468b8714b4a022b68; all producer and verifier checks pass.,The mathematical sign theorem is unchanged; this corrects external-source provenance and timing only.,confirmed_correction,sources/dlmf_4_36.html;sources/manifest.yaml;results/integrability/octahedral_matchgate.json;tests/test_octahedral_matchgate.py,Use H657 as the current e244 provenance record; H658 is next.
H658,2026-08-24,"[THEOREM] For either checkerboard choice on open 2x3x3 and every 0<v<1, the normalized five-leg face-boundary Walsh tensor is not one even principal-sub-Pfaffian tensor in any of 120 ordinary unsigned leg orders.","Wave 24 proved every eliminated star is locally a matchgate but left the first global nonplanar composition defect open.","Every order must fail at least one forced four-leg Pfaffian identity with an exact nonzero sign throughout the physical interval.","Construct both color signatures, normalize by the positive empty entry, force the pair matrix, enumerate all 120 orders, and factor every residual over ZZ[v].","All five four-leg residuals fail in every order; 600 occurrences per color fall into four positive factor classes. A planar alternating C10 control passes exactly ten dihedral orders.","Active fermionic-SWAP/Koszul phases, arbitrary basis changes, hidden auxiliaries, spin-structure sums, and global Pfaffian-count bounds are not tested.","confirmed","experiments/e247_boundary_matchgate_defect.py;results/integrability/boundary_matchgate_defect.json;proofs/boundary_matchgate_defect.md","Construct an explicit rotation/Kasteleyn surface bridge rather than another local identity."
H659,2026-08-24,"[VERIFICATION][RESOURCE] The e247 producer passes 13 hard gates and its clean-room verifier independently reproduces the fixed-boundary theorem.","The all-v result depends on Walsh normalization, ordinary order semantics, exact polynomial signs, and a positive planar control.","Independent direct spin sums and factoradic order enumeration must reproduce signatures, factors, rational controls, and the exact fixed scope.","Run the current producer and verifier after binding producer, verifier, proof, and e241 hashes.","Final producer used 0.677248 process CPU seconds and 70156288 bytes; verifier used 0.708596 seconds and 69566464 bytes; adversarial review returned PASS.","No full suite, active fermionic-swap theorem, exact genus, endpoint, or thermodynamic calculation ran.","confirmed","tests/test_boundary_matchgate_defect.py;results/integrability/boundary_matchgate_defect.json","Keep the ordinary unsigned order qualifier in every summary."
H660,2026-08-24,"[THEOREM][COMPUTATION] For every open 2xL, tr(B_L(q)^k) is a 4^k-state replica-column equality enumerator; open 2x4 traces H1 through H9 are exact with maximum degree 162.","Dense symbolic 256x256 powers made the required ninth trace look like the next spectral wall.","The recurrence must reproduce the landed open-2x3 digest and produce nonnegative integer H_k with actual degree 18k, top coefficient two, and H_k(1)=2^(8k).","Use the Kronecker-bit butterfly for horizontal equality weights and exact local polynomial shifts, with proved uint64 bounds.","Term counts are 9,31,43,67,79,103,115,139,151; k9 uses 262144 states, at most 2^54 per final state and 2^61 per 128-row block.","The recurrence grows as 4^(2L+1) at the trace order needed for a 2xL finite projection, so it is not an all-size practical algorithm.","confirmed_exact_computation","experiments/e248_replica_trace_nine.py;results/spectral/replica_trace_nine.json;proofs/replica_trace_nine.md","Exploit the exact traces in the F9 multiplication norm."
H661,2026-08-24,"[THEOREM][UNRESOLVED PROJECTION] The open-2x4 rows F4 through F8 form a zero-dimensional coefficient scheme of length 96 over Q(q); F9 is the first additional row that can cut the free coupling.","Trace-eight was initially tempting but five coefficient equations plus q generically leave a curve.","The Lucas rows must have degrees 2,2,2,3,4,3; the first five leading forms must have no projective zero and Bezout length 96.","Independently derive Lucas factors through L9, solve Q(0),Q(2),Q(3), compute the leading Groebner basis, and apply the filtered/projective no-infinity lemma.","The leading basis has 35 elements, pure-power bounds 2,2,3,5,9 and 96 standard monomials; physical target denominators are positive for q>1.","No explicit lifted basis, 96x96 F9 norm, norm nonvanishing, q>1 root list, or shifted-localizer/Hermite disposition is produced; open-2x4 emptiness stays open.","confirmed","results/spectral/replica_trace_nine.json;proofs/replica_trace_nine.md","Build the actual quotient and F9 norm without expression blow-up."
H662,2026-08-24,"[VERIFICATION][RESOURCE] The e248 producer passes nine hard gates and the hardened clean-room verifier rebuilds the traces, Lucas rows, physical mode coefficients, and length-96 scheme.","Dimension counts, directed k=1/2 multiplicities, uint64 safety, mode normalization, and no-emptiness wording all admit semantic false passes without independent gates.","Use a reversed bit layout, derive Lucas polynomials by recurrence, independently solve the Q(2)/Q(3) system, and pin every load-bearing artifact field.","Run the current producer and tests/test_replica_trace_nine.py; separately attempt but do not promote the optional actual-quotient probe.","Final producer used 18.714901 process CPU seconds and 1241841664 bytes; final verifier passed in 21.271467 seconds and 1245003776 bytes; adversarial review returned PASS after actual-degree, can-cut, Lucas, mode-linkage, overflow, and scope repairs.","The optional actual-quotient command hit an outer 900-second background-QoS wall and wrote no artifact; this is not a mathematical failure.","confirmed","tests/test_replica_trace_nine.py;results/spectral/replica_trace_nine.json","Resume at the explicit lifted quotient, not trace generation."
H663,2026-08-24,"[LEMMA][FINITE THEOREM] Every 2m-particle rung word satisfies |E|-|D|=L-2m and |E|+|D|>=|L-2m|; the literal e237 cores are exactly 17=16+1 and 133=128+5 equality-boundary families.","The opaque 17 and 133 determinants suggested a support-defect filtration but the decoded pattern was previously only strategic inference.","All 283 residual coordinates must exhaust the named (6,2)/(8,0) orbit families with no extras, and Burnside counts must agree with explicit orbits.","Replay e237 leaves from frozen exact bases, decode T/B/E/D, enumerate family closures under tau/rho, and compare exact coordinates.","L8 gives 16+1; L9 m4 gives 128+5 with one empty; m5 is the particle-hole one-double mirror.","Only the elementary defect identity is all-L; equality between future residual cores and this boundary is unknown for every L>=10.","confirmed","experiments/e249_wlaw_support_defect.py;results/algebra_growth/wlaw_support_defect.json;proofs/wlaw_support_defect.md","Seek a direct all-size shell construction without W10 brute force."
H664,2026-08-24,"[THEOREM][COMPUTATION] Each L9 W-law core is four 29x29 off-centre defect-position shells plus a signed-permutation copy of the L8 17x17 core, explaining -3^5*2^288.","A matching block lower mechanism is more informative than a second isolated Bareiss determinant.","Every row and column must have one reflection defect position; the central deletion must reproduce L8 and each shell Smith form must multiply to the literal determinant.","Partition literal matrices by defect position, compute exact Smith normal forms, and record signed row/column equivalences.","Off-centre Smith diagonals are 4^23,8^5,24 with determinant magnitude 3*2^64; the central determinant is 3*2^32; four plus one give 3^5*2^288.","The decomposition is proved only for the two stored L9 sectors and is not a recurrence.","confirmed_exact_computation","results/algebra_growth/wlaw_support_defect.json;proofs/wlaw_support_defect.md","Generalize the shell matrix itself, not its determinant sequence."
H665,2026-08-24,"[THEOREM][METHOD LIMITATION] The count-driven A9 equivalent to eight copies of A8 and the named dyadic-shell recurrence are impossible.","The equality 128=8*16 tempted a simple replication proof of the W-law rank mechanism.","Unimodular determinant/Smith invariants must disagree; the first normalized new shell should locate the obstruction.","Compare exact packing-block determinants and divide an off-centre shell by four before Smith reduction.","|det(A8^8)|=3^8*2^248 differs from |det A9|=3^5*2^279; the normalized first shell has Smith 1^23,2^5,6.","This refutes only the named unimodular/dyadic recurrence, not every signed incidence or nonunimodular construction.","confirmed_method_limitation","results/algebra_growth/wlaw_support_defect.json;proofs/wlaw_support_defect.md","Do not fit an all-L recurrence from L8/L9."
H666,2026-08-24,"[VERIFICATION][RESOURCE] The hardened e249 producer passes 18 gates and its clean-room verifier passes exact core, Smith, semantic, and dependency checks.","The finite theorem could otherwise pass while its scope leaks to L>=10 or while SymPy/lock provenance drifts.","Hash the complete data payload, pin claim_tag/finite theorem/full scope, bind uv.lock, and record Python and SymPy versions.","Regenerate with Python 3.14.3 and SymPy 1.14.0, then run the independent verifier.","Producer used 1.267908 process CPU seconds and 115343360 bytes; verifier used 1.214346 seconds and 112902144 bytes; post-repair review returned PASS.","No L10 closure, coupling, floating point, full suite, or thermodynamic claim is included.","confirmed","tests/test_wlaw_support_defect.py;results/algebra_growth/wlaw_support_defect.json","Retain exact lock/runtime and scope gates."
H667,2026-08-24,"[THEOREM] For every 0<v<1, the translation/full-cubic quotient of all 864 radius-one contact Callen rows on C3^3 has no nonzero combination supported only on normalization and the nearest-neighbour pair.","Contacts and the size-five neighbour-contact reduction of e246's U=N row were the first live repair past the far-mark pair boundary.","The four row classes must have full rank on seven nonallowed columns throughout the physical interval.","Enumerate the 1296 space-group maps, fold four odd-neighbour subset types, select an exact nonallowed minor, and substitute the e240 coefficient functions.","The oriented determinant is 4(c1-c5)(c1+4c3+c5), equal to a positive product of two coefficient-positive even polynomials and positive denominators.","Radius-two, nonlinear, auxiliary, sourced, and nonsymmetric zero-average identities remain open.","confirmed","experiments/e250_callen_contact_orbit.py;results/correlations/callen_contact_orbit.json;proofs/callen_contact_orbit.md","Move correlation work beyond the complete radius-one cubic quotient."
H668,2026-08-24,"[VERIFICATION][RESOURCE] The hardened e250 producer passes ten gates and its clean-room verifier independently reconstructs group, pivots, literal minor, factors, theorem, and provenance.","A verifier that trusts artifact pivots or ignores theorem/scope can pass a corrupted certificate.","Independently reconstruct allowed/nonallowed supports, require four distinct nonallowed pivots, compare every semantic field and full data hash, and freeze inherited e240/e243/e246 hashes pre-write.","Regenerate and run tests/test_callen_contact_orbit.py after the semantic/provenance repairs.","Producer used 0.135789 process CPU seconds and 67059712 bytes; verifier used 0.226301 seconds and 65896448 bytes; post-repair review returned PASS.","No arbitrary raw nonsymmetric relation, susceptibility closure, endpoint movement, or thermodynamic result is verified.","confirmed","tests/test_callen_contact_orbit.py;results/correlations/callen_contact_orbit.json","Keep the size-five neighbour-contact and cubic-folded scope explicit."
