[2026-09-02T02:50:40Z]   orbits: input g-orbits 133225 of 1594323 words; output g-orbits (flat) 200205
[2026-09-02T02:50:41Z]   word bucketing done (1594323 words) [11.6s]
[2026-09-02T02:50:50Z] structure q=3 n=13: 10000/133225 reps, rep-entries=5457922, B-slots=3724876
[2026-09-02T02:51:02Z] structure q=3 n=13: 20000/133225 reps, rep-entries=13313800, B-slots=9051761
[2026-09-02T02:51:17Z] structure q=3 n=13: 30000/133225 reps, rep-entries=22619209, B-slots=14983181
[2026-09-02T02:51:35Z] structure q=3 n=13: 40000/133225 reps, rep-entries=33351261, B-slots=22044377
[2026-09-02T02:51:55Z] structure q=3 n=13: 50000/133225 reps, rep-entries=45034622, B-slots=29377339
[2026-09-02T02:52:12Z] structure q=3 n=13: 60000/133225 reps, rep-entries=54945218, B-slots=35594339
[2026-09-02T02:52:42Z] structure q=3 n=13: 70000/133225 reps, rep-entries=68875539, B-slots=43838349
[2026-09-02T02:53:01Z] structure q=3 n=13: 80000/133225 reps, rep-entries=79297034, B-slots=50511563
[2026-09-02T02:53:31Z] structure q=3 n=13: 90000/133225 reps, rep-entries=92581356, B-slots=58752353
[2026-09-02T02:54:12Z] structure q=3 n=13: 100000/133225 reps, rep-entries=106961875, B-slots=67376484
[2026-09-02T02:54:53Z] structure q=3 n=13: 110000/133225 reps, rep-entries=120960738, B-slots=75619158
[2026-09-02T02:55:21Z] structure q=3 n=13: 120000/133225 reps, rep-entries=132307809, B-slots=82706222
[2026-09-02T02:56:18Z] structure q=3 n=13: 130000/133225 reps, rep-entries=147935710, B-slots=91302581
[2026-09-02T02:56:53Z] structure q=3 n=13: in-g=133225 out-g=200205 rep-entries=152963378 B-slots=93991184 [383.662s]
[2026-09-02T02:57:15Z] in-run control battery: n=12 ACCEPT (bit-exact) + REJECT plants
[2026-09-02T02:57:19Z]   orbits: input g-orbits 44530 of 531441 words; output g-orbits (flat) 66980
[2026-09-02T02:57:19Z]   word bucketing done (531441 words) [3.3s]
[2026-09-02T02:57:26Z] structure q=3 n=12: 10000/44530 reps, rep-entries=4519116, B-slots=2935630
[2026-09-02T02:57:35Z] structure q=3 n=12: 20000/44530 reps, rep-entries=10984951, B-slots=6959900
[2026-09-02T02:57:46Z] structure q=3 n=12: 30000/44530 reps, rep-entries=18486444, B-slots=11446425
[2026-09-02T02:57:57Z] structure q=3 n=12: 40000/44530 reps, rep-entries=26431331, B-slots=16092904
[2026-09-02T02:58:06Z] structure q=3 n=12: in-g=44530 out-g=66980 rep-entries=30666848 B-slots=18311678 [50.881s]
[2026-09-02T03:09:41Z]   full KL q=3 n=12: 10000/531441
[2026-09-02T03:09:47Z]   full KL q=3 n=12: 20000/531441
[2026-09-02T03:09:54Z]   full KL q=3 n=12: 30000/531441
[2026-09-02T03:10:03Z]   full KL q=3 n=12: 40000/531441
[2026-09-02T03:10:11Z]   full KL q=3 n=12: 50000/531441
[2026-09-02T03:10:18Z]   full KL q=3 n=12: 60000/531441
[2026-09-02T03:10:27Z]   full KL q=3 n=12: 70000/531441
[2026-09-02T03:10:37Z]   full KL q=3 n=12: 80000/531441
[2026-09-02T03:10:44Z]   full KL q=3 n=12: 90000/531441
[2026-09-02T03:10:53Z]   full KL q=3 n=12: 100000/531441
[2026-09-02T03:11:04Z]   full KL q=3 n=12: 110000/531441
[2026-09-02T03:11:13Z]   full KL q=3 n=12: 120000/531441
[2026-09-02T03:11:23Z]   full KL q=3 n=12: 130000/531441
[2026-09-02T03:11:32Z]   full KL q=3 n=12: 140000/531441
[2026-09-02T03:11:43Z]   full KL q=3 n=12: 150000/531441
[2026-09-02T03:11:52Z]   full KL q=3 n=12: 160000/531441
[2026-09-02T03:12:01Z]   full KL q=3 n=12: 170000/531441
[2026-09-02T03:12:07Z]   full KL q=3 n=12: 180000/531441
[2026-09-02T03:12:15Z]   full KL q=3 n=12: 190000/531441
[2026-09-02T03:12:24Z]   full KL q=3 n=12: 200000/531441
[2026-09-02T03:12:33Z]   full KL q=3 n=12: 210000/531441
[2026-09-02T03:12:43Z]   full KL q=3 n=12: 220000/531441
[2026-09-02T03:12:55Z]   full KL q=3 n=12: 230000/531441
[2026-09-02T03:13:03Z]   full KL q=3 n=12: 240000/531441
[2026-09-02T03:13:11Z]   full KL q=3 n=12: 250000/531441
[2026-09-02T03:13:18Z]   full KL q=3 n=12: 260000/531441
[2026-09-02T03:13:23Z]   full KL q=3 n=12: 270000/531441
[2026-09-02T03:13:30Z]   full KL q=3 n=12: 280000/531441
[2026-09-02T03:13:39Z]   full KL q=3 n=12: 290000/531441
[2026-09-02T03:13:46Z]   full KL q=3 n=12: 300000/531441
[2026-09-02T03:13:58Z]   full KL q=3 n=12: 310000/531441
[2026-09-02T03:14:09Z]   full KL q=3 n=12: 320000/531441
[2026-09-02T03:14:18Z]   full KL q=3 n=12: 330000/531441
[2026-09-02T03:14:27Z]   full KL q=3 n=12: 340000/531441
[2026-09-02T03:14:35Z]   full KL q=3 n=12: 350000/531441
[2026-09-02T03:14:41Z]   full KL q=3 n=12: 360000/531441
[2026-09-02T03:14:50Z]   full KL q=3 n=12: 370000/531441
[2026-09-02T03:15:00Z]   full KL q=3 n=12: 380000/531441
[2026-09-02T03:15:10Z]   full KL q=3 n=12: 390000/531441
[2026-09-02T03:15:20Z]   full KL q=3 n=12: 400000/531441
[2026-09-02T03:15:30Z]   full KL q=3 n=12: 410000/531441
[2026-09-02T03:15:38Z]   full KL q=3 n=12: 420000/531441
[2026-09-02T03:15:49Z]   full KL q=3 n=12: 430000/531441
[2026-09-02T03:15:59Z]   full KL q=3 n=12: 440000/531441
[2026-09-02T03:16:06Z]   full KL q=3 n=12: 450000/531441
[2026-09-02T03:16:16Z]   full KL q=3 n=12: 460000/531441
[2026-09-02T03:16:25Z]   full KL q=3 n=12: 470000/531441
[2026-09-02T03:16:32Z]   full KL q=3 n=12: 480000/531441
[2026-09-02T03:16:41Z]   full KL q=3 n=12: 490000/531441
[2026-09-02T03:16:50Z]   full KL q=3 n=12: 500000/531441
[2026-09-02T03:16:57Z]   full KL q=3 n=12: 510000/531441
[2026-09-02T03:17:03Z]   full KL q=3 n=12: 520000/531441
[2026-09-02T03:17:08Z]   full KL q=3 n=12: 530000/531441
[2026-09-02T03:17:49Z]   full KL q=3 n=12: 10000/531441
[2026-09-02T03:17:55Z]   full KL q=3 n=12: 20000/531441
[2026-09-02T03:18:01Z]   full KL q=3 n=12: 30000/531441
[2026-09-02T03:18:09Z]   full KL q=3 n=12: 40000/531441
[2026-09-02T03:18:17Z]   full KL q=3 n=12: 50000/531441
[2026-09-02T03:18:24Z]   full KL q=3 n=12: 60000/531441
[2026-09-02T03:18:32Z]   full KL q=3 n=12: 70000/531441
[2026-09-02T03:18:41Z]   full KL q=3 n=12: 80000/531441
[2026-09-02T03:18:48Z]   full KL q=3 n=12: 90000/531441
[2026-09-02T03:18:56Z]   full KL q=3 n=12: 100000/531441
[2026-09-02T03:19:07Z]   full KL q=3 n=12: 110000/531441
[2026-09-02T03:19:15Z]   full KL q=3 n=12: 120000/531441
[2026-09-02T03:19:24Z]   full KL q=3 n=12: 130000/531441
[2026-09-02T03:19:33Z]   full KL q=3 n=12: 140000/531441
[2026-09-02T03:19:43Z]   full KL q=3 n=12: 150000/531441
[2026-09-02T03:19:51Z]   full KL q=3 n=12: 160000/531441
[2026-09-02T03:20:00Z]   full KL q=3 n=12: 170000/531441
[2026-09-02T03:20:05Z]   full KL q=3 n=12: 180000/531441
[2026-09-02T03:20:13Z]   full KL q=3 n=12: 190000/531441
[2026-09-02T03:20:21Z]   full KL q=3 n=12: 200000/531441
[2026-09-02T03:20:29Z]   full KL q=3 n=12: 210000/531441
[2026-09-02T03:20:39Z]   full KL q=3 n=12: 220000/531441
[2026-09-02T03:20:50Z]   full KL q=3 n=12: 230000/531441
[2026-09-02T03:20:58Z]   full KL q=3 n=12: 240000/531441
[2026-09-02T03:21:05Z]   full KL q=3 n=12: 250000/531441
[2026-09-02T03:21:13Z]   full KL q=3 n=12: 260000/531441
[2026-09-02T03:21:18Z]   full KL q=3 n=12: 270000/531441
[2026-09-02T03:21:25Z]   full KL q=3 n=12: 280000/531441
[2026-09-02T03:21:33Z]   full KL q=3 n=12: 290000/531441
[2026-09-02T03:21:41Z]   full KL q=3 n=12: 300000/531441
[2026-09-02T03:21:51Z]   full KL q=3 n=12: 310000/531441
[2026-09-02T03:22:02Z]   full KL q=3 n=12: 320000/531441
[2026-09-02T03:22:11Z]   full KL q=3 n=12: 330000/531441
[2026-09-02T03:22:19Z]   full KL q=3 n=12: 340000/531441
[2026-09-02T03:22:28Z]   full KL q=3 n=12: 350000/531441
[2026-09-02T03:22:33Z]   full KL q=3 n=12: 360000/531441
[2026-09-02T03:22:42Z]   full KL q=3 n=12: 370000/531441
[2026-09-02T03:22:52Z]   full KL q=3 n=12: 380000/531441
[2026-09-02T03:23:03Z]   full KL q=3 n=12: 390000/531441
[2026-09-02T03:23:12Z]   full KL q=3 n=12: 400000/531441
[2026-09-02T03:23:23Z]   full KL q=3 n=12: 410000/531441
[2026-09-02T03:23:31Z]   full KL q=3 n=12: 420000/531441
[2026-09-02T03:23:43Z]   full KL q=3 n=12: 430000/531441
[2026-09-02T03:23:53Z]   full KL q=3 n=12: 440000/531441
[2026-09-02T03:24:00Z]   full KL q=3 n=12: 450000/531441
[2026-09-02T03:24:10Z]   full KL q=3 n=12: 460000/531441
[2026-09-02T03:24:19Z]   full KL q=3 n=12: 470000/531441
[2026-09-02T03:24:26Z]   full KL q=3 n=12: 480000/531441
[2026-09-02T03:24:35Z]   full KL q=3 n=12: 490000/531441
[2026-09-02T03:24:44Z]   full KL q=3 n=12: 500000/531441
[2026-09-02T03:24:52Z]   full KL q=3 n=12: 510000/531441
[2026-09-02T03:24:58Z]   full KL q=3 n=12: 520000/531441
[2026-09-02T03:25:03Z]   full KL q=3 n=12: 530000/531441
[2026-09-02T03:25:49Z]   full KL q=3 n=12: 10000/531441
[2026-09-02T03:25:55Z]   full KL q=3 n=12: 20000/531441
[2026-09-02T03:26:03Z]   full KL q=3 n=12: 30000/531441
[2026-09-02T03:26:12Z]   full KL q=3 n=12: 40000/531441
[2026-09-02T03:26:21Z]   full KL q=3 n=12: 50000/531441
[2026-09-02T03:26:28Z]   full KL q=3 n=12: 60000/531441
[2026-09-02T03:26:37Z]   full KL q=3 n=12: 70000/531441
[2026-09-02T03:26:48Z]   full KL q=3 n=12: 80000/531441
[2026-09-02T03:26:56Z]   full KL q=3 n=12: 90000/531441
[2026-09-02T03:27:05Z]   full KL q=3 n=12: 100000/531441
[2026-09-02T03:27:17Z]   full KL q=3 n=12: 110000/531441
[2026-09-02T03:27:27Z]   full KL q=3 n=12: 120000/531441
[2026-09-02T03:27:37Z]   full KL q=3 n=12: 130000/531441
[2026-09-02T03:27:48Z]   full KL q=3 n=12: 140000/531441
[2026-09-02T03:27:59Z]   full KL q=3 n=12: 150000/531441
[2026-09-02T03:28:10Z]   full KL q=3 n=12: 160000/531441
[2026-09-02T03:28:20Z]   full KL q=3 n=12: 170000/531441
[2026-09-02T03:28:26Z]   full KL q=3 n=12: 180000/531441
[2026-09-02T03:28:35Z]   full KL q=3 n=12: 190000/531441
[2026-09-02T03:28:44Z]   full KL q=3 n=12: 200000/531441
[2026-09-02T03:28:53Z]   full KL q=3 n=12: 210000/531441
[2026-09-02T03:29:05Z]   full KL q=3 n=12: 220000/531441
[2026-09-02T03:29:17Z]   full KL q=3 n=12: 230000/531441
[2026-09-02T03:29:26Z]   full KL q=3 n=12: 240000/531441
[2026-09-02T03:29:34Z]   full KL q=3 n=12: 250000/531441
[2026-09-02T03:29:42Z]   full KL q=3 n=12: 260000/531441
[2026-09-02T03:29:48Z]   full KL q=3 n=12: 270000/531441
[2026-09-02T03:29:56Z]   full KL q=3 n=12: 280000/531441
[2026-09-02T03:30:04Z]   full KL q=3 n=12: 290000/531441
[2026-09-02T03:30:12Z]   full KL q=3 n=12: 300000/531441
[2026-09-02T03:30:25Z]   full KL q=3 n=12: 310000/531441
[2026-09-02T03:30:36Z]   full KL q=3 n=12: 320000/531441
[2026-09-02T03:30:46Z]   full KL q=3 n=12: 330000/531441
[2026-09-02T03:30:56Z]   full KL q=3 n=12: 340000/531441
[2026-09-02T03:31:05Z]   full KL q=3 n=12: 350000/531441
[2026-09-02T03:31:12Z]   full KL q=3 n=12: 360000/531441
[2026-09-02T03:31:21Z]   full KL q=3 n=12: 370000/531441
[2026-09-02T03:31:32Z]   full KL q=3 n=12: 380000/531441
[2026-09-02T03:31:43Z]   full KL q=3 n=12: 390000/531441
[2026-09-02T03:31:54Z]   full KL q=3 n=12: 400000/531441
[2026-09-02T03:32:05Z]   full KL q=3 n=12: 410000/531441
[2026-09-02T03:32:14Z]   full KL q=3 n=12: 420000/531441
[2026-09-02T03:32:26Z]   full KL q=3 n=12: 430000/531441
[2026-09-02T03:32:36Z]   full KL q=3 n=12: 440000/531441
[2026-09-02T03:32:44Z]   full KL q=3 n=12: 450000/531441
[2026-09-02T03:32:54Z]   full KL q=3 n=12: 460000/531441
[2026-09-02T03:33:04Z]   full KL q=3 n=12: 470000/531441
[2026-09-02T03:33:11Z]   full KL q=3 n=12: 480000/531441
[2026-09-02T03:33:20Z]   full KL q=3 n=12: 490000/531441
[2026-09-02T03:33:29Z]   full KL q=3 n=12: 500000/531441
[2026-09-02T03:33:37Z]   full KL q=3 n=12: 510000/531441
[2026-09-02T03:33:44Z]   full KL q=3 n=12: 520000/531441
[2026-09-02T03:33:49Z]   full KL q=3 n=12: 530000/531441
[2026-09-02T03:33:50Z] ACCEPT control n=12 (0:3:12:1/10): MATCH (41 fields + 5 BA-dual fields)
[2026-09-02T03:33:50Z]   orbits: input g-orbits 25 of 243 words; output g-orbits (flat) 43
[2026-09-02T03:33:50Z]   word bucketing done (243 words) [0.0s]
[2026-09-02T03:33:50Z] structure q=3 n=5: in-g=25 out-g=43 rep-entries=466 B-slots=271 [0.002s]
[2026-09-02T03:33:50Z] in-run control battery: PASS (ACCEPT MATCH, all plants REJECTED)
[2026-09-02T03:34:35Z]   orbits: input g-orbits 133225 of 1594323 words; output g-orbits (flat) 200205
[2026-09-02T03:34:36Z]   word bucketing done (1594323 words) [13.0s]
[2026-09-02T03:34:45Z] structure q=3 n=13: 10000/133225 reps, rep-entries=5457922, B-slots=3724876
[2026-09-02T03:34:59Z] structure q=3 n=13: 20000/133225 reps, rep-entries=13313800, B-slots=9051761
[2026-09-02T03:35:15Z] structure q=3 n=13: 30000/133225 reps, rep-entries=22619209, B-slots=14983181
[2026-09-02T03:35:34Z] structure q=3 n=13: 40000/133225 reps, rep-entries=33351261, B-slots=22044377
[2026-09-02T03:35:56Z] structure q=3 n=13: 50000/133225 reps, rep-entries=45034622, B-slots=29377339
[2026-09-02T03:36:14Z] structure q=3 n=13: 60000/133225 reps, rep-entries=54945218, B-slots=35594339
[2026-09-02T03:36:47Z] structure q=3 n=13: 70000/133225 reps, rep-entries=68875539, B-slots=43838349
[2026-09-02T03:37:08Z] structure q=3 n=13: 80000/133225 reps, rep-entries=79297034, B-slots=50511563
[2026-09-02T03:37:40Z] structure q=3 n=13: 90000/133225 reps, rep-entries=92581356, B-slots=58752353
[2026-09-02T03:38:25Z] structure q=3 n=13: 100000/133225 reps, rep-entries=106961875, B-slots=67376484
[2026-09-02T03:39:11Z] structure q=3 n=13: 110000/133225 reps, rep-entries=120960738, B-slots=75619158
[2026-09-02T03:39:42Z] structure q=3 n=13: 120000/133225 reps, rep-entries=132307809, B-slots=82706222
[2026-09-02T03:40:44Z] structure q=3 n=13: 130000/133225 reps, rep-entries=147935710, B-slots=91302581
[2026-09-02T03:41:22Z] structure q=3 n=13: in-g=133225 out-g=200205 rep-entries=152963378 B-slots=93991184 [419.169s]
[2026-09-02T04:37:21Z]   full KL q=3 n=13: 10000/1594323
[2026-09-02T04:37:28Z]   full KL q=3 n=13: 20000/1594323
[2026-09-02T04:37:36Z]   full KL q=3 n=13: 30000/1594323
[2026-09-02T04:37:47Z]   full KL q=3 n=13: 40000/1594323
[2026-09-02T04:38:05Z]   full KL q=3 n=13: 60000/1594323
[2026-09-02T04:38:14Z]   full KL q=3 n=13: 70000/1594323
[2026-09-02T04:38:26Z]   full KL q=3 n=13: 80000/1594323
[2026-09-02T04:38:36Z]   full KL q=3 n=13: 90000/1594323
[2026-09-02T04:39:02Z]   full KL q=3 n=13: 110000/1594323
[2026-09-02T04:39:14Z]   full KL q=3 n=13: 120000/1594323
[2026-09-02T04:39:25Z]   full KL q=3 n=13: 130000/1594323
[2026-09-02T04:40:02Z]   full KL q=3 n=13: 160000/1594323
[2026-09-02T04:40:15Z]   full KL q=3 n=13: 170000/1594323
[2026-09-02T04:40:23Z]   full KL q=3 n=13: 180000/1594323
[2026-09-02T04:40:32Z]   full KL q=3 n=13: 190000/1594323
[2026-09-02T04:40:55Z]   full KL q=3 n=13: 210000/1594323
[2026-09-02T04:41:08Z]   full KL q=3 n=13: 220000/1594323
[2026-09-02T04:41:21Z]   full KL q=3 n=13: 230000/1594323
[2026-09-02T04:41:33Z]   full KL q=3 n=13: 240000/1594323
[2026-09-02T04:42:06Z]   full KL q=3 n=13: 270000/1594323
[2026-09-02T04:42:19Z]   full KL q=3 n=13: 280000/1594323
[2026-09-02T04:42:33Z]   full KL q=3 n=13: 290000/1594323
[2026-09-02T04:43:01Z]   full KL q=3 n=13: 310000/1594323
[2026-09-02T04:43:15Z]   full KL q=3 n=13: 320000/1594323
[2026-09-02T04:43:43Z]   full KL q=3 n=13: 340000/1594323
[2026-09-02T04:43:58Z]   full KL q=3 n=13: 350000/1594323
[2026-09-02T04:44:08Z]   full KL q=3 n=13: 360000/1594323
[2026-09-02T04:44:19Z]   full KL q=3 n=13: 370000/1594323
[2026-09-02T04:44:43Z]   full KL q=3 n=13: 390000/1594323
[2026-09-02T04:44:56Z]   full KL q=3 n=13: 400000/1594323
[2026-09-02T04:45:08Z]   full KL q=3 n=13: 410000/1594323
[2026-09-02T04:45:50Z]   full KL q=3 n=13: 440000/1594323
[2026-09-02T04:46:18Z]   full KL q=3 n=13: 460000/1594323
[2026-09-02T04:46:31Z]   full KL q=3 n=13: 470000/1594323
[2026-09-02T04:46:43Z]   full KL q=3 n=13: 480000/1594323
[2026-09-02T04:46:55Z]   full KL q=3 n=13: 490000/1594323
[2026-09-02T04:47:09Z]   full KL q=3 n=13: 500000/1594323
[2026-09-02T04:47:44Z]   full KL q=3 n=13: 530000/1594323
[2026-09-02T04:47:52Z]   full KL q=3 n=13: 540000/1594323
[2026-09-02T04:48:04Z]   full KL q=3 n=13: 550000/1594323
[2026-09-02T04:48:13Z]   full KL q=3 n=13: 560000/1594323
[2026-09-02T04:48:27Z]   full KL q=3 n=13: 570000/1594323
[2026-09-02T04:48:40Z]   full KL q=3 n=13: 580000/1594323
[2026-09-02T04:48:54Z]   full KL q=3 n=13: 590000/1594323
[2026-09-02T04:49:18Z]   full KL q=3 n=13: 610000/1594323
[2026-09-02T04:49:26Z]   full KL q=3 n=13: 620000/1594323
[2026-09-02T04:49:38Z]   full KL q=3 n=13: 630000/1594323
[2026-09-02T04:49:51Z]   full KL q=3 n=13: 640000/1594323
[2026-09-02T04:50:04Z]   full KL q=3 n=13: 650000/1594323
[2026-09-02T04:50:17Z]   full KL q=3 n=13: 660000/1594323
[2026-09-02T04:50:32Z]   full KL q=3 n=13: 670000/1594323
[2026-09-02T04:50:47Z]   full KL q=3 n=13: 680000/1594323
[2026-09-02T04:51:00Z]   full KL q=3 n=13: 690000/1594323
[2026-09-02T04:51:16Z]   full KL q=3 n=13: 700000/1594323
[2026-09-02T04:51:28Z]   full KL q=3 n=13: 710000/1594323
[2026-09-02T04:51:38Z]   full KL q=3 n=13: 720000/1594323
[2026-09-02T04:52:01Z]   full KL q=3 n=13: 740000/1594323
[2026-09-02T04:52:28Z]   full KL q=3 n=13: 760000/1594323
[2026-09-02T04:52:39Z]   full KL q=3 n=13: 770000/1594323
[2026-09-02T04:52:58Z]   full KL q=3 n=13: 790000/1594323
[2026-09-02T04:53:04Z]   full KL q=3 n=13: 800000/1594323
[2026-09-02T04:53:12Z]   full KL q=3 n=13: 810000/1594323
[2026-09-02T04:53:21Z]   full KL q=3 n=13: 820000/1594323
[2026-09-02T04:53:32Z]   full KL q=3 n=13: 830000/1594323
[2026-09-02T04:53:46Z]   full KL q=3 n=13: 840000/1594323
[2026-09-02T04:53:59Z]   full KL q=3 n=13: 850000/1594323
[2026-09-02T04:54:09Z]   full KL q=3 n=13: 860000/1594323
[2026-09-02T04:54:21Z]   full KL q=3 n=13: 870000/1594323
[2026-09-02T04:54:32Z]   full KL q=3 n=13: 880000/1594323
[2026-09-02T04:54:43Z]   full KL q=3 n=13: 890000/1594323
[2026-09-02T04:55:27Z]   full KL q=3 n=13: 920000/1594323
[2026-09-02T04:55:41Z]   full KL q=3 n=13: 930000/1594323
[2026-09-02T04:56:22Z]   full KL q=3 n=13: 960000/1594323
[2026-09-02T04:56:35Z]   full KL q=3 n=13: 970000/1594323
[2026-09-02T04:57:20Z]   full KL q=3 n=13: 1010000/1594323
[2026-09-02T04:57:35Z]   full KL q=3 n=13: 1020000/1594323
[2026-09-02T04:57:49Z]   full KL q=3 n=13: 1030000/1594323
[2026-09-02T04:58:00Z]   full KL q=3 n=13: 1040000/1594323
[2026-09-02T04:58:11Z]   full KL q=3 n=13: 1050000/1594323
[2026-09-02T04:58:21Z]   full KL q=3 n=13: 1060000/1594323
[2026-09-02T04:58:29Z]   full KL q=3 n=13: 1070000/1594323
[2026-09-02T04:58:41Z]   full KL q=3 n=13: 1080000/1594323
[2026-09-02T04:59:08Z]   full KL q=3 n=13: 1100000/1594323
[2026-09-02T04:59:20Z]   full KL q=3 n=13: 1110000/1594323
[2026-09-02T04:59:33Z]   full KL q=3 n=13: 1120000/1594323
[2026-09-02T04:59:46Z]   full KL q=3 n=13: 1130000/1594323
[2026-09-02T05:00:16Z]   full KL q=3 n=13: 1150000/1594323
[2026-09-02T05:00:31Z]   full KL q=3 n=13: 1160000/1594323
[2026-09-02T05:00:48Z]   full KL q=3 n=13: 1170000/1594323
[2026-09-02T05:01:03Z]   full KL q=3 n=13: 1180000/1594323
[2026-09-02T05:01:14Z]   full KL q=3 n=13: 1190000/1594323
[2026-09-02T05:01:29Z]   full KL q=3 n=13: 1200000/1594323
[2026-09-02T05:01:44Z]   full KL q=3 n=13: 1210000/1594323
[2026-09-02T05:02:08Z]   full KL q=3 n=13: 1230000/1594323
[2026-09-02T05:02:19Z]   full KL q=3 n=13: 1240000/1594323
[2026-09-02T05:02:32Z]   full KL q=3 n=13: 1250000/1594323
[2026-09-02T05:03:03Z]   full KL q=3 n=13: 1270000/1594323
[2026-09-02T05:03:19Z]   full KL q=3 n=13: 1280000/1594323
[2026-09-02T05:03:50Z]   full KL q=3 n=13: 1300000/1594323
[2026-09-02T05:04:04Z]   full KL q=3 n=13: 1310000/1594323
[2026-09-02T05:04:20Z]   full KL q=3 n=13: 1320000/1594323
[2026-09-02T05:04:31Z]   full KL q=3 n=13: 1330000/1594323
[2026-09-02T05:04:43Z]   full KL q=3 n=13: 1340000/1594323
[2026-09-02T05:05:08Z]   full KL q=3 n=13: 1360000/1594323
[2026-09-02T05:05:37Z]   full KL q=3 n=13: 1380000/1594323
[2026-09-02T05:06:03Z]   full KL q=3 n=13: 1400000/1594323
[2026-09-02T05:06:13Z]   full KL q=3 n=13: 1410000/1594323
[2026-09-02T05:06:23Z]   full KL q=3 n=13: 1420000/1594323
[2026-09-02T05:06:36Z]   full KL q=3 n=13: 1430000/1594323
[2026-09-02T05:06:49Z]   full KL q=3 n=13: 1440000/1594323
[2026-09-02T05:07:04Z]   full KL q=3 n=13: 1450000/1594323
[2026-09-02T05:07:17Z]   full KL q=3 n=13: 1460000/1594323
[2026-09-02T05:07:30Z]   full KL q=3 n=13: 1470000/1594323
[2026-09-02T05:07:41Z]   full KL q=3 n=13: 1480000/1594323
[2026-09-02T05:08:11Z]   full KL q=3 n=13: 1500000/1594323
[2026-09-02T05:08:23Z]   full KL q=3 n=13: 1510000/1594323
[2026-09-02T05:08:35Z]   full KL q=3 n=13: 1520000/1594323
[2026-09-02T05:08:57Z]   full KL q=3 n=13: 1540000/1594323
[2026-09-02T05:09:08Z]   full KL q=3 n=13: 1550000/1594323
[2026-09-02T05:09:28Z]   full KL q=3 n=13: 1570000/1594323
[2026-09-02T05:09:36Z]   full KL q=3 n=13: 1580000/1594323
[2026-09-02T05:09:44Z]   full KL q=3 n=13: 1590000/1594323
[2026-09-02T05:13:36Z]   full KL q=3 n=13: 10000/1594323
[2026-09-02T05:13:44Z]   full KL q=3 n=13: 20000/1594323
[2026-09-02T05:13:53Z]   full KL q=3 n=13: 30000/1594323
[2026-09-02T05:14:05Z]   full KL q=3 n=13: 40000/1594323
[2026-09-02T05:14:16Z]   full KL q=3 n=13: 50000/1594323
[2026-09-02T05:14:26Z]   full KL q=3 n=13: 60000/1594323
[2026-09-02T05:14:38Z]   full KL q=3 n=13: 70000/1594323
[2026-09-02T05:14:53Z]   full KL q=3 n=13: 80000/1594323
[2026-09-02T05:15:05Z]   full KL q=3 n=13: 90000/1594323
[2026-09-02T05:15:19Z]   full KL q=3 n=13: 100000/1594323
[2026-09-02T05:15:38Z]   full KL q=3 n=13: 110000/1594323
[2026-09-02T05:15:52Z]   full KL q=3 n=13: 120000/1594323
[2026-09-02T05:16:06Z]   full KL q=3 n=13: 130000/1594323
[2026-09-02T05:16:21Z]   full KL q=3 n=13: 140000/1594323
[2026-09-02T05:16:38Z]   full KL q=3 n=13: 150000/1594323
[2026-09-02T05:16:54Z]   full KL q=3 n=13: 160000/1594323
[2026-09-02T05:17:08Z]   full KL q=3 n=13: 170000/1594323
[2026-09-02T05:17:17Z]   full KL q=3 n=13: 180000/1594323
[2026-09-02T05:17:31Z]   full KL q=3 n=13: 190000/1594323
[2026-09-02T05:17:46Z]   full KL q=3 n=13: 200000/1594323
[2026-09-02T05:18:02Z]   full KL q=3 n=13: 210000/1594323
[2026-09-02T05:18:23Z]   full KL q=3 n=13: 220000/1594323
[2026-09-02T05:18:47Z]   full KL q=3 n=13: 230000/1594323
[2026-09-02T05:19:02Z]   full KL q=3 n=13: 240000/1594323
[2026-09-02T05:19:17Z]   full KL q=3 n=13: 250000/1594323
[2026-09-02T05:19:33Z]   full KL q=3 n=13: 260000/1594323
[2026-09-02T05:19:43Z]   full KL q=3 n=13: 270000/1594323
[2026-09-02T05:19:58Z]   full KL q=3 n=13: 280000/1594323
[2026-09-02T05:20:16Z]   full KL q=3 n=13: 290000/1594323
[2026-09-02T05:20:32Z]   full KL q=3 n=13: 300000/1594323
[2026-09-02T05:20:58Z]   full KL q=3 n=13: 310000/1594323
[2026-09-02T05:21:22Z]   full KL q=3 n=13: 320000/1594323
[2026-09-02T05:21:43Z]   full KL q=3 n=13: 330000/1594323
[2026-09-02T05:22:04Z]   full KL q=3 n=13: 340000/1594323
[2026-09-02T05:22:22Z]   full KL q=3 n=13: 350000/1594323
[2026-09-02T05:22:32Z]   full KL q=3 n=13: 360000/1594323
[2026-09-02T05:22:48Z]   full KL q=3 n=13: 370000/1594323
[2026-09-02T05:23:07Z]   full KL q=3 n=13: 380000/1594323
[2026-09-02T05:23:29Z]   full KL q=3 n=13: 390000/1594323
[2026-09-02T05:23:47Z]   full KL q=3 n=13: 400000/1594323
[2026-09-02T05:24:07Z]   full KL q=3 n=13: 410000/1594323
[2026-09-02T05:24:24Z]   full KL q=3 n=13: 420000/1594323
[2026-09-02T05:24:50Z]   full KL q=3 n=13: 430000/1594323
[2026-09-02T05:25:11Z]   full KL q=3 n=13: 440000/1594323
[2026-09-02T05:25:28Z]   full KL q=3 n=13: 450000/1594323
[2026-09-02T05:25:51Z]   full KL q=3 n=13: 460000/1594323
[2026-09-02T05:26:12Z]   full KL q=3 n=13: 470000/1594323
[2026-09-02T05:26:25Z]   full KL q=3 n=13: 480000/1594323
[2026-09-02T05:26:43Z]   full KL q=3 n=13: 490000/1594323
[2026-09-02T05:27:01Z]   full KL q=3 n=13: 500000/1594323
[2026-09-02T05:27:18Z]   full KL q=3 n=13: 510000/1594323
[2026-09-02T05:27:31Z]   full KL q=3 n=13: 520000/1594323
[2026-09-02T05:27:40Z]   full KL q=3 n=13: 530000/1594323
[2026-09-02T05:27:48Z]   full KL q=3 n=13: 540000/1594323
[2026-09-02T05:28:01Z]   full KL q=3 n=13: 550000/1594323
[2026-09-02T05:28:14Z]   full KL q=3 n=13: 560000/1594323
[2026-09-02T05:28:31Z]   full KL q=3 n=13: 570000/1594323
[2026-09-02T05:28:48Z]   full KL q=3 n=13: 580000/1594323
[2026-09-02T05:29:04Z]   full KL q=3 n=13: 590000/1594323
[2026-09-02T05:29:18Z]   full KL q=3 n=13: 600000/1594323
[2026-09-02T05:29:38Z]   full KL q=3 n=13: 610000/1594323
[2026-09-02T05:29:51Z]   full KL q=3 n=13: 620000/1594323
[2026-09-02T05:30:05Z]   full KL q=3 n=13: 630000/1594323
[2026-09-02T05:30:28Z]   full KL q=3 n=13: 640000/1594323
[2026-09-02T05:30:46Z]   full KL q=3 n=13: 650000/1594323
[2026-09-02T05:31:06Z]   full KL q=3 n=13: 660000/1594323
[2026-09-02T05:31:28Z]   full KL q=3 n=13: 670000/1594323
[2026-09-02T05:31:52Z]   full KL q=3 n=13: 680000/1594323
[2026-09-02T05:32:14Z]   full KL q=3 n=13: 690000/1594323
[2026-09-02T05:32:34Z]   full KL q=3 n=13: 700000/1594323
[2026-09-02T05:32:47Z]   full KL q=3 n=13: 710000/1594323
[2026-09-02T05:32:58Z]   full KL q=3 n=13: 720000/1594323
[2026-09-02T05:33:12Z]   full KL q=3 n=13: 730000/1594323
[2026-09-02T05:33:24Z]   full KL q=3 n=13: 740000/1594323
[2026-09-02T05:33:39Z]   full KL q=3 n=13: 750000/1594323
[2026-09-02T05:33:58Z]   full KL q=3 n=13: 760000/1594323
[2026-09-02T05:34:11Z]   full KL q=3 n=13: 770000/1594323
[2026-09-02T05:34:21Z]   full KL q=3 n=13: 780000/1594323
[2026-09-02T05:34:32Z]   full KL q=3 n=13: 790000/1594323
[2026-09-02T05:34:37Z]   full KL q=3 n=13: 800000/1594323
[2026-09-02T05:34:46Z]   full KL q=3 n=13: 810000/1594323
[2026-09-02T05:34:57Z]   full KL q=3 n=13: 820000/1594323
[2026-09-02T05:35:08Z]   full KL q=3 n=13: 830000/1594323
[2026-09-02T05:35:26Z]   full KL q=3 n=13: 840000/1594323
[2026-09-02T05:35:42Z]   full KL q=3 n=13: 850000/1594323
[2026-09-02T05:35:56Z]   full KL q=3 n=13: 860000/1594323
[2026-09-02T05:36:10Z]   full KL q=3 n=13: 870000/1594323
[2026-09-02T05:36:24Z]   full KL q=3 n=13: 880000/1594323
[2026-09-02T05:36:35Z]   full KL q=3 n=13: 890000/1594323
[2026-09-02T05:36:54Z]   full KL q=3 n=13: 900000/1594323
[2026-09-02T05:37:16Z]   full KL q=3 n=13: 910000/1594323
[2026-09-02T05:37:39Z]   full KL q=3 n=13: 920000/1594323
[2026-09-02T05:38:04Z]   full KL q=3 n=13: 930000/1594323
[2026-09-02T05:38:29Z]   full KL q=3 n=13: 940000/1594323
[2026-09-02T05:38:46Z]   full KL q=3 n=13: 950000/1594323
[2026-09-02T05:39:10Z]   full KL q=3 n=13: 960000/1594323
[2026-09-02T05:39:30Z]   full KL q=3 n=13: 970000/1594323
[2026-09-02T05:39:44Z]   full KL q=3 n=13: 980000/1594323
[2026-09-02T05:40:03Z]   full KL q=3 n=13: 990000/1594323
[2026-09-02T05:40:21Z]   full KL q=3 n=13: 1000000/1594323
[2026-09-02T05:40:35Z]   full KL q=3 n=13: 1010000/1594323
[2026-09-02T05:40:56Z]   full KL q=3 n=13: 1020000/1594323
[2026-09-02T05:41:14Z]   full KL q=3 n=13: 1030000/1594323
[2026-09-02T05:41:29Z]   full KL q=3 n=13: 1040000/1594323
[2026-09-02T05:41:43Z]   full KL q=3 n=13: 1050000/1594323
[2026-09-02T05:41:54Z]   full KL q=3 n=13: 1060000/1594323
[2026-09-02T05:42:02Z]   full KL q=3 n=13: 1070000/1594323
[2026-09-02T05:42:15Z]   full KL q=3 n=13: 1080000/1594323
[2026-09-02T05:42:31Z]   full KL q=3 n=13: 1090000/1594323
[2026-09-02T05:42:50Z]   full KL q=3 n=13: 1100000/1594323
[2026-09-02T05:43:06Z]   full KL q=3 n=13: 1110000/1594323
[2026-09-02T05:43:24Z]   full KL q=3 n=13: 1120000/1594323
[2026-09-02T05:43:40Z]   full KL q=3 n=13: 1130000/1594323
[2026-09-02T05:44:07Z]   full KL q=3 n=13: 1140000/1594323
[2026-09-02T05:44:26Z]   full KL q=3 n=13: 1150000/1594323
[2026-09-02T05:44:44Z]   full KL q=3 n=13: 1160000/1594323
[2026-09-02T05:45:11Z]   full KL q=3 n=13: 1170000/1594323
[2026-09-02T05:45:33Z]   full KL q=3 n=13: 1180000/1594323
[2026-09-02T05:45:49Z]   full KL q=3 n=13: 1190000/1594323
[2026-09-02T05:46:09Z]   full KL q=3 n=13: 1200000/1594323
[2026-09-02T05:46:32Z]   full KL q=3 n=13: 1210000/1594323
[2026-09-02T05:46:54Z]   full KL q=3 n=13: 1220000/1594323
[2026-09-02T05:47:10Z]   full KL q=3 n=13: 1230000/1594323
[2026-09-02T05:47:23Z]   full KL q=3 n=13: 1240000/1594323
[2026-09-02T05:47:37Z]   full KL q=3 n=13: 1250000/1594323
[2026-09-02T05:47:58Z]   full KL q=3 n=13: 1260000/1594323
[2026-09-02T05:48:19Z]   full KL q=3 n=13: 1270000/1594323
[2026-09-02T05:48:43Z]   full KL q=3 n=13: 1280000/1594323
[2026-09-02T05:49:10Z]   full KL q=3 n=13: 1290000/1594323
[2026-09-02T05:49:31Z]   full KL q=3 n=13: 1300000/1594323
[2026-09-02T05:49:47Z]   full KL q=3 n=13: 1310000/1594323
[2026-09-02T05:50:07Z]   full KL q=3 n=13: 1320000/1594323
[2026-09-02T05:50:19Z]   full KL q=3 n=13: 1330000/1594323
[2026-09-02T05:50:31Z]   full KL q=3 n=13: 1340000/1594323
[2026-09-02T05:50:50Z]   full KL q=3 n=13: 1350000/1594323
[2026-09-02T05:51:03Z]   full KL q=3 n=13: 1360000/1594323
[2026-09-02T05:51:27Z]   full KL q=3 n=13: 1370000/1594323
[2026-09-02T05:51:49Z]   full KL q=3 n=13: 1380000/1594323
[2026-09-02T05:52:08Z]   full KL q=3 n=13: 1390000/1594323
[2026-09-02T05:52:25Z]   full KL q=3 n=13: 1400000/1594323
[2026-09-02T05:52:42Z]   full KL q=3 n=13: 1410000/1594323
[2026-09-02T05:52:52Z]   full KL q=3 n=13: 1420000/1594323
[2026-09-02T05:53:06Z]   full KL q=3 n=13: 1430000/1594323
[2026-09-02T05:53:21Z]   full KL q=3 n=13: 1440000/1594323
[2026-09-02T05:53:39Z]   full KL q=3 n=13: 1450000/1594323
[2026-09-02T05:53:57Z]   full KL q=3 n=13: 1460000/1594323
[2026-09-02T05:54:13Z]   full KL q=3 n=13: 1470000/1594323
[2026-09-02T05:54:26Z]   full KL q=3 n=13: 1480000/1594323
[2026-09-02T05:54:45Z]   full KL q=3 n=13: 1490000/1594323
[2026-09-02T05:55:02Z]   full KL q=3 n=13: 1500000/1594323
[2026-09-02T05:55:15Z]   full KL q=3 n=13: 1510000/1594323
[2026-09-02T05:55:30Z]   full KL q=3 n=13: 1520000/1594323
[2026-09-02T05:55:46Z]   full KL q=3 n=13: 1530000/1594323
[2026-09-02T05:55:56Z]   full KL q=3 n=13: 1540000/1594323
[2026-09-02T05:56:09Z]   full KL q=3 n=13: 1550000/1594323
[2026-09-02T05:56:20Z]   full KL q=3 n=13: 1560000/1594323
[2026-09-02T05:56:31Z]   full KL q=3 n=13: 1570000/1594323
[2026-09-02T05:56:40Z]   full KL q=3 n=13: 1580000/1594323
[2026-09-02T05:56:47Z]   full KL q=3 n=13: 1590000/1594323
[2026-09-02T06:00:31Z]   full KL q=3 n=13: 10000/1594323
[2026-09-02T06:00:39Z]   full KL q=3 n=13: 20000/1594323
[2026-09-02T06:00:49Z]   full KL q=3 n=13: 30000/1594323
[2026-09-02T06:01:00Z]   full KL q=3 n=13: 40000/1594323
[2026-09-02T06:01:12Z]   full KL q=3 n=13: 50000/1594323
[2026-09-02T06:01:22Z]   full KL q=3 n=13: 60000/1594323
[2026-09-02T06:01:34Z]   full KL q=3 n=13: 70000/1594323
[2026-09-02T06:01:49Z]   full KL q=3 n=13: 80000/1594323
[2026-09-02T06:02:01Z]   full KL q=3 n=13: 90000/1594323
[2026-09-02T06:02:15Z]   full KL q=3 n=13: 100000/1594323
[2026-09-02T06:02:34Z]   full KL q=3 n=13: 110000/1594323
[2026-09-02T06:02:48Z]   full KL q=3 n=13: 120000/1594323
[2026-09-02T06:03:03Z]   full KL q=3 n=13: 130000/1594323
[2026-09-02T06:03:17Z]   full KL q=3 n=13: 140000/1594323
[2026-09-02T06:03:35Z]   full KL q=3 n=13: 150000/1594323
[2026-09-02T06:03:50Z]   full KL q=3 n=13: 160000/1594323
[2026-09-02T06:04:05Z]   full KL q=3 n=13: 170000/1594323
[2026-09-02T06:04:14Z]   full KL q=3 n=13: 180000/1594323
[2026-09-02T06:04:28Z]   full KL q=3 n=13: 190000/1594323
[2026-09-02T06:04:44Z]   full KL q=3 n=13: 200000/1594323
[2026-09-02T06:05:00Z]   full KL q=3 n=13: 210000/1594323
[2026-09-02T06:05:21Z]   full KL q=3 n=13: 220000/1594323
[2026-09-02T06:05:45Z]   full KL q=3 n=13: 230000/1594323
[2026-09-02T06:06:01Z]   full KL q=3 n=13: 240000/1594323
[2026-09-02T06:06:16Z]   full KL q=3 n=13: 250000/1594323
[2026-09-02T06:06:32Z]   full KL q=3 n=13: 260000/1594323
[2026-09-02T06:06:42Z]   full KL q=3 n=13: 270000/1594323
[2026-09-02T06:06:58Z]   full KL q=3 n=13: 280000/1594323
[2026-09-02T06:07:16Z]   full KL q=3 n=13: 290000/1594323
[2026-09-02T06:07:32Z]   full KL q=3 n=13: 300000/1594323
[2026-09-02T06:07:58Z]   full KL q=3 n=13: 310000/1594323
[2026-09-02T06:08:23Z]   full KL q=3 n=13: 320000/1594323
[2026-09-02T06:08:44Z]   full KL q=3 n=13: 330000/1594323
[2026-09-02T06:09:06Z]   full KL q=3 n=13: 340000/1594323
[2026-09-02T06:09:25Z]   full KL q=3 n=13: 350000/1594323
[2026-09-02T06:09:36Z]   full KL q=3 n=13: 360000/1594323
[2026-09-02T06:09:53Z]   full KL q=3 n=13: 370000/1594323
[2026-09-02T06:10:13Z]   full KL q=3 n=13: 380000/1594323
[2026-09-02T06:10:35Z]   full KL q=3 n=13: 390000/1594323
[2026-09-02T06:10:55Z]   full KL q=3 n=13: 400000/1594323
[2026-09-02T06:11:15Z]   full KL q=3 n=13: 410000/1594323
[2026-09-02T06:11:33Z]   full KL q=3 n=13: 420000/1594323
[2026-09-02T06:12:01Z]   full KL q=3 n=13: 430000/1594323
[2026-09-02T06:12:23Z]   full KL q=3 n=13: 440000/1594323
[2026-09-02T06:12:41Z]   full KL q=3 n=13: 450000/1594323
[2026-09-02T06:13:05Z]   full KL q=3 n=13: 460000/1594323
[2026-09-02T06:13:27Z]   full KL q=3 n=13: 470000/1594323
[2026-09-02T06:13:41Z]   full KL q=3 n=13: 480000/1594323
[2026-09-02T06:14:00Z]   full KL q=3 n=13: 490000/1594323
[2026-09-02T06:14:19Z]   full KL q=3 n=13: 500000/1594323
[2026-09-02T06:14:37Z]   full KL q=3 n=13: 510000/1594323
[2026-09-02T06:14:50Z]   full KL q=3 n=13: 520000/1594323
[2026-09-02T06:15:01Z]   full KL q=3 n=13: 530000/1594323
[2026-09-02T06:15:09Z]   full KL q=3 n=13: 540000/1594323
[2026-09-02T06:15:23Z]   full KL q=3 n=13: 550000/1594323
[2026-09-02T06:15:37Z]   full KL q=3 n=13: 560000/1594323
[2026-09-02T06:15:55Z]   full KL q=3 n=13: 570000/1594323
[2026-09-02T06:16:14Z]   full KL q=3 n=13: 580000/1594323
[2026-09-02T06:16:32Z]   full KL q=3 n=13: 590000/1594323
[2026-09-02T06:16:47Z]   full KL q=3 n=13: 600000/1594323
[2026-09-02T06:17:08Z]   full KL q=3 n=13: 610000/1594323
[2026-09-02T06:17:22Z]   full KL q=3 n=13: 620000/1594323
[2026-09-02T06:17:37Z]   full KL q=3 n=13: 630000/1594323
[2026-09-02T06:18:03Z]   full KL q=3 n=13: 640000/1594323
[2026-09-02T06:18:22Z]   full KL q=3 n=13: 650000/1594323
[2026-09-02T06:18:43Z]   full KL q=3 n=13: 660000/1594323
[2026-09-02T06:19:08Z]   full KL q=3 n=13: 670000/1594323
[2026-09-02T06:19:33Z]   full KL q=3 n=13: 680000/1594323
[2026-09-02T06:19:57Z]   full KL q=3 n=13: 690000/1594323
[2026-09-02T06:20:18Z]   full KL q=3 n=13: 700000/1594323
[2026-09-02T06:20:33Z]   full KL q=3 n=13: 710000/1594323
[2026-09-02T06:20:44Z]   full KL q=3 n=13: 720000/1594323
[2026-09-02T06:20:59Z]   full KL q=3 n=13: 730000/1594323
[2026-09-02T06:21:13Z]   full KL q=3 n=13: 740000/1594323
[2026-09-02T06:21:29Z]   full KL q=3 n=13: 750000/1594323
[2026-09-02T06:21:50Z]   full KL q=3 n=13: 760000/1594323
[2026-09-02T06:22:03Z]   full KL q=3 n=13: 770000/1594323
[2026-09-02T06:22:14Z]   full KL q=3 n=13: 780000/1594323
[2026-09-02T06:22:25Z]   full KL q=3 n=13: 790000/1594323
[2026-09-02T06:22:31Z]   full KL q=3 n=13: 800000/1594323
[2026-09-02T06:22:40Z]   full KL q=3 n=13: 810000/1594323
[2026-09-02T06:22:52Z]   full KL q=3 n=13: 820000/1594323
[2026-09-02T06:23:02Z]   full KL q=3 n=13: 830000/1594323
[2026-09-02T06:23:21Z]   full KL q=3 n=13: 840000/1594323
[2026-09-02T06:23:39Z]   full KL q=3 n=13: 850000/1594323
[2026-09-02T06:23:52Z]   full KL q=3 n=13: 860000/1594323
[2026-09-02T06:24:07Z]   full KL q=3 n=13: 870000/1594323
[2026-09-02T06:24:21Z]   full KL q=3 n=13: 880000/1594323
[2026-09-02T06:24:32Z]   full KL q=3 n=13: 890000/1594323
[2026-09-02T06:24:50Z]   full KL q=3 n=13: 900000/1594323
[2026-09-02T06:25:12Z]   full KL q=3 n=13: 910000/1594323
[2026-09-02T06:25:36Z]   full KL q=3 n=13: 920000/1594323
[2026-09-02T06:26:01Z]   full KL q=3 n=13: 930000/1594323
[2026-09-02T06:26:25Z]   full KL q=3 n=13: 940000/1594323
[2026-09-02T06:26:43Z]   full KL q=3 n=13: 950000/1594323
[2026-09-02T06:27:06Z]   full KL q=3 n=13: 960000/1594323
[2026-09-02T06:27:26Z]   full KL q=3 n=13: 970000/1594323
[2026-09-02T06:27:40Z]   full KL q=3 n=13: 980000/1594323
[2026-09-02T06:27:59Z]   full KL q=3 n=13: 990000/1594323
[2026-09-02T06:28:17Z]   full KL q=3 n=13: 1000000/1594323
[2026-09-02T06:28:31Z]   full KL q=3 n=13: 1010000/1594323
[2026-09-02T06:28:51Z]   full KL q=3 n=13: 1020000/1594323
[2026-09-02T06:29:09Z]   full KL q=3 n=13: 1030000/1594323
[2026-09-02T06:29:24Z]   full KL q=3 n=13: 1040000/1594323
[2026-09-02T06:29:37Z]   full KL q=3 n=13: 1050000/1594323
[2026-09-02T06:29:49Z]   full KL q=3 n=13: 1060000/1594323
[2026-09-02T06:29:56Z]   full KL q=3 n=13: 1070000/1594323
[2026-09-02T06:30:10Z]   full KL q=3 n=13: 1080000/1594323
[2026-09-02T06:30:25Z]   full KL q=3 n=13: 1090000/1594323
[2026-09-02T06:30:43Z]   full KL q=3 n=13: 1100000/1594323
[2026-09-02T06:31:00Z]   full KL q=3 n=13: 1110000/1594323
[2026-09-02T06:31:17Z]   full KL q=3 n=13: 1120000/1594323
[2026-09-02T06:31:34Z]   full KL q=3 n=13: 1130000/1594323
[2026-09-02T06:31:59Z]   full KL q=3 n=13: 1140000/1594323
[2026-09-02T06:32:18Z]   full KL q=3 n=13: 1150000/1594323
[2026-09-02T06:32:36Z]   full KL q=3 n=13: 1160000/1594323
[2026-09-02T06:33:03Z]   full KL q=3 n=13: 1170000/1594323
[2026-09-02T06:33:25Z]   full KL q=3 n=13: 1180000/1594323
[2026-09-02T06:33:41Z]   full KL q=3 n=13: 1190000/1594323
[2026-09-02T06:34:02Z]   full KL q=3 n=13: 1200000/1594323
[2026-09-02T06:34:25Z]   full KL q=3 n=13: 1210000/1594323
[2026-09-02T06:34:46Z]   full KL q=3 n=13: 1220000/1594323
[2026-09-02T06:35:02Z]   full KL q=3 n=13: 1230000/1594323
[2026-09-02T06:35:15Z]   full KL q=3 n=13: 1240000/1594323
[2026-09-02T06:35:29Z]   full KL q=3 n=13: 1250000/1594323
[2026-09-02T06:35:50Z]   full KL q=3 n=13: 1260000/1594323
[2026-09-02T06:36:11Z]   full KL q=3 n=13: 1270000/1594323
[2026-09-02T06:36:35Z]   full KL q=3 n=13: 1280000/1594323
[2026-09-02T06:37:02Z]   full KL q=3 n=13: 1290000/1594323
[2026-09-02T06:37:23Z]   full KL q=3 n=13: 1300000/1594323
[2026-09-02T06:37:39Z]   full KL q=3 n=13: 1310000/1594323
[2026-09-02T06:37:59Z]   full KL q=3 n=13: 1320000/1594323
[2026-09-02T06:38:10Z]   full KL q=3 n=13: 1330000/1594323
[2026-09-02T06:38:22Z]   full KL q=3 n=13: 1340000/1594323
[2026-09-02T06:38:40Z]   full KL q=3 n=13: 1350000/1594323
[2026-09-02T06:38:54Z]   full KL q=3 n=13: 1360000/1594323
[2026-09-02T06:39:18Z]   full KL q=3 n=13: 1370000/1594323
[2026-09-02T06:39:41Z]   full KL q=3 n=13: 1380000/1594323
[2026-09-02T06:39:59Z]   full KL q=3 n=13: 1390000/1594323
[2026-09-02T06:40:10Z]   full KL q=3 n=13: 1400000/1594323
[2026-09-02T06:40:22Z]   full KL q=3 n=13: 1410000/1594323
[2026-09-02T06:40:29Z]   full KL q=3 n=13: 1420000/1594323
[2026-09-02T06:40:38Z]   full KL q=3 n=13: 1430000/1594323
[2026-09-02T06:40:48Z]   full KL q=3 n=13: 1440000/1594323
[2026-09-02T06:41:00Z]   full KL q=3 n=13: 1450000/1594323
[2026-09-02T06:41:12Z]   full KL q=3 n=13: 1460000/1594323
[2026-09-02T06:41:23Z]   full KL q=3 n=13: 1470000/1594323
[2026-09-02T06:41:32Z]   full KL q=3 n=13: 1480000/1594323
[2026-09-02T06:41:45Z]   full KL q=3 n=13: 1490000/1594323
[2026-09-02T06:41:58Z]   full KL q=3 n=13: 1500000/1594323
[2026-09-02T06:42:07Z]   full KL q=3 n=13: 1510000/1594323
[2026-09-02T06:42:17Z]   full KL q=3 n=13: 1520000/1594323
[2026-09-02T06:42:28Z]   full KL q=3 n=13: 1530000/1594323
[2026-09-02T06:42:35Z]   full KL q=3 n=13: 1540000/1594323
[2026-09-02T06:42:43Z]   full KL q=3 n=13: 1550000/1594323
[2026-09-02T06:42:51Z]   full KL q=3 n=13: 1560000/1594323
[2026-09-02T06:42:59Z]   full KL q=3 n=13: 1570000/1594323
[2026-09-02T06:43:05Z]   full KL q=3 n=13: 1580000/1594323
[2026-09-02T06:43:10Z]   full KL q=3 n=13: 1590000/1594323
[2026-09-02T06:43:12Z] q=3 n=13 d=1/2 ordinal=0 status=CERTIFIED rss=16669851648
[2026-09-02T07:26:48Z]   full KL q=3 n=13: 10000/1594323
[2026-09-02T07:26:54Z]   full KL q=3 n=13: 20000/1594323
[2026-09-02T07:27:00Z]   full KL q=3 n=13: 30000/1594323
[2026-09-02T07:27:08Z]   full KL q=3 n=13: 40000/1594323
[2026-09-02T07:27:15Z]   full KL q=3 n=13: 50000/1594323
[2026-09-02T07:27:22Z]   full KL q=3 n=13: 60000/1594323
[2026-09-02T07:27:30Z]   full KL q=3 n=13: 70000/1594323
[2026-09-02T07:27:40Z]   full KL q=3 n=13: 80000/1594323
[2026-09-02T07:27:48Z]   full KL q=3 n=13: 90000/1594323
[2026-09-02T07:27:57Z]   full KL q=3 n=13: 100000/1594323
[2026-09-02T07:28:10Z]   full KL q=3 n=13: 110000/1594323
[2026-09-02T07:28:19Z]   full KL q=3 n=13: 120000/1594323
[2026-09-02T07:28:29Z]   full KL q=3 n=13: 130000/1594323
[2026-09-02T07:28:39Z]   full KL q=3 n=13: 140000/1594323
[2026-09-02T07:28:51Z]   full KL q=3 n=13: 150000/1594323
[2026-09-02T07:29:01Z]   full KL q=3 n=13: 160000/1594323
[2026-09-02T07:29:11Z]   full KL q=3 n=13: 170000/1594323
[2026-09-02T07:29:17Z]   full KL q=3 n=13: 180000/1594323
[2026-09-02T07:29:26Z]   full KL q=3 n=13: 190000/1594323
[2026-09-02T07:29:37Z]   full KL q=3 n=13: 200000/1594323
[2026-09-02T07:29:47Z]   full KL q=3 n=13: 210000/1594323
[2026-09-02T07:30:01Z]   full KL q=3 n=13: 220000/1594323
[2026-09-02T07:30:17Z]   full KL q=3 n=13: 230000/1594323
[2026-09-02T07:30:28Z]   full KL q=3 n=13: 240000/1594323
[2026-09-02T07:30:38Z]   full KL q=3 n=13: 250000/1594323
[2026-09-02T07:30:48Z]   full KL q=3 n=13: 260000/1594323
[2026-09-02T07:30:55Z]   full KL q=3 n=13: 270000/1594323
[2026-09-02T07:31:05Z]   full KL q=3 n=13: 280000/1594323
[2026-09-02T07:31:17Z]   full KL q=3 n=13: 290000/1594323
[2026-09-02T07:31:28Z]   full KL q=3 n=13: 300000/1594323
[2026-09-02T07:31:45Z]   full KL q=3 n=13: 310000/1594323
[2026-09-02T07:32:02Z]   full KL q=3 n=13: 320000/1594323
[2026-09-02T07:32:16Z]   full KL q=3 n=13: 330000/1594323
[2026-09-02T07:32:29Z]   full KL q=3 n=13: 340000/1594323
[2026-09-02T07:32:41Z]   full KL q=3 n=13: 350000/1594323
[2026-09-02T07:32:49Z]   full KL q=3 n=13: 360000/1594323
[2026-09-02T07:32:59Z]   full KL q=3 n=13: 370000/1594323
[2026-09-02T07:33:12Z]   full KL q=3 n=13: 380000/1594323
[2026-09-02T07:33:26Z]   full KL q=3 n=13: 390000/1594323
[2026-09-02T07:33:39Z]   full KL q=3 n=13: 400000/1594323
[2026-09-02T07:33:52Z]   full KL q=3 n=13: 410000/1594323
[2026-09-02T07:34:03Z]   full KL q=3 n=13: 420000/1594323
[2026-09-02T07:34:20Z]   full KL q=3 n=13: 430000/1594323
[2026-09-02T07:34:35Z]   full KL q=3 n=13: 440000/1594323
[2026-09-02T07:34:46Z]   full KL q=3 n=13: 450000/1594323
[2026-09-02T07:35:01Z]   full KL q=3 n=13: 460000/1594323
[2026-09-02T07:35:15Z]   full KL q=3 n=13: 470000/1594323
[2026-09-02T07:35:24Z]   full KL q=3 n=13: 480000/1594323
[2026-09-02T07:35:36Z]   full KL q=3 n=13: 490000/1594323
[2026-09-02T07:35:48Z]   full KL q=3 n=13: 500000/1594323
[2026-09-02T07:35:59Z]   full KL q=3 n=13: 510000/1594323
[2026-09-02T07:36:07Z]   full KL q=3 n=13: 520000/1594323
[2026-09-02T07:36:14Z]   full KL q=3 n=13: 530000/1594323
[2026-09-02T07:36:19Z]   full KL q=3 n=13: 540000/1594323
[2026-09-02T07:36:28Z]   full KL q=3 n=13: 550000/1594323
[2026-09-02T07:36:37Z]   full KL q=3 n=13: 560000/1594323
[2026-09-02T07:36:48Z]   full KL q=3 n=13: 570000/1594323
[2026-09-02T07:37:00Z]   full KL q=3 n=13: 580000/1594323
[2026-09-02T07:37:11Z]   full KL q=3 n=13: 590000/1594323
[2026-09-02T07:37:21Z]   full KL q=3 n=13: 600000/1594323
[2026-09-02T07:37:35Z]   full KL q=3 n=13: 610000/1594323
[2026-09-02T07:37:43Z]   full KL q=3 n=13: 620000/1594323
[2026-09-02T07:37:53Z]   full KL q=3 n=13: 630000/1594323
[2026-09-02T07:38:09Z]   full KL q=3 n=13: 640000/1594323
[2026-09-02T07:38:21Z]   full KL q=3 n=13: 650000/1594323
[2026-09-02T07:38:35Z]   full KL q=3 n=13: 660000/1594323
[2026-09-02T07:38:50Z]   full KL q=3 n=13: 670000/1594323
[2026-09-02T07:39:06Z]   full KL q=3 n=13: 680000/1594323
[2026-09-02T07:39:21Z]   full KL q=3 n=13: 690000/1594323
[2026-09-02T07:39:35Z]   full KL q=3 n=13: 700000/1594323
[2026-09-02T07:39:44Z]   full KL q=3 n=13: 710000/1594323
[2026-09-02T07:39:51Z]   full KL q=3 n=13: 720000/1594323
[2026-09-02T07:40:01Z]   full KL q=3 n=13: 730000/1594323
[2026-09-02T07:40:09Z]   full KL q=3 n=13: 740000/1594323
[2026-09-02T07:40:20Z]   full KL q=3 n=13: 750000/1594323
[2026-09-02T07:40:32Z]   full KL q=3 n=13: 760000/1594323
[2026-09-02T07:40:41Z]   full KL q=3 n=13: 770000/1594323
[2026-09-02T07:40:48Z]   full KL q=3 n=13: 780000/1594323
[2026-09-02T07:40:55Z]   full KL q=3 n=13: 790000/1594323
[2026-09-02T07:40:59Z]   full KL q=3 n=13: 800000/1594323
[2026-09-02T07:41:05Z]   full KL q=3 n=13: 810000/1594323
[2026-09-02T07:41:13Z]   full KL q=3 n=13: 820000/1594323
[2026-09-02T07:41:20Z]   full KL q=3 n=13: 830000/1594323
[2026-09-02T07:41:33Z]   full KL q=3 n=13: 840000/1594323
[2026-09-02T07:41:44Z]   full KL q=3 n=13: 850000/1594323
[2026-09-02T07:41:54Z]   full KL q=3 n=13: 860000/1594323
[2026-09-02T07:42:03Z]   full KL q=3 n=13: 870000/1594323
[2026-09-02T07:42:12Z]   full KL q=3 n=13: 880000/1594323
[2026-09-02T07:42:20Z]   full KL q=3 n=13: 890000/1594323
[2026-09-02T07:42:33Z]   full KL q=3 n=13: 900000/1594323
[2026-09-02T07:42:47Z]   full KL q=3 n=13: 910000/1594323
[2026-09-02T07:43:03Z]   full KL q=3 n=13: 920000/1594323
[2026-09-02T07:43:20Z]   full KL q=3 n=13: 930000/1594323
[2026-09-02T07:43:36Z]   full KL q=3 n=13: 940000/1594323
[2026-09-02T07:43:48Z]   full KL q=3 n=13: 950000/1594323
[2026-09-02T07:44:03Z]   full KL q=3 n=13: 960000/1594323
[2026-09-02T07:44:17Z]   full KL q=3 n=13: 970000/1594323
[2026-09-02T07:44:26Z]   full KL q=3 n=13: 980000/1594323
[2026-09-02T07:44:39Z]   full KL q=3 n=13: 990000/1594323
[2026-09-02T07:44:50Z]   full KL q=3 n=13: 1000000/1594323
[2026-09-02T07:44:59Z]   full KL q=3 n=13: 1010000/1594323
[2026-09-02T07:45:12Z]   full KL q=3 n=13: 1020000/1594323
[2026-09-02T07:45:25Z]   full KL q=3 n=13: 1030000/1594323
[2026-09-02T07:45:34Z]   full KL q=3 n=13: 1040000/1594323
[2026-09-02T07:45:43Z]   full KL q=3 n=13: 1050000/1594323
[2026-09-02T07:45:51Z]   full KL q=3 n=13: 1060000/1594323
[2026-09-02T07:45:56Z]   full KL q=3 n=13: 1070000/1594323
[2026-09-02T07:46:05Z]   full KL q=3 n=13: 1080000/1594323
[2026-09-02T07:46:15Z]   full KL q=3 n=13: 1090000/1594323
[2026-09-02T07:46:27Z]   full KL q=3 n=13: 1100000/1594323
[2026-09-02T07:46:38Z]   full KL q=3 n=13: 1110000/1594323
[2026-09-02T07:46:50Z]   full KL q=3 n=13: 1120000/1594323
[2026-09-02T07:47:01Z]   full KL q=3 n=13: 1130000/1594323
[2026-09-02T07:47:18Z]   full KL q=3 n=13: 1140000/1594323
[2026-09-02T07:47:30Z]   full KL q=3 n=13: 1150000/1594323
[2026-09-02T07:47:42Z]   full KL q=3 n=13: 1160000/1594323
[2026-09-02T07:48:00Z]   full KL q=3 n=13: 1170000/1594323
[2026-09-02T07:48:15Z]   full KL q=3 n=13: 1180000/1594323
[2026-09-02T07:48:25Z]   full KL q=3 n=13: 1190000/1594323
[2026-09-02T07:48:39Z]   full KL q=3 n=13: 1200000/1594323
[2026-09-02T07:48:54Z]   full KL q=3 n=13: 1210000/1594323
[2026-09-02T07:49:08Z]   full KL q=3 n=13: 1220000/1594323
[2026-09-02T07:49:19Z]   full KL q=3 n=13: 1230000/1594323
[2026-09-02T07:49:28Z]   full KL q=3 n=13: 1240000/1594323
[2026-09-02T07:49:37Z]   full KL q=3 n=13: 1250000/1594323
[2026-09-02T07:49:51Z]   full KL q=3 n=13: 1260000/1594323
[2026-09-02T07:50:05Z]   full KL q=3 n=13: 1270000/1594323
[2026-09-02T07:50:21Z]   full KL q=3 n=13: 1280000/1594323
[2026-09-02T07:50:39Z]   full KL q=3 n=13: 1290000/1594323
[2026-09-02T07:50:53Z]   full KL q=3 n=13: 1300000/1594323
[2026-09-02T07:51:04Z]   full KL q=3 n=13: 1310000/1594323
[2026-09-02T07:51:17Z]   full KL q=3 n=13: 1320000/1594323
[2026-09-02T07:51:24Z]   full KL q=3 n=13: 1330000/1594323
[2026-09-02T07:51:32Z]   full KL q=3 n=13: 1340000/1594323
[2026-09-02T07:51:45Z]   full KL q=3 n=13: 1350000/1594323
[2026-09-02T07:51:54Z]   full KL q=3 n=13: 1360000/1594323
[2026-09-02T07:52:09Z]   full KL q=3 n=13: 1370000/1594323
[2026-09-02T07:52:24Z]   full KL q=3 n=13: 1380000/1594323
[2026-09-02T07:52:36Z]   full KL q=3 n=13: 1390000/1594323
[2026-09-02T07:52:48Z]   full KL q=3 n=13: 1400000/1594323
[2026-09-02T07:52:59Z]   full KL q=3 n=13: 1410000/1594323
[2026-09-02T07:53:06Z]   full KL q=3 n=13: 1420000/1594323
[2026-09-02T07:53:15Z]   full KL q=3 n=13: 1430000/1594323
[2026-09-02T07:53:24Z]   full KL q=3 n=13: 1440000/1594323
[2026-09-02T07:53:36Z]   full KL q=3 n=13: 1450000/1594323
[2026-09-02T07:53:49Z]   full KL q=3 n=13: 1460000/1594323
[2026-09-02T07:54:01Z]   full KL q=3 n=13: 1470000/1594323
[2026-09-02T07:54:09Z]   full KL q=3 n=13: 1480000/1594323
[2026-09-02T07:54:21Z]   full KL q=3 n=13: 1490000/1594323
[2026-09-02T07:54:33Z]   full KL q=3 n=13: 1500000/1594323
[2026-09-02T07:54:41Z]   full KL q=3 n=13: 1510000/1594323
[2026-09-02T07:54:51Z]   full KL q=3 n=13: 1520000/1594323
[2026-09-02T07:55:01Z]   full KL q=3 n=13: 1530000/1594323
[2026-09-02T07:55:08Z]   full KL q=3 n=13: 1540000/1594323
[2026-09-02T07:55:16Z]   full KL q=3 n=13: 1550000/1594323
[2026-09-02T07:55:24Z]   full KL q=3 n=13: 1560000/1594323
[2026-09-02T07:55:31Z]   full KL q=3 n=13: 1570000/1594323
[2026-09-02T07:55:37Z]   full KL q=3 n=13: 1580000/1594323
[2026-09-02T07:55:42Z]   full KL q=3 n=13: 1590000/1594323
[2026-09-02T07:58:11Z]   full KL q=3 n=13: 10000/1594323
[2026-09-02T07:58:17Z]   full KL q=3 n=13: 20000/1594323
[2026-09-02T07:58:23Z]   full KL q=3 n=13: 30000/1594323
[2026-09-02T07:58:31Z]   full KL q=3 n=13: 40000/1594323
[2026-09-02T07:58:38Z]   full KL q=3 n=13: 50000/1594323
[2026-09-02T07:58:45Z]   full KL q=3 n=13: 60000/1594323
[2026-09-02T07:58:53Z]   full KL q=3 n=13: 70000/1594323
[2026-09-02T07:59:03Z]   full KL q=3 n=13: 80000/1594323
[2026-09-02T07:59:11Z]   full KL q=3 n=13: 90000/1594323
[2026-09-02T07:59:20Z]   full KL q=3 n=13: 100000/1594323
[2026-09-02T07:59:33Z]   full KL q=3 n=13: 110000/1594323
[2026-09-02T07:59:42Z]   full KL q=3 n=13: 120000/1594323
[2026-09-02T07:59:52Z]   full KL q=3 n=13: 130000/1594323
[2026-09-02T08:00:02Z]   full KL q=3 n=13: 140000/1594323
[2026-09-02T08:00:14Z]   full KL q=3 n=13: 150000/1594323
[2026-09-02T08:00:25Z]   full KL q=3 n=13: 160000/1594323
[2026-09-02T08:00:34Z]   full KL q=3 n=13: 170000/1594323
[2026-09-02T08:00:40Z]   full KL q=3 n=13: 180000/1594323
[2026-09-02T08:00:49Z]   full KL q=3 n=13: 190000/1594323
[2026-09-02T08:01:00Z]   full KL q=3 n=13: 200000/1594323
[2026-09-02T08:01:10Z]   full KL q=3 n=13: 210000/1594323
[2026-09-02T08:01:24Z]   full KL q=3 n=13: 220000/1594323
[2026-09-02T08:01:40Z]   full KL q=3 n=13: 230000/1594323
[2026-09-02T08:01:51Z]   full KL q=3 n=13: 240000/1594323
[2026-09-02T08:02:01Z]   full KL q=3 n=13: 250000/1594323
[2026-09-02T08:02:11Z]   full KL q=3 n=13: 260000/1594323
[2026-09-02T08:02:18Z]   full KL q=3 n=13: 270000/1594323
[2026-09-02T08:02:29Z]   full KL q=3 n=13: 280000/1594323
[2026-09-02T08:02:41Z]   full KL q=3 n=13: 290000/1594323
[2026-09-02T08:02:51Z]   full KL q=3 n=13: 300000/1594323
[2026-09-02T08:03:09Z]   full KL q=3 n=13: 310000/1594323
[2026-09-02T08:03:25Z]   full KL q=3 n=13: 320000/1594323
[2026-09-02T08:03:39Z]   full KL q=3 n=13: 330000/1594323
[2026-09-02T08:03:53Z]   full KL q=3 n=13: 340000/1594323
[2026-09-02T08:04:05Z]   full KL q=3 n=13: 350000/1594323
[2026-09-02T08:04:12Z]   full KL q=3 n=13: 360000/1594323
[2026-09-02T08:04:23Z]   full KL q=3 n=13: 370000/1594323
[2026-09-02T08:04:36Z]   full KL q=3 n=13: 380000/1594323
[2026-09-02T08:04:50Z]   full KL q=3 n=13: 390000/1594323
[2026-09-02T08:05:03Z]   full KL q=3 n=13: 400000/1594323
[2026-09-02T08:05:16Z]   full KL q=3 n=13: 410000/1594323
[2026-09-02T08:05:27Z]   full KL q=3 n=13: 420000/1594323
[2026-09-02T08:05:45Z]   full KL q=3 n=13: 430000/1594323
[2026-09-02T08:05:59Z]   full KL q=3 n=13: 440000/1594323
[2026-09-02T08:06:10Z]   full KL q=3 n=13: 450000/1594323
[2026-09-02T08:06:26Z]   full KL q=3 n=13: 460000/1594323
[2026-09-02T08:06:40Z]   full KL q=3 n=13: 470000/1594323
[2026-09-02T08:06:49Z]   full KL q=3 n=13: 480000/1594323
[2026-09-02T08:07:01Z]   full KL q=3 n=13: 490000/1594323
[2026-09-02T08:07:13Z]   full KL q=3 n=13: 500000/1594323
[2026-09-02T08:07:24Z]   full KL q=3 n=13: 510000/1594323
[2026-09-02T08:07:32Z]   full KL q=3 n=13: 520000/1594323
[2026-09-02T08:07:39Z]   full KL q=3 n=13: 530000/1594323
[2026-09-02T08:07:45Z]   full KL q=3 n=13: 540000/1594323
[2026-09-02T08:07:53Z]   full KL q=3 n=13: 550000/1594323
[2026-09-02T08:08:02Z]   full KL q=3 n=13: 560000/1594323
[2026-09-02T08:08:14Z]   full KL q=3 n=13: 570000/1594323
[2026-09-02T08:08:26Z]   full KL q=3 n=13: 580000/1594323
[2026-09-02T08:08:37Z]   full KL q=3 n=13: 590000/1594323
[2026-09-02T08:08:46Z]   full KL q=3 n=13: 600000/1594323
[2026-09-02T08:09:00Z]   full KL q=3 n=13: 610000/1594323
[2026-09-02T08:09:09Z]   full KL q=3 n=13: 620000/1594323
[2026-09-02T08:09:19Z]   full KL q=3 n=13: 630000/1594323
[2026-09-02T08:09:35Z]   full KL q=3 n=13: 640000/1594323
[2026-09-02T08:09:47Z]   full KL q=3 n=13: 650000/1594323
[2026-09-02T08:10:01Z]   full KL q=3 n=13: 660000/1594323
[2026-09-02T08:10:16Z]   full KL q=3 n=13: 670000/1594323
[2026-09-02T08:10:33Z]   full KL q=3 n=13: 680000/1594323
[2026-09-02T08:10:48Z]   full KL q=3 n=13: 690000/1594323
[2026-09-02T08:11:02Z]   full KL q=3 n=13: 700000/1594323
[2026-09-02T08:11:10Z]   full KL q=3 n=13: 710000/1594323
[2026-09-02T08:11:18Z]   full KL q=3 n=13: 720000/1594323
[2026-09-02T08:11:27Z]   full KL q=3 n=13: 730000/1594323
[2026-09-02T08:11:36Z]   full KL q=3 n=13: 740000/1594323
[2026-09-02T08:11:46Z]   full KL q=3 n=13: 750000/1594323
[2026-09-02T08:11:59Z]   full KL q=3 n=13: 760000/1594323
[2026-09-02T08:12:08Z]   full KL q=3 n=13: 770000/1594323
[2026-09-02T08:12:15Z]   full KL q=3 n=13: 780000/1594323
[2026-09-02T08:12:22Z]   full KL q=3 n=13: 790000/1594323
[2026-09-02T08:12:26Z]   full KL q=3 n=13: 800000/1594323
[2026-09-02T08:12:32Z]   full KL q=3 n=13: 810000/1594323
[2026-09-02T08:12:40Z]   full KL q=3 n=13: 820000/1594323
[2026-09-02T08:12:47Z]   full KL q=3 n=13: 830000/1594323
[2026-09-02T08:13:00Z]   full KL q=3 n=13: 840000/1594323
[2026-09-02T08:13:11Z]   full KL q=3 n=13: 850000/1594323
[2026-09-02T08:13:21Z]   full KL q=3 n=13: 860000/1594323
[2026-09-02T08:13:30Z]   full KL q=3 n=13: 870000/1594323
[2026-09-02T08:13:39Z]   full KL q=3 n=13: 880000/1594323
[2026-09-02T08:13:47Z]   full KL q=3 n=13: 890000/1594323
[2026-09-02T08:13:59Z]   full KL q=3 n=13: 900000/1594323
[2026-09-02T08:14:14Z]   full KL q=3 n=13: 910000/1594323
[2026-09-02T08:14:30Z]   full KL q=3 n=13: 920000/1594323
[2026-09-02T08:14:47Z]   full KL q=3 n=13: 930000/1594323
[2026-09-02T08:15:03Z]   full KL q=3 n=13: 940000/1594323
[2026-09-02T08:15:15Z]   full KL q=3 n=13: 950000/1594323
[2026-09-02T08:15:31Z]   full KL q=3 n=13: 960000/1594323
[2026-09-02T08:15:44Z]   full KL q=3 n=13: 970000/1594323
[2026-09-02T08:15:53Z]   full KL q=3 n=13: 980000/1594323
[2026-09-02T08:16:06Z]   full KL q=3 n=13: 990000/1594323
[2026-09-02T08:16:18Z]   full KL q=3 n=13: 1000000/1594323
[2026-09-02T08:16:27Z]   full KL q=3 n=13: 1010000/1594323
[2026-09-02T08:16:41Z]   full KL q=3 n=13: 1020000/1594323
[2026-09-02T08:16:53Z]   full KL q=3 n=13: 1030000/1594323
[2026-09-02T08:17:03Z]   full KL q=3 n=13: 1040000/1594323
[2026-09-02T08:17:12Z]   full KL q=3 n=13: 1050000/1594323
[2026-09-02T08:17:20Z]   full KL q=3 n=13: 1060000/1594323
[2026-09-02T08:17:25Z]   full KL q=3 n=13: 1070000/1594323
[2026-09-02T08:17:34Z]   full KL q=3 n=13: 1080000/1594323
[2026-09-02T08:17:44Z]   full KL q=3 n=13: 1090000/1594323
[2026-09-02T08:17:57Z]   full KL q=3 n=13: 1100000/1594323
[2026-09-02T08:18:07Z]   full KL q=3 n=13: 1110000/1594323
[2026-09-02T08:18:19Z]   full KL q=3 n=13: 1120000/1594323
[2026-09-02T08:18:30Z]   full KL q=3 n=13: 1130000/1594323
[2026-09-02T08:18:47Z]   full KL q=3 n=13: 1140000/1594323
[2026-09-02T08:19:00Z]   full KL q=3 n=13: 1150000/1594323
[2026-09-02T08:19:12Z]   full KL q=3 n=13: 1160000/1594323
[2026-09-02T08:19:31Z]   full KL q=3 n=13: 1170000/1594323
[2026-09-02T08:19:45Z]   full KL q=3 n=13: 1180000/1594323
[2026-09-02T08:19:56Z]   full KL q=3 n=13: 1190000/1594323
[2026-09-02T08:20:10Z]   full KL q=3 n=13: 1200000/1594323
[2026-09-02T08:20:25Z]   full KL q=3 n=13: 1210000/1594323
[2026-09-02T08:20:39Z]   full KL q=3 n=13: 1220000/1594323
[2026-09-02T08:20:50Z]   full KL q=3 n=13: 1230000/1594323
[2026-09-02T08:20:59Z]   full KL q=3 n=13: 1240000/1594323
[2026-09-02T08:21:09Z]   full KL q=3 n=13: 1250000/1594323
[2026-09-02T08:21:23Z]   full KL q=3 n=13: 1260000/1594323
[2026-09-02T08:21:36Z]   full KL q=3 n=13: 1270000/1594323
[2026-09-02T08:21:52Z]   full KL q=3 n=13: 1280000/1594323
[2026-09-02T08:22:11Z]   full KL q=3 n=13: 1290000/1594323
[2026-09-02T08:22:25Z]   full KL q=3 n=13: 1300000/1594323
[2026-09-02T08:22:36Z]   full KL q=3 n=13: 1310000/1594323
[2026-09-02T08:22:49Z]   full KL q=3 n=13: 1320000/1594323
[2026-09-02T08:22:57Z]   full KL q=3 n=13: 1330000/1594323
[2026-09-02T08:23:05Z]   full KL q=3 n=13: 1340000/1594323
[2026-09-02T08:23:17Z]   full KL q=3 n=13: 1350000/1594323
[2026-09-02T08:23:26Z]   full KL q=3 n=13: 1360000/1594323
[2026-09-02T08:23:42Z]   full KL q=3 n=13: 1370000/1594323
[2026-09-02T08:23:57Z]   full KL q=3 n=13: 1380000/1594323
[2026-09-02T08:24:09Z]   full KL q=3 n=13: 1390000/1594323
[2026-09-02T08:24:21Z]   full KL q=3 n=13: 1400000/1594323
[2026-09-02T08:24:32Z]   full KL q=3 n=13: 1410000/1594323
[2026-09-02T08:24:39Z]   full KL q=3 n=13: 1420000/1594323
[2026-09-02T08:24:48Z]   full KL q=3 n=13: 1430000/1594323
[2026-09-02T08:24:57Z]   full KL q=3 n=13: 1440000/1594323
[2026-09-02T08:25:09Z]   full KL q=3 n=13: 1450000/1594323
[2026-09-02T08:25:21Z]   full KL q=3 n=13: 1460000/1594323
[2026-09-02T08:25:32Z]   full KL q=3 n=13: 1470000/1594323
[2026-09-02T08:25:40Z]   full KL q=3 n=13: 1480000/1594323
[2026-09-02T08:25:52Z]   full KL q=3 n=13: 1490000/1594323
[2026-09-02T08:26:04Z]   full KL q=3 n=13: 1500000/1594323
[2026-09-02T08:26:12Z]   full KL q=3 n=13: 1510000/1594323
[2026-09-02T08:26:22Z]   full KL q=3 n=13: 1520000/1594323
[2026-09-02T08:26:32Z]   full KL q=3 n=13: 1530000/1594323
[2026-09-02T08:26:39Z]   full KL q=3 n=13: 1540000/1594323
[2026-09-02T08:26:48Z]   full KL q=3 n=13: 1550000/1594323
[2026-09-02T08:26:55Z]   full KL q=3 n=13: 1560000/1594323
[2026-09-02T08:27:03Z]   full KL q=3 n=13: 1570000/1594323
[2026-09-02T08:27:09Z]   full KL q=3 n=13: 1580000/1594323
[2026-09-02T08:27:14Z]   full KL q=3 n=13: 1590000/1594323
[2026-09-02T08:29:43Z]   full KL q=3 n=13: 10000/1594323
[2026-09-02T08:29:48Z]   full KL q=3 n=13: 20000/1594323
[2026-09-02T08:29:54Z]   full KL q=3 n=13: 30000/1594323
[2026-09-02T08:30:02Z]   full KL q=3 n=13: 40000/1594323
[2026-09-02T08:30:09Z]   full KL q=3 n=13: 50000/1594323
[2026-09-02T08:30:16Z]   full KL q=3 n=13: 60000/1594323
[2026-09-02T08:30:24Z]   full KL q=3 n=13: 70000/1594323
[2026-09-02T08:30:34Z]   full KL q=3 n=13: 80000/1594323
[2026-09-02T08:30:42Z]   full KL q=3 n=13: 90000/1594323
[2026-09-02T08:30:51Z]   full KL q=3 n=13: 100000/1594323
[2026-09-02T08:31:04Z]   full KL q=3 n=13: 110000/1594323
[2026-09-02T08:31:13Z]   full KL q=3 n=13: 120000/1594323
[2026-09-02T08:31:22Z]   full KL q=3 n=13: 130000/1594323
[2026-09-02T08:31:32Z]   full KL q=3 n=13: 140000/1594323
[2026-09-02T08:31:44Z]   full KL q=3 n=13: 150000/1594323
[2026-09-02T08:31:54Z]   full KL q=3 n=13: 160000/1594323
[2026-09-02T08:32:04Z]   full KL q=3 n=13: 170000/1594323
[2026-09-02T08:32:10Z]   full KL q=3 n=13: 180000/1594323
[2026-09-02T08:32:19Z]   full KL q=3 n=13: 190000/1594323
[2026-09-02T08:32:29Z]   full KL q=3 n=13: 200000/1594323
[2026-09-02T08:32:40Z]   full KL q=3 n=13: 210000/1594323
[2026-09-02T08:32:54Z]   full KL q=3 n=13: 220000/1594323
[2026-09-02T08:33:10Z]   full KL q=3 n=13: 230000/1594323
[2026-09-02T08:33:20Z]   full KL q=3 n=13: 240000/1594323
[2026-09-02T08:33:30Z]   full KL q=3 n=13: 250000/1594323
[2026-09-02T08:33:41Z]   full KL q=3 n=13: 260000/1594323
[2026-09-02T08:33:47Z]   full KL q=3 n=13: 270000/1594323
[2026-09-02T08:33:57Z]   full KL q=3 n=13: 280000/1594323
[2026-09-02T08:34:09Z]   full KL q=3 n=13: 290000/1594323
[2026-09-02T08:34:20Z]   full KL q=3 n=13: 300000/1594323
[2026-09-02T08:34:37Z]   full KL q=3 n=13: 310000/1594323
[2026-09-02T08:34:54Z]   full KL q=3 n=13: 320000/1594323
[2026-09-02T08:35:08Z]   full KL q=3 n=13: 330000/1594323
[2026-09-02T08:35:21Z]   full KL q=3 n=13: 340000/1594323
[2026-09-02T08:35:33Z]   full KL q=3 n=13: 350000/1594323
[2026-09-02T08:35:41Z]   full KL q=3 n=13: 360000/1594323
[2026-09-02T08:35:51Z]   full KL q=3 n=13: 370000/1594323
[2026-09-02T08:36:04Z]   full KL q=3 n=13: 380000/1594323
[2026-09-02T08:36:18Z]   full KL q=3 n=13: 390000/1594323
[2026-09-02T08:36:30Z]   full KL q=3 n=13: 400000/1594323
[2026-09-02T08:36:43Z]   full KL q=3 n=13: 410000/1594323
[2026-09-02T08:36:54Z]   full KL q=3 n=13: 420000/1594323
[2026-09-02T08:37:12Z]   full KL q=3 n=13: 430000/1594323
[2026-09-02T08:37:26Z]   full KL q=3 n=13: 440000/1594323
[2026-09-02T08:37:37Z]   full KL q=3 n=13: 450000/1594323
[2026-09-02T08:37:52Z]   full KL q=3 n=13: 460000/1594323
[2026-09-02T08:38:06Z]   full KL q=3 n=13: 470000/1594323
[2026-09-02T08:38:15Z]   full KL q=3 n=13: 480000/1594323
[2026-09-02T08:38:27Z]   full KL q=3 n=13: 490000/1594323
[2026-09-02T08:38:39Z]   full KL q=3 n=13: 500000/1594323
[2026-09-02T08:38:49Z]   full KL q=3 n=13: 510000/1594323
[2026-09-02T08:38:58Z]   full KL q=3 n=13: 520000/1594323
[2026-09-02T08:39:05Z]   full KL q=3 n=13: 530000/1594323
[2026-09-02T08:39:10Z]   full KL q=3 n=13: 540000/1594323
[2026-09-02T08:39:19Z]   full KL q=3 n=13: 550000/1594323
[2026-09-02T08:39:28Z]   full KL q=3 n=13: 560000/1594323
[2026-09-02T08:39:39Z]   full KL q=3 n=13: 570000/1594323
[2026-09-02T08:39:51Z]   full KL q=3 n=13: 580000/1594323
[2026-09-02T08:40:02Z]   full KL q=3 n=13: 590000/1594323
[2026-09-02T08:40:11Z]   full KL q=3 n=13: 600000/1594323
[2026-09-02T08:40:25Z]   full KL q=3 n=13: 610000/1594323
[2026-09-02T08:40:34Z]   full KL q=3 n=13: 620000/1594323
[2026-09-02T08:40:43Z]   full KL q=3 n=13: 630000/1594323
[2026-09-02T08:40:59Z]   full KL q=3 n=13: 640000/1594323
[2026-09-02T08:41:11Z]   full KL q=3 n=13: 650000/1594323
[2026-09-02T08:41:25Z]   full KL q=3 n=13: 660000/1594323
[2026-09-02T08:41:40Z]   full KL q=3 n=13: 670000/1594323
[2026-09-02T08:41:56Z]   full KL q=3 n=13: 680000/1594323
[2026-09-02T08:42:11Z]   full KL q=3 n=13: 690000/1594323
[2026-09-02T08:42:25Z]   full KL q=3 n=13: 700000/1594323
[2026-09-02T08:42:34Z]   full KL q=3 n=13: 710000/1594323
[2026-09-02T08:42:41Z]   full KL q=3 n=13: 720000/1594323
[2026-09-02T08:42:50Z]   full KL q=3 n=13: 730000/1594323
[2026-09-02T08:42:59Z]   full KL q=3 n=13: 740000/1594323
[2026-09-02T08:43:09Z]   full KL q=3 n=13: 750000/1594323
[2026-09-02T08:43:22Z]   full KL q=3 n=13: 760000/1594323
[2026-09-02T08:43:31Z]   full KL q=3 n=13: 770000/1594323
[2026-09-02T08:43:37Z]   full KL q=3 n=13: 780000/1594323
[2026-09-02T08:43:45Z]   full KL q=3 n=13: 790000/1594323
[2026-09-02T08:43:49Z]   full KL q=3 n=13: 800000/1594323
[2026-09-02T08:43:54Z]   full KL q=3 n=13: 810000/1594323
[2026-09-02T08:44:02Z]   full KL q=3 n=13: 820000/1594323
[2026-09-02T08:44:09Z]   full KL q=3 n=13: 830000/1594323
[2026-09-02T08:44:21Z]   full KL q=3 n=13: 840000/1594323
[2026-09-02T08:44:33Z]   full KL q=3 n=13: 850000/1594323
[2026-09-02T08:44:42Z]   full KL q=3 n=13: 860000/1594323
[2026-09-02T08:44:52Z]   full KL q=3 n=13: 870000/1594323
[2026-09-02T08:45:01Z]   full KL q=3 n=13: 880000/1594323
[2026-09-02T08:45:08Z]   full KL q=3 n=13: 890000/1594323
[2026-09-02T08:45:21Z]   full KL q=3 n=13: 900000/1594323
[2026-09-02T08:45:35Z]   full KL q=3 n=13: 910000/1594323
[2026-09-02T08:45:51Z]   full KL q=3 n=13: 920000/1594323
[2026-09-02T08:46:07Z]   full KL q=3 n=13: 930000/1594323
[2026-09-02T08:46:24Z]   full KL q=3 n=13: 940000/1594323
[2026-09-02T08:46:35Z]   full KL q=3 n=13: 950000/1594323
[2026-09-02T08:46:51Z]   full KL q=3 n=13: 960000/1594323
[2026-09-02T08:47:05Z]   full KL q=3 n=13: 970000/1594323
[2026-09-02T08:47:13Z]   full KL q=3 n=13: 980000/1594323
[2026-09-02T08:47:26Z]   full KL q=3 n=13: 990000/1594323
[2026-09-02T08:47:38Z]   full KL q=3 n=13: 1000000/1594323
[2026-09-02T08:47:47Z]   full KL q=3 n=13: 1010000/1594323
[2026-09-02T08:48:01Z]   full KL q=3 n=13: 1020000/1594323
[2026-09-02T08:48:13Z]   full KL q=3 n=13: 1030000/1594323
[2026-09-02T08:48:23Z]   full KL q=3 n=13: 1040000/1594323
[2026-09-02T08:48:32Z]   full KL q=3 n=13: 1050000/1594323
[2026-09-02T08:48:39Z]   full KL q=3 n=13: 1060000/1594323
[2026-09-02T08:48:44Z]   full KL q=3 n=13: 1070000/1594323
[2026-09-02T08:48:53Z]   full KL q=3 n=13: 1080000/1594323
[2026-09-02T08:49:03Z]   full KL q=3 n=13: 1090000/1594323
[2026-09-02T08:49:16Z]   full KL q=3 n=13: 1100000/1594323
[2026-09-02T08:49:26Z]   full KL q=3 n=13: 1110000/1594323
[2026-09-02T08:49:38Z]   full KL q=3 n=13: 1120000/1594323
[2026-09-02T08:49:49Z]   full KL q=3 n=13: 1130000/1594323
[2026-09-02T08:50:06Z]   full KL q=3 n=13: 1140000/1594323
[2026-09-02T08:50:19Z]   full KL q=3 n=13: 1150000/1594323
[2026-09-02T08:50:30Z]   full KL q=3 n=13: 1160000/1594323
[2026-09-02T08:50:48Z]   full KL q=3 n=13: 1170000/1594323
[2026-09-02T08:51:03Z]   full KL q=3 n=13: 1180000/1594323
[2026-09-02T08:51:14Z]   full KL q=3 n=13: 1190000/1594323
[2026-09-02T08:51:27Z]   full KL q=3 n=13: 1200000/1594323
[2026-09-02T08:51:42Z]   full KL q=3 n=13: 1210000/1594323
[2026-09-02T08:51:56Z]   full KL q=3 n=13: 1220000/1594323
[2026-09-02T08:52:07Z]   full KL q=3 n=13: 1230000/1594323
[2026-09-02T08:52:15Z]   full KL q=3 n=13: 1240000/1594323
[2026-09-02T08:52:25Z]   full KL q=3 n=13: 1250000/1594323
[2026-09-02T08:52:39Z]   full KL q=3 n=13: 1260000/1594323
[2026-09-02T08:52:53Z]   full KL q=3 n=13: 1270000/1594323
[2026-09-02T08:53:09Z]   full KL q=3 n=13: 1280000/1594323
[2026-09-02T08:53:27Z]   full KL q=3 n=13: 1290000/1594323
[2026-09-02T08:53:42Z]   full KL q=3 n=13: 1300000/1594323
[2026-09-02T08:53:54Z]   full KL q=3 n=13: 1310000/1594323
[2026-09-02T08:54:09Z]   full KL q=3 n=13: 1320000/1594323
[2026-09-02T08:54:17Z]   full KL q=3 n=13: 1330000/1594323
[2026-09-02T08:54:25Z]   full KL q=3 n=13: 1340000/1594323
[2026-09-02T08:54:38Z]   full KL q=3 n=13: 1350000/1594323
[2026-09-02T08:54:47Z]   full KL q=3 n=13: 1360000/1594323
[2026-09-02T08:55:02Z]   full KL q=3 n=13: 1370000/1594323
[2026-09-02T08:55:17Z]   full KL q=3 n=13: 1380000/1594323
[2026-09-02T08:55:29Z]   full KL q=3 n=13: 1390000/1594323
[2026-09-02T08:55:40Z]   full KL q=3 n=13: 1400000/1594323
[2026-09-02T08:55:51Z]   full KL q=3 n=13: 1410000/1594323
[2026-09-02T08:55:58Z]   full KL q=3 n=13: 1420000/1594323
[2026-09-02T08:56:07Z]   full KL q=3 n=13: 1430000/1594323
[2026-09-02T08:56:17Z]   full KL q=3 n=13: 1440000/1594323
[2026-09-02T08:56:28Z]   full KL q=3 n=13: 1450000/1594323
[2026-09-02T08:56:40Z]   full KL q=3 n=13: 1460000/1594323
[2026-09-02T08:56:51Z]   full KL q=3 n=13: 1470000/1594323
[2026-09-02T08:56:59Z]   full KL q=3 n=13: 1480000/1594323
[2026-09-02T08:57:11Z]   full KL q=3 n=13: 1490000/1594323
[2026-09-02T08:57:23Z]   full KL q=3 n=13: 1500000/1594323
[2026-09-02T08:57:31Z]   full KL q=3 n=13: 1510000/1594323
[2026-09-02T08:57:41Z]   full KL q=3 n=13: 1520000/1594323
[2026-09-02T08:57:50Z]   full KL q=3 n=13: 1530000/1594323
[2026-09-02T08:57:57Z]   full KL q=3 n=13: 1540000/1594323
[2026-09-02T08:58:06Z]   full KL q=3 n=13: 1550000/1594323
[2026-09-02T08:58:13Z]   full KL q=3 n=13: 1560000/1594323
[2026-09-02T08:58:21Z]   full KL q=3 n=13: 1570000/1594323
[2026-09-02T08:58:27Z]   full KL q=3 n=13: 1580000/1594323
[2026-09-02T08:58:31Z]   full KL q=3 n=13: 1590000/1594323
[2026-09-02T08:58:33Z] q=3 n=13 d=1/5 ordinal=1 status=CERTIFIED rss=16669851648
[2026-09-02T09:43:41Z]   full KL q=3 n=13: 10000/1594323
[2026-09-02T09:43:47Z]   full KL q=3 n=13: 20000/1594323
[2026-09-02T09:43:55Z]   full KL q=3 n=13: 30000/1594323
[2026-09-02T09:44:05Z]   full KL q=3 n=13: 40000/1594323
[2026-09-02T09:44:14Z]   full KL q=3 n=13: 50000/1594323
[2026-09-02T09:44:23Z]   full KL q=3 n=13: 60000/1594323
[2026-09-02T09:44:33Z]   full KL q=3 n=13: 70000/1594323
[2026-09-02T09:44:47Z]   full KL q=3 n=13: 80000/1594323
[2026-09-02T09:44:56Z]   full KL q=3 n=13: 90000/1594323
[2026-09-02T09:45:08Z]   full KL q=3 n=13: 100000/1594323
[2026-09-02T09:45:24Z]   full KL q=3 n=13: 110000/1594323
[2026-09-02T09:45:36Z]   full KL q=3 n=13: 120000/1594323
[2026-09-02T09:45:48Z]   full KL q=3 n=13: 130000/1594323
[2026-09-02T09:46:01Z]   full KL q=3 n=13: 140000/1594323
[2026-09-02T09:46:15Z]   full KL q=3 n=13: 150000/1594323
[2026-09-02T09:46:29Z]   full KL q=3 n=13: 160000/1594323
[2026-09-02T09:46:41Z]   full KL q=3 n=13: 170000/1594323
[2026-09-02T09:46:49Z]   full KL q=3 n=13: 180000/1594323
[2026-09-02T09:47:00Z]   full KL q=3 n=13: 190000/1594323
[2026-09-02T09:47:13Z]   full KL q=3 n=13: 200000/1594323
[2026-09-02T09:47:27Z]   full KL q=3 n=13: 210000/1594323
[2026-09-02T09:47:45Z]   full KL q=3 n=13: 220000/1594323
[2026-09-02T09:48:05Z]   full KL q=3 n=13: 230000/1594323
[2026-09-02T09:48:18Z]   full KL q=3 n=13: 240000/1594323
[2026-09-02T09:48:31Z]   full KL q=3 n=13: 250000/1594323
[2026-09-02T09:48:45Z]   full KL q=3 n=13: 260000/1594323
[2026-09-02T09:48:53Z]   full KL q=3 n=13: 270000/1594323
[2026-09-02T09:49:07Z]   full KL q=3 n=13: 280000/1594323
[2026-09-02T09:49:22Z]   full KL q=3 n=13: 290000/1594323
[2026-09-02T09:49:36Z]   full KL q=3 n=13: 300000/1594323
[2026-09-02T09:49:57Z]   full KL q=3 n=13: 310000/1594323
[2026-09-02T09:50:18Z]   full KL q=3 n=13: 320000/1594323
[2026-09-02T09:50:36Z]   full KL q=3 n=13: 330000/1594323
[2026-09-02T09:50:54Z]   full KL q=3 n=13: 340000/1594323
[2026-09-02T09:51:10Z]   full KL q=3 n=13: 350000/1594323
[2026-09-02T09:51:19Z]   full KL q=3 n=13: 360000/1594323
[2026-09-02T09:51:33Z]   full KL q=3 n=13: 370000/1594323
[2026-09-02T09:51:49Z]   full KL q=3 n=13: 380000/1594323
[2026-09-02T09:52:07Z]   full KL q=3 n=13: 390000/1594323
[2026-09-02T09:52:24Z]   full KL q=3 n=13: 400000/1594323
[2026-09-02T09:52:41Z]   full KL q=3 n=13: 410000/1594323
[2026-09-02T09:52:55Z]   full KL q=3 n=13: 420000/1594323
[2026-09-02T09:53:18Z]   full KL q=3 n=13: 430000/1594323
[2026-09-02T09:53:36Z]   full KL q=3 n=13: 440000/1594323
[2026-09-02T09:53:50Z]   full KL q=3 n=13: 450000/1594323
[2026-09-02T09:54:10Z]   full KL q=3 n=13: 460000/1594323
[2026-09-02T09:54:28Z]   full KL q=3 n=13: 470000/1594323
[2026-09-02T09:54:40Z]   full KL q=3 n=13: 480000/1594323
[2026-09-02T09:54:55Z]   full KL q=3 n=13: 490000/1594323
[2026-09-02T09:55:11Z]   full KL q=3 n=13: 500000/1594323
[2026-09-02T09:55:25Z]   full KL q=3 n=13: 510000/1594323
[2026-09-02T09:55:36Z]   full KL q=3 n=13: 520000/1594323
[2026-09-02T09:55:45Z]   full KL q=3 n=13: 530000/1594323
[2026-09-02T09:55:52Z]   full KL q=3 n=13: 540000/1594323
[2026-09-02T09:56:03Z]   full KL q=3 n=13: 550000/1594323
[2026-09-02T09:56:15Z]   full KL q=3 n=13: 560000/1594323
[2026-09-02T09:56:30Z]   full KL q=3 n=13: 570000/1594323
[2026-09-02T09:56:45Z]   full KL q=3 n=13: 580000/1594323
[2026-09-02T09:56:59Z]   full KL q=3 n=13: 590000/1594323
[2026-09-02T09:57:12Z]   full KL q=3 n=13: 600000/1594323
[2026-09-02T09:57:30Z]   full KL q=3 n=13: 610000/1594323
[2026-09-02T09:57:41Z]   full KL q=3 n=13: 620000/1594323
[2026-09-02T09:57:53Z]   full KL q=3 n=13: 630000/1594323
[2026-09-02T09:58:14Z]   full KL q=3 n=13: 640000/1594323
[2026-09-02T09:58:30Z]   full KL q=3 n=13: 650000/1594323
[2026-09-02T09:58:47Z]   full KL q=3 n=13: 660000/1594323
[2026-09-02T09:59:07Z]   full KL q=3 n=13: 670000/1594323
[2026-09-02T09:59:28Z]   full KL q=3 n=13: 680000/1594323
[2026-09-02T09:59:48Z]   full KL q=3 n=13: 690000/1594323
[2026-09-02T10:00:06Z]   full KL q=3 n=13: 700000/1594323
[2026-09-02T10:00:17Z]   full KL q=3 n=13: 710000/1594323
[2026-09-02T10:00:27Z]   full KL q=3 n=13: 720000/1594323
[2026-09-02T10:00:39Z]   full KL q=3 n=13: 730000/1594323
[2026-09-02T10:00:50Z]   full KL q=3 n=13: 740000/1594323
[2026-09-02T10:01:04Z]   full KL q=3 n=13: 750000/1594323
[2026-09-02T10:01:21Z]   full KL q=3 n=13: 760000/1594323
[2026-09-02T10:01:32Z]   full KL q=3 n=13: 770000/1594323
[2026-09-02T10:01:41Z]   full KL q=3 n=13: 780000/1594323
[2026-09-02T10:01:51Z]   full KL q=3 n=13: 790000/1594323
[2026-09-02T10:01:56Z]   full KL q=3 n=13: 800000/1594323
[2026-09-02T10:02:03Z]   full KL q=3 n=13: 810000/1594323
[2026-09-02T10:02:13Z]   full KL q=3 n=13: 820000/1594323
[2026-09-02T10:02:23Z]   full KL q=3 n=13: 830000/1594323
[2026-09-02T10:02:39Z]   full KL q=3 n=13: 840000/1594323
[2026-09-02T10:02:54Z]   full KL q=3 n=13: 850000/1594323
[2026-09-02T10:03:05Z]   full KL q=3 n=13: 860000/1594323
[2026-09-02T10:03:18Z]   full KL q=3 n=13: 870000/1594323
[2026-09-02T10:03:30Z]   full KL q=3 n=13: 880000/1594323
[2026-09-02T10:03:39Z]   full KL q=3 n=13: 890000/1594323
[2026-09-02T10:03:55Z]   full KL q=3 n=13: 900000/1594323
[2026-09-02T10:04:13Z]   full KL q=3 n=13: 910000/1594323
[2026-09-02T10:04:34Z]   full KL q=3 n=13: 920000/1594323
[2026-09-02T10:04:55Z]   full KL q=3 n=13: 930000/1594323
[2026-09-02T10:05:16Z]   full KL q=3 n=13: 940000/1594323
[2026-09-02T10:05:31Z]   full KL q=3 n=13: 950000/1594323
[2026-09-02T10:05:52Z]   full KL q=3 n=13: 960000/1594323
[2026-09-02T10:06:09Z]   full KL q=3 n=13: 970000/1594323
[2026-09-02T10:06:20Z]   full KL q=3 n=13: 980000/1594323
[2026-09-02T10:06:37Z]   full KL q=3 n=13: 990000/1594323
[2026-09-02T10:06:53Z]   full KL q=3 n=13: 1000000/1594323
[2026-09-02T10:07:05Z]   full KL q=3 n=13: 1010000/1594323
[2026-09-02T10:07:22Z]   full KL q=3 n=13: 1020000/1594323
[2026-09-02T10:07:38Z]   full KL q=3 n=13: 1030000/1594323
[2026-09-02T10:07:51Z]   full KL q=3 n=13: 1040000/1594323
[2026-09-02T10:08:02Z]   full KL q=3 n=13: 1050000/1594323
[2026-09-02T10:08:12Z]   full KL q=3 n=13: 1060000/1594323
[2026-09-02T10:08:19Z]   full KL q=3 n=13: 1070000/1594323
[2026-09-02T10:08:31Z]   full KL q=3 n=13: 1080000/1594323
[2026-09-02T10:08:44Z]   full KL q=3 n=13: 1090000/1594323
[2026-09-02T10:09:00Z]   full KL q=3 n=13: 1100000/1594323
[2026-09-02T10:09:14Z]   full KL q=3 n=13: 1110000/1594323
[2026-09-02T10:09:29Z]   full KL q=3 n=13: 1120000/1594323
[2026-09-02T10:09:43Z]   full KL q=3 n=13: 1130000/1594323
[2026-09-02T10:10:05Z]   full KL q=3 n=13: 1140000/1594323
[2026-09-02T10:10:22Z]   full KL q=3 n=13: 1150000/1594323
[2026-09-02T10:10:37Z]   full KL q=3 n=13: 1160000/1594323
[2026-09-02T10:11:00Z]   full KL q=3 n=13: 1170000/1594323
[2026-09-02T10:11:19Z]   full KL q=3 n=13: 1180000/1594323
[2026-09-02T10:11:33Z]   full KL q=3 n=13: 1190000/1594323
[2026-09-02T10:11:51Z]   full KL q=3 n=13: 1200000/1594323
[2026-09-02T10:12:10Z]   full KL q=3 n=13: 1210000/1594323
[2026-09-02T10:12:29Z]   full KL q=3 n=13: 1220000/1594323
[2026-09-02T10:12:43Z]   full KL q=3 n=13: 1230000/1594323
[2026-09-02T10:12:54Z]   full KL q=3 n=13: 1240000/1594323
[2026-09-02T10:13:07Z]   full KL q=3 n=13: 1250000/1594323
[2026-09-02T10:13:25Z]   full KL q=3 n=13: 1260000/1594323
[2026-09-02T10:13:43Z]   full KL q=3 n=13: 1270000/1594323
[2026-09-02T10:14:03Z]   full KL q=3 n=13: 1280000/1594323
[2026-09-02T10:14:26Z]   full KL q=3 n=13: 1290000/1594323
[2026-09-02T10:14:45Z]   full KL q=3 n=13: 1300000/1594323
[2026-09-02T10:14:59Z]   full KL q=3 n=13: 1310000/1594323
[2026-09-02T10:15:16Z]   full KL q=3 n=13: 1320000/1594323
[2026-09-02T10:15:25Z]   full KL q=3 n=13: 1330000/1594323
[2026-09-02T10:15:36Z]   full KL q=3 n=13: 1340000/1594323
[2026-09-02T10:15:52Z]   full KL q=3 n=13: 1350000/1594323
[2026-09-02T10:16:03Z]   full KL q=3 n=13: 1360000/1594323
[2026-09-02T10:16:24Z]   full KL q=3 n=13: 1370000/1594323
[2026-09-02T10:16:41Z]   full KL q=3 n=13: 1380000/1594323
[2026-09-02T10:16:55Z]   full KL q=3 n=13: 1390000/1594323
[2026-09-02T10:17:09Z]   full KL q=3 n=13: 1400000/1594323
[2026-09-02T10:17:22Z]   full KL q=3 n=13: 1410000/1594323
[2026-09-02T10:17:30Z]   full KL q=3 n=13: 1420000/1594323
[2026-09-02T10:17:41Z]   full KL q=3 n=13: 1430000/1594323
[2026-09-02T10:17:52Z]   full KL q=3 n=13: 1440000/1594323
[2026-09-02T10:18:05Z]   full KL q=3 n=13: 1450000/1594323
[2026-09-02T10:18:19Z]   full KL q=3 n=13: 1460000/1594323
[2026-09-02T10:18:32Z]   full KL q=3 n=13: 1470000/1594323
[2026-09-02T10:18:41Z]   full KL q=3 n=13: 1480000/1594323
[2026-09-02T10:18:56Z]   full KL q=3 n=13: 1490000/1594323
[2026-09-02T10:19:09Z]   full KL q=3 n=13: 1500000/1594323
[2026-09-02T10:19:19Z]   full KL q=3 n=13: 1510000/1594323
[2026-09-02T10:19:30Z]   full KL q=3 n=13: 1520000/1594323
[2026-09-02T10:19:42Z]   full KL q=3 n=13: 1530000/1594323
[2026-09-02T10:19:50Z]   full KL q=3 n=13: 1540000/1594323
[2026-09-02T10:20:00Z]   full KL q=3 n=13: 1550000/1594323
[2026-09-02T10:20:09Z]   full KL q=3 n=13: 1560000/1594323
[2026-09-02T10:20:17Z]   full KL q=3 n=13: 1570000/1594323
[2026-09-02T10:20:24Z]   full KL q=3 n=13: 1580000/1594323
[2026-09-02T10:20:30Z]   full KL q=3 n=13: 1590000/1594323
[2026-09-02T10:23:09Z]   full KL q=3 n=13: 10000/1594323
[2026-09-02T10:23:15Z]   full KL q=3 n=13: 20000/1594323
[2026-09-02T10:23:21Z]   full KL q=3 n=13: 30000/1594323
[2026-09-02T10:23:29Z]   full KL q=3 n=13: 40000/1594323
[2026-09-02T10:23:37Z]   full KL q=3 n=13: 50000/1594323
[2026-09-02T10:23:44Z]   full KL q=3 n=13: 60000/1594323
[2026-09-02T10:23:52Z]   full KL q=3 n=13: 70000/1594323
[2026-09-02T10:24:03Z]   full KL q=3 n=13: 80000/1594323
[2026-09-02T10:24:11Z]   full KL q=3 n=13: 90000/1594323
[2026-09-02T10:24:21Z]   full KL q=3 n=13: 100000/1594323
[2026-09-02T10:24:35Z]   full KL q=3 n=13: 110000/1594323
[2026-09-02T10:24:44Z]   full KL q=3 n=13: 120000/1594323
[2026-09-02T10:24:54Z]   full KL q=3 n=13: 130000/1594323
[2026-09-02T10:25:04Z]   full KL q=3 n=13: 140000/1594323
[2026-09-02T10:25:16Z]   full KL q=3 n=13: 150000/1594323
[2026-09-02T10:25:27Z]   full KL q=3 n=13: 160000/1594323
[2026-09-02T10:25:37Z]   full KL q=3 n=13: 170000/1594323
[2026-09-02T10:25:44Z]   full KL q=3 n=13: 180000/1594323
[2026-09-02T10:25:53Z]   full KL q=3 n=13: 190000/1594323
[2026-09-02T10:26:04Z]   full KL q=3 n=13: 200000/1594323
[2026-09-02T10:26:15Z]   full KL q=3 n=13: 210000/1594323
[2026-09-02T10:26:30Z]   full KL q=3 n=13: 220000/1594323
[2026-09-02T10:26:47Z]   full KL q=3 n=13: 230000/1594323
[2026-09-02T10:26:58Z]   full KL q=3 n=13: 240000/1594323
[2026-09-02T10:27:08Z]   full KL q=3 n=13: 250000/1594323
[2026-09-02T10:27:19Z]   full KL q=3 n=13: 260000/1594323
[2026-09-02T10:27:26Z]   full KL q=3 n=13: 270000/1594323
[2026-09-02T10:27:37Z]   full KL q=3 n=13: 280000/1594323
[2026-09-02T10:27:50Z]   full KL q=3 n=13: 290000/1594323
[2026-09-02T10:28:01Z]   full KL q=3 n=13: 300000/1594323
[2026-09-02T10:28:18Z]   full KL q=3 n=13: 310000/1594323
[2026-09-02T10:28:36Z]   full KL q=3 n=13: 320000/1594323
[2026-09-02T10:28:52Z]   full KL q=3 n=13: 330000/1594323
[2026-09-02T10:29:07Z]   full KL q=3 n=13: 340000/1594323
[2026-09-02T10:29:21Z]   full KL q=3 n=13: 350000/1594323
[2026-09-02T10:29:29Z]   full KL q=3 n=13: 360000/1594323
[2026-09-02T10:29:40Z]   full KL q=3 n=13: 370000/1594323
[2026-09-02T10:29:55Z]   full KL q=3 n=13: 380000/1594323
[2026-09-02T10:30:11Z]   full KL q=3 n=13: 390000/1594323
[2026-09-02T10:30:25Z]   full KL q=3 n=13: 400000/1594323
[2026-09-02T10:30:39Z]   full KL q=3 n=13: 410000/1594323
[2026-09-02T10:30:52Z]   full KL q=3 n=13: 420000/1594323
[2026-09-02T10:31:12Z]   full KL q=3 n=13: 430000/1594323
[2026-09-02T10:31:27Z]   full KL q=3 n=13: 440000/1594323
[2026-09-02T10:31:39Z]   full KL q=3 n=13: 450000/1594323
[2026-09-02T10:31:56Z]   full KL q=3 n=13: 460000/1594323
[2026-09-02T10:32:11Z]   full KL q=3 n=13: 470000/1594323
[2026-09-02T10:32:20Z]   full KL q=3 n=13: 480000/1594323
[2026-09-02T10:32:34Z]   full KL q=3 n=13: 490000/1594323
[2026-09-02T10:32:47Z]   full KL q=3 n=13: 500000/1594323
[2026-09-02T10:32:58Z]   full KL q=3 n=13: 510000/1594323
[2026-09-02T10:33:07Z]   full KL q=3 n=13: 520000/1594323
[2026-09-02T10:33:14Z]   full KL q=3 n=13: 530000/1594323
[2026-09-02T10:33:20Z]   full KL q=3 n=13: 540000/1594323
[2026-09-02T10:33:30Z]   full KL q=3 n=13: 550000/1594323
[2026-09-02T10:33:40Z]   full KL q=3 n=13: 560000/1594323
[2026-09-02T10:33:53Z]   full KL q=3 n=13: 570000/1594323
[2026-09-02T10:34:06Z]   full KL q=3 n=13: 580000/1594323
[2026-09-02T10:34:18Z]   full KL q=3 n=13: 590000/1594323
[2026-09-02T10:34:28Z]   full KL q=3 n=13: 600000/1594323
[2026-09-02T10:34:43Z]   full KL q=3 n=13: 610000/1594323
[2026-09-02T10:34:53Z]   full KL q=3 n=13: 620000/1594323
[2026-09-02T10:35:04Z]   full KL q=3 n=13: 630000/1594323
[2026-09-02T10:35:22Z]   full KL q=3 n=13: 640000/1594323
[2026-09-02T10:35:35Z]   full KL q=3 n=13: 650000/1594323
[2026-09-02T10:35:49Z]   full KL q=3 n=13: 660000/1594323
[2026-09-02T10:36:06Z]   full KL q=3 n=13: 670000/1594323
[2026-09-02T10:36:23Z]   full KL q=3 n=13: 680000/1594323
[2026-09-02T10:36:39Z]   full KL q=3 n=13: 690000/1594323
[2026-09-02T10:36:54Z]   full KL q=3 n=13: 700000/1594323
[2026-09-02T10:37:03Z]   full KL q=3 n=13: 710000/1594323
[2026-09-02T10:37:11Z]   full KL q=3 n=13: 720000/1594323
[2026-09-02T10:37:21Z]   full KL q=3 n=13: 730000/1594323
[2026-09-02T10:37:30Z]   full KL q=3 n=13: 740000/1594323
[2026-09-02T10:37:41Z]   full KL q=3 n=13: 750000/1594323
[2026-09-02T10:37:55Z]   full KL q=3 n=13: 760000/1594323
[2026-09-02T10:38:04Z]   full KL q=3 n=13: 770000/1594323
[2026-09-02T10:38:12Z]   full KL q=3 n=13: 780000/1594323
[2026-09-02T10:38:19Z]   full KL q=3 n=13: 790000/1594323
[2026-09-02T10:38:23Z]   full KL q=3 n=13: 800000/1594323
[2026-09-02T10:38:30Z]   full KL q=3 n=13: 810000/1594323
[2026-09-02T10:38:38Z]   full KL q=3 n=13: 820000/1594323
[2026-09-02T10:38:45Z]   full KL q=3 n=13: 830000/1594323
[2026-09-02T10:38:58Z]   full KL q=3 n=13: 840000/1594323
[2026-09-02T10:39:11Z]   full KL q=3 n=13: 850000/1594323
[2026-09-02T10:39:21Z]   full KL q=3 n=13: 860000/1594323
[2026-09-02T10:39:31Z]   full KL q=3 n=13: 870000/1594323
[2026-09-02T10:39:40Z]   full KL q=3 n=13: 880000/1594323
[2026-09-02T10:39:48Z]   full KL q=3 n=13: 890000/1594323
[2026-09-02T10:40:01Z]   full KL q=3 n=13: 900000/1594323
[2026-09-02T10:40:16Z]   full KL q=3 n=13: 910000/1594323
[2026-09-02T10:40:33Z]   full KL q=3 n=13: 920000/1594323
[2026-09-02T10:40:53Z]   full KL q=3 n=13: 930000/1594323
[2026-09-02T10:41:11Z]   full KL q=3 n=13: 940000/1594323
[2026-09-02T10:41:23Z]   full KL q=3 n=13: 950000/1594323
[2026-09-02T10:41:39Z]   full KL q=3 n=13: 960000/1594323
[2026-09-02T10:41:53Z]   full KL q=3 n=13: 970000/1594323
[2026-09-02T10:42:02Z]   full KL q=3 n=13: 980000/1594323
[2026-09-02T10:42:15Z]   full KL q=3 n=13: 990000/1594323
[2026-09-02T10:42:27Z]   full KL q=3 n=13: 1000000/1594323
[2026-09-02T10:42:38Z]   full KL q=3 n=13: 1010000/1594323
[2026-09-02T10:42:52Z]   full KL q=3 n=13: 1020000/1594323
[2026-09-02T10:43:05Z]   full KL q=3 n=13: 1030000/1594323
[2026-09-02T10:43:15Z]   full KL q=3 n=13: 1040000/1594323
[2026-09-02T10:43:24Z]   full KL q=3 n=13: 1050000/1594323
[2026-09-02T10:43:32Z]   full KL q=3 n=13: 1060000/1594323
[2026-09-02T10:43:37Z]   full KL q=3 n=13: 1070000/1594323
[2026-09-02T10:43:47Z]   full KL q=3 n=13: 1080000/1594323
[2026-09-02T10:43:57Z]   full KL q=3 n=13: 1090000/1594323
[2026-09-02T10:44:14Z]   full KL q=3 n=13: 1100000/1594323
[2026-09-02T10:44:29Z]   full KL q=3 n=13: 1110000/1594323
[2026-09-02T10:44:45Z]   full KL q=3 n=13: 1120000/1594323
[2026-09-02T10:45:00Z]   full KL q=3 n=13: 1130000/1594323
[2026-09-02T10:45:24Z]   full KL q=3 n=13: 1140000/1594323
[2026-09-02T10:45:42Z]   full KL q=3 n=13: 1150000/1594323
[2026-09-02T10:45:58Z]   full KL q=3 n=13: 1160000/1594323
[2026-09-02T10:46:23Z]   full KL q=3 n=13: 1170000/1594323
[2026-09-02T10:46:44Z]   full KL q=3 n=13: 1180000/1594323
[2026-09-02T10:46:59Z]   full KL q=3 n=13: 1190000/1594323
[2026-09-02T10:47:32Z]   full KL q=3 n=13: 1200000/1594323
[2026-09-02T10:48:07Z]   full KL q=3 n=13: 1210000/1594323
[2026-09-02T10:48:26Z]   full KL q=3 n=13: 1220000/1594323
[2026-09-02T10:48:41Z]   full KL q=3 n=13: 1230000/1594323
[2026-09-02T10:48:53Z]   full KL q=3 n=13: 1240000/1594323
[2026-09-02T10:49:06Z]   full KL q=3 n=13: 1250000/1594323
[2026-09-02T10:49:25Z]   full KL q=3 n=13: 1260000/1594323
[2026-09-02T10:49:44Z]   full KL q=3 n=13: 1270000/1594323
[2026-09-02T10:50:06Z]   full KL q=3 n=13: 1280000/1594323
[2026-09-02T10:50:31Z]   full KL q=3 n=13: 1290000/1594323
[2026-09-02T10:50:51Z]   full KL q=3 n=13: 1300000/1594323
[2026-09-02T10:51:05Z]   full KL q=3 n=13: 1310000/1594323
[2026-09-02T10:51:23Z]   full KL q=3 n=13: 1320000/1594323
[2026-09-02T10:51:33Z]   full KL q=3 n=13: 1330000/1594323
[2026-09-02T10:51:45Z]   full KL q=3 n=13: 1340000/1594323
[2026-09-02T10:52:01Z]   full KL q=3 n=13: 1350000/1594323
[2026-09-02T10:52:14Z]   full KL q=3 n=13: 1360000/1594323
[2026-09-02T10:52:35Z]   full KL q=3 n=13: 1370000/1594323
[2026-09-02T10:52:55Z]   full KL q=3 n=13: 1380000/1594323
[2026-09-02T10:53:13Z]   full KL q=3 n=13: 1390000/1594323
[2026-09-02T10:53:30Z]   full KL q=3 n=13: 1400000/1594323
[2026-09-02T10:53:49Z]   full KL q=3 n=13: 1410000/1594323
[2026-09-02T10:54:01Z]   full KL q=3 n=13: 1420000/1594323
[2026-09-02T10:54:16Z]   full KL q=3 n=13: 1430000/1594323
[2026-09-02T10:54:31Z]   full KL q=3 n=13: 1440000/1594323
[2026-09-02T10:54:48Z]   full KL q=3 n=13: 1450000/1594323
[2026-09-02T10:55:05Z]   full KL q=3 n=13: 1460000/1594323
[2026-09-02T10:55:20Z]   full KL q=3 n=13: 1470000/1594323
[2026-09-02T10:55:31Z]   full KL q=3 n=13: 1480000/1594323
[2026-09-02T10:55:48Z]   full KL q=3 n=13: 1490000/1594323
[2026-09-02T10:56:05Z]   full KL q=3 n=13: 1500000/1594323
[2026-09-02T10:56:17Z]   full KL q=3 n=13: 1510000/1594323
[2026-09-02T10:56:31Z]   full KL q=3 n=13: 1520000/1594323
[2026-09-02T10:56:45Z]   full KL q=3 n=13: 1530000/1594323
[2026-09-02T10:56:54Z]   full KL q=3 n=13: 1540000/1594323
[2026-09-02T10:57:05Z]   full KL q=3 n=13: 1550000/1594323
[2026-09-02T10:57:16Z]   full KL q=3 n=13: 1560000/1594323
[2026-09-02T10:57:26Z]   full KL q=3 n=13: 1570000/1594323
[2026-09-02T10:57:34Z]   full KL q=3 n=13: 1580000/1594323
[2026-09-02T10:57:41Z]   full KL q=3 n=13: 1590000/1594323
[2026-09-02T11:01:04Z]   full KL q=3 n=13: 10000/1594323
[2026-09-02T11:01:11Z]   full KL q=3 n=13: 20000/1594323
[2026-09-02T11:01:19Z]   full KL q=3 n=13: 30000/1594323
[2026-09-02T11:01:28Z]   full KL q=3 n=13: 40000/1594323
[2026-09-02T11:01:38Z]   full KL q=3 n=13: 50000/1594323
[2026-09-02T11:01:46Z]   full KL q=3 n=13: 60000/1594323
[2026-09-02T11:01:55Z]   full KL q=3 n=13: 70000/1594323
[2026-09-02T11:02:07Z]   full KL q=3 n=13: 80000/1594323
[2026-09-02T11:02:16Z]   full KL q=3 n=13: 90000/1594323
[2026-09-02T11:02:27Z]   full KL q=3 n=13: 100000/1594323
[2026-09-02T11:02:42Z]   full KL q=3 n=13: 110000/1594323
[2026-09-02T11:02:53Z]   full KL q=3 n=13: 120000/1594323
[2026-09-02T11:03:03Z]   full KL q=3 n=13: 130000/1594323
[2026-09-02T11:03:14Z]   full KL q=3 n=13: 140000/1594323
[2026-09-02T11:03:27Z]   full KL q=3 n=13: 150000/1594323
[2026-09-02T11:03:38Z]   full KL q=3 n=13: 160000/1594323
[2026-09-02T11:03:48Z]   full KL q=3 n=13: 170000/1594323
[2026-09-02T11:03:55Z]   full KL q=3 n=13: 180000/1594323
[2026-09-02T11:04:05Z]   full KL q=3 n=13: 190000/1594323
[2026-09-02T11:04:16Z]   full KL q=3 n=13: 200000/1594323
[2026-09-02T11:04:27Z]   full KL q=3 n=13: 210000/1594323
[2026-09-02T11:04:42Z]   full KL q=3 n=13: 220000/1594323
[2026-09-02T11:04:59Z]   full KL q=3 n=13: 230000/1594323
[2026-09-02T11:05:10Z]   full KL q=3 n=13: 240000/1594323
[2026-09-02T11:05:21Z]   full KL q=3 n=13: 250000/1594323
[2026-09-02T11:05:32Z]   full KL q=3 n=13: 260000/1594323
[2026-09-02T11:05:39Z]   full KL q=3 n=13: 270000/1594323
[2026-09-02T11:05:50Z]   full KL q=3 n=13: 280000/1594323
[2026-09-02T11:06:03Z]   full KL q=3 n=13: 290000/1594323
[2026-09-02T11:06:15Z]   full KL q=3 n=13: 300000/1594323
[2026-09-02T11:06:34Z]   full KL q=3 n=13: 310000/1594323
[2026-09-02T11:06:51Z]   full KL q=3 n=13: 320000/1594323
[2026-09-02T11:07:07Z]   full KL q=3 n=13: 330000/1594323
[2026-09-02T11:07:21Z]   full KL q=3 n=13: 340000/1594323
[2026-09-02T11:07:34Z]   full KL q=3 n=13: 350000/1594323
[2026-09-02T11:07:42Z]   full KL q=3 n=13: 360000/1594323
[2026-09-02T11:07:53Z]   full KL q=3 n=13: 370000/1594323
[2026-09-02T11:08:07Z]   full KL q=3 n=13: 380000/1594323
[2026-09-02T11:08:22Z]   full KL q=3 n=13: 390000/1594323
[2026-09-02T11:08:36Z]   full KL q=3 n=13: 400000/1594323
[2026-09-02T11:08:50Z]   full KL q=3 n=13: 410000/1594323
[2026-09-02T11:09:02Z]   full KL q=3 n=13: 420000/1594323
[2026-09-02T11:09:21Z]   full KL q=3 n=13: 430000/1594323
[2026-09-02T11:09:37Z]   full KL q=3 n=13: 440000/1594323
[2026-09-02T11:09:49Z]   full KL q=3 n=13: 450000/1594323
[2026-09-02T11:10:05Z]   full KL q=3 n=13: 460000/1594323
[2026-09-02T11:10:20Z]   full KL q=3 n=13: 470000/1594323
[2026-09-02T11:10:30Z]   full KL q=3 n=13: 480000/1594323
[2026-09-02T11:10:43Z]   full KL q=3 n=13: 490000/1594323
[2026-09-02T11:10:56Z]   full KL q=3 n=13: 500000/1594323
[2026-09-02T11:11:08Z]   full KL q=3 n=13: 510000/1594323
[2026-09-02T11:11:17Z]   full KL q=3 n=13: 520000/1594323
[2026-09-02T11:11:24Z]   full KL q=3 n=13: 530000/1594323
[2026-09-02T11:11:30Z]   full KL q=3 n=13: 540000/1594323
[2026-09-02T11:11:39Z]   full KL q=3 n=13: 550000/1594323
[2026-09-02T11:11:49Z]   full KL q=3 n=13: 560000/1594323
[2026-09-02T11:12:01Z]   full KL q=3 n=13: 570000/1594323
[2026-09-02T11:12:14Z]   full KL q=3 n=13: 580000/1594323
[2026-09-02T11:12:27Z]   full KL q=3 n=13: 590000/1594323
[2026-09-02T11:12:37Z]   full KL q=3 n=13: 600000/1594323
[2026-09-02T11:12:52Z]   full KL q=3 n=13: 610000/1594323
[2026-09-02T11:13:01Z]   full KL q=3 n=13: 620000/1594323
[2026-09-02T11:13:11Z]   full KL q=3 n=13: 630000/1594323
[2026-09-02T11:13:29Z]   full KL q=3 n=13: 640000/1594323
[2026-09-02T11:13:42Z]   full KL q=3 n=13: 650000/1594323
[2026-09-02T11:13:56Z]   full KL q=3 n=13: 660000/1594323
[2026-09-02T11:14:13Z]   full KL q=3 n=13: 670000/1594323
[2026-09-02T11:14:31Z]   full KL q=3 n=13: 680000/1594323
[2026-09-02T11:14:47Z]   full KL q=3 n=13: 690000/1594323
[2026-09-02T11:15:02Z]   full KL q=3 n=13: 700000/1594323
[2026-09-02T11:15:11Z]   full KL q=3 n=13: 710000/1594323
[2026-09-02T11:15:19Z]   full KL q=3 n=13: 720000/1594323
[2026-09-02T11:15:29Z]   full KL q=3 n=13: 730000/1594323
[2026-09-02T11:15:39Z]   full KL q=3 n=13: 740000/1594323
[2026-09-02T11:15:50Z]   full KL q=3 n=13: 750000/1594323
[2026-09-02T11:16:04Z]   full KL q=3 n=13: 760000/1594323
[2026-09-02T11:16:13Z]   full KL q=3 n=13: 770000/1594323
[2026-09-02T11:16:21Z]   full KL q=3 n=13: 780000/1594323
[2026-09-02T11:16:28Z]   full KL q=3 n=13: 790000/1594323
[2026-09-02T11:16:33Z]   full KL q=3 n=13: 800000/1594323
[2026-09-02T11:16:39Z]   full KL q=3 n=13: 810000/1594323
[2026-09-02T11:16:47Z]   full KL q=3 n=13: 820000/1594323
[2026-09-02T11:16:55Z]   full KL q=3 n=13: 830000/1594323
[2026-09-02T11:17:09Z]   full KL q=3 n=13: 840000/1594323
[2026-09-02T11:17:21Z]   full KL q=3 n=13: 850000/1594323
[2026-09-02T11:17:31Z]   full KL q=3 n=13: 860000/1594323
[2026-09-02T11:17:41Z]   full KL q=3 n=13: 870000/1594323
[2026-09-02T11:17:51Z]   full KL q=3 n=13: 880000/1594323
[2026-09-02T11:17:59Z]   full KL q=3 n=13: 890000/1594323
[2026-09-02T11:18:13Z]   full KL q=3 n=13: 900000/1594323
[2026-09-02T11:18:28Z]   full KL q=3 n=13: 910000/1594323
[2026-09-02T11:18:45Z]   full KL q=3 n=13: 920000/1594323
[2026-09-02T11:19:03Z]   full KL q=3 n=13: 930000/1594323
[2026-09-02T11:19:21Z]   full KL q=3 n=13: 940000/1594323
[2026-09-02T11:19:34Z]   full KL q=3 n=13: 950000/1594323
[2026-09-02T11:19:50Z]   full KL q=3 n=13: 960000/1594323
[2026-09-02T11:20:05Z]   full KL q=3 n=13: 970000/1594323
[2026-09-02T11:20:15Z]   full KL q=3 n=13: 980000/1594323
[2026-09-02T11:20:28Z]   full KL q=3 n=13: 990000/1594323
[2026-09-02T11:20:41Z]   full KL q=3 n=13: 1000000/1594323
[2026-09-02T11:20:51Z]   full KL q=3 n=13: 1010000/1594323
[2026-09-02T11:21:06Z]   full KL q=3 n=13: 1020000/1594323
[2026-09-02T11:21:19Z]   full KL q=3 n=13: 1030000/1594323
[2026-09-02T11:21:30Z]   full KL q=3 n=13: 1040000/1594323
[2026-09-02T11:21:39Z]   full KL q=3 n=13: 1050000/1594323
[2026-09-02T11:21:47Z]   full KL q=3 n=13: 1060000/1594323
[2026-09-02T11:21:53Z]   full KL q=3 n=13: 1070000/1594323
[2026-09-02T11:22:02Z]   full KL q=3 n=13: 1080000/1594323
[2026-09-02T11:22:13Z]   full KL q=3 n=13: 1090000/1594323
[2026-09-02T11:22:27Z]   full KL q=3 n=13: 1100000/1594323
[2026-09-02T11:22:38Z]   full KL q=3 n=13: 1110000/1594323
[2026-09-02T11:22:51Z]   full KL q=3 n=13: 1120000/1594323
[2026-09-02T11:23:03Z]   full KL q=3 n=13: 1130000/1594323
[2026-09-02T11:23:22Z]   full KL q=3 n=13: 1140000/1594323
[2026-09-02T11:23:35Z]   full KL q=3 n=13: 1150000/1594323
[2026-09-02T11:23:48Z]   full KL q=3 n=13: 1160000/1594323
[2026-09-02T11:24:08Z]   full KL q=3 n=13: 1170000/1594323
[2026-09-02T11:24:23Z]   full KL q=3 n=13: 1180000/1594323
[2026-09-02T11:24:35Z]   full KL q=3 n=13: 1190000/1594323
[2026-09-02T11:24:49Z]   full KL q=3 n=13: 1200000/1594323
[2026-09-02T11:25:06Z]   full KL q=3 n=13: 1210000/1594323
[2026-09-02T11:25:21Z]   full KL q=3 n=13: 1220000/1594323
[2026-09-02T11:25:33Z]   full KL q=3 n=13: 1230000/1594323
[2026-09-02T11:25:42Z]   full KL q=3 n=13: 1240000/1594323
[2026-09-02T11:25:52Z]   full KL q=3 n=13: 1250000/1594323
[2026-09-02T11:26:07Z]   full KL q=3 n=13: 1260000/1594323
[2026-09-02T11:26:22Z]   full KL q=3 n=13: 1270000/1594323
[2026-09-02T11:26:39Z]   full KL q=3 n=13: 1280000/1594323
[2026-09-02T11:26:59Z]   full KL q=3 n=13: 1290000/1594323
[2026-09-02T11:27:14Z]   full KL q=3 n=13: 1300000/1594323
[2026-09-02T11:27:25Z]   full KL q=3 n=13: 1310000/1594323
[2026-09-02T11:27:40Z]   full KL q=3 n=13: 1320000/1594323
[2026-09-02T11:27:48Z]   full KL q=3 n=13: 1330000/1594323
[2026-09-02T11:27:56Z]   full KL q=3 n=13: 1340000/1594323
[2026-09-02T11:28:10Z]   full KL q=3 n=13: 1350000/1594323
[2026-09-02T11:28:19Z]   full KL q=3 n=13: 1360000/1594323
[2026-09-02T11:28:36Z]   full KL q=3 n=13: 1370000/1594323
[2026-09-02T11:28:52Z]   full KL q=3 n=13: 1380000/1594323
[2026-09-02T11:29:06Z]   full KL q=3 n=13: 1390000/1594323
[2026-09-02T11:29:18Z]   full KL q=3 n=13: 1400000/1594323
[2026-09-02T11:29:30Z]   full KL q=3 n=13: 1410000/1594323
[2026-09-02T11:29:37Z]   full KL q=3 n=13: 1420000/1594323
[2026-09-02T11:29:47Z]   full KL q=3 n=13: 1430000/1594323
[2026-09-02T11:29:57Z]   full KL q=3 n=13: 1440000/1594323
[2026-09-02T11:30:10Z]   full KL q=3 n=13: 1450000/1594323
[2026-09-02T11:30:22Z]   full KL q=3 n=13: 1460000/1594323
[2026-09-02T11:30:34Z]   full KL q=3 n=13: 1470000/1594323
[2026-09-02T11:30:43Z]   full KL q=3 n=13: 1480000/1594323
[2026-09-02T11:30:56Z]   full KL q=3 n=13: 1490000/1594323
[2026-09-02T11:31:09Z]   full KL q=3 n=13: 1500000/1594323
[2026-09-02T11:31:18Z]   full KL q=3 n=13: 1510000/1594323
[2026-09-02T11:31:28Z]   full KL q=3 n=13: 1520000/1594323
[2026-09-02T11:31:39Z]   full KL q=3 n=13: 1530000/1594323
[2026-09-02T11:31:47Z]   full KL q=3 n=13: 1540000/1594323
[2026-09-02T11:31:55Z]   full KL q=3 n=13: 1550000/1594323
[2026-09-02T11:32:04Z]   full KL q=3 n=13: 1560000/1594323
[2026-09-02T11:32:12Z]   full KL q=3 n=13: 1570000/1594323
[2026-09-02T11:32:18Z]   full KL q=3 n=13: 1580000/1594323
[2026-09-02T11:32:23Z]   full KL q=3 n=13: 1590000/1594323
[2026-09-02T11:32:25Z] q=3 n=13 d=1/10 ordinal=2 status=CERTIFIED rss=16669851648
[2026-09-02T12:22:38Z]   full KL q=3 n=13: 10000/1594323
[2026-09-02T12:22:47Z]   full KL q=3 n=13: 20000/1594323
[2026-09-02T12:22:57Z]   full KL q=3 n=13: 30000/1594323
[2026-09-02T12:23:11Z]   full KL q=3 n=13: 40000/1594323
[2026-09-02T12:23:24Z]   full KL q=3 n=13: 50000/1594323
[2026-09-02T12:23:34Z]   full KL q=3 n=13: 60000/1594323
[2026-09-02T12:23:49Z]   full KL q=3 n=13: 70000/1594323
[2026-09-02T12:24:07Z]   full KL q=3 n=13: 80000/1594323
[2026-09-02T12:24:20Z]   full KL q=3 n=13: 90000/1594323
[2026-09-02T12:24:35Z]   full KL q=3 n=13: 100000/1594323
[2026-09-02T12:24:57Z]   full KL q=3 n=13: 110000/1594323
[2026-09-02T12:25:13Z]   full KL q=3 n=13: 120000/1594323
[2026-09-02T12:25:30Z]   full KL q=3 n=13: 130000/1594323
[2026-09-02T12:25:47Z]   full KL q=3 n=13: 140000/1594323
[2026-09-02T12:26:06Z]   full KL q=3 n=13: 150000/1594323
[2026-09-02T12:26:25Z]   full KL q=3 n=13: 160000/1594323
[2026-09-02T12:26:41Z]   full KL q=3 n=13: 170000/1594323
[2026-09-02T12:26:51Z]   full KL q=3 n=13: 180000/1594323
[2026-09-02T12:27:07Z]   full KL q=3 n=13: 190000/1594323
[2026-09-02T12:27:25Z]   full KL q=3 n=13: 200000/1594323
[2026-09-02T12:27:44Z]   full KL q=3 n=13: 210000/1594323
[2026-09-02T12:28:08Z]   full KL q=3 n=13: 220000/1594323
[2026-09-02T12:28:36Z]   full KL q=3 n=13: 230000/1594323
[2026-09-02T12:28:56Z]   full KL q=3 n=13: 240000/1594323
[2026-09-02T12:29:14Z]   full KL q=3 n=13: 250000/1594323
[2026-09-02T12:29:33Z]   full KL q=3 n=13: 260000/1594323
[2026-09-02T12:29:45Z]   full KL q=3 n=13: 270000/1594323
[2026-09-02T12:30:04Z]   full KL q=3 n=13: 280000/1594323
[2026-09-02T12:30:25Z]   full KL q=3 n=13: 290000/1594323
[2026-09-02T12:30:44Z]   full KL q=3 n=13: 300000/1594323
[2026-09-02T12:31:14Z]   full KL q=3 n=13: 310000/1594323
[2026-09-02T12:31:42Z]   full KL q=3 n=13: 320000/1594323
[2026-09-02T12:32:06Z]   full KL q=3 n=13: 330000/1594323
[2026-09-02T12:32:30Z]   full KL q=3 n=13: 340000/1594323
[2026-09-02T12:32:51Z]   full KL q=3 n=13: 350000/1594323
[2026-09-02T12:33:03Z]   full KL q=3 n=13: 360000/1594323
[2026-09-02T12:33:21Z]   full KL q=3 n=13: 370000/1594323
[2026-09-02T12:33:42Z]   full KL q=3 n=13: 380000/1594323
[2026-09-02T12:34:05Z]   full KL q=3 n=13: 390000/1594323
[2026-09-02T12:34:26Z]   full KL q=3 n=13: 400000/1594323
[2026-09-02T12:34:48Z]   full KL q=3 n=13: 410000/1594323
[2026-09-02T12:35:06Z]   full KL q=3 n=13: 420000/1594323
[2026-09-02T12:35:36Z]   full KL q=3 n=13: 430000/1594323
[2026-09-02T12:35:59Z]   full KL q=3 n=13: 440000/1594323
[2026-09-02T12:36:17Z]   full KL q=3 n=13: 450000/1594323
[2026-09-02T12:36:41Z]   full KL q=3 n=13: 460000/1594323
[2026-09-02T12:37:05Z]   full KL q=3 n=13: 470000/1594323
[2026-09-02T12:37:19Z]   full KL q=3 n=13: 480000/1594323
[2026-09-02T12:37:39Z]   full KL q=3 n=13: 490000/1594323
[2026-09-02T12:37:59Z]   full KL q=3 n=13: 500000/1594323
[2026-09-02T12:38:17Z]   full KL q=3 n=13: 510000/1594323
[2026-09-02T12:38:31Z]   full KL q=3 n=13: 520000/1594323
[2026-09-02T12:38:43Z]   full KL q=3 n=13: 530000/1594323
[2026-09-02T12:38:51Z]   full KL q=3 n=13: 540000/1594323
[2026-09-02T12:39:05Z]   full KL q=3 n=13: 550000/1594323
[2026-09-02T12:39:21Z]   full KL q=3 n=13: 560000/1594323
[2026-09-02T12:39:39Z]   full KL q=3 n=13: 570000/1594323
[2026-09-02T12:39:59Z]   full KL q=3 n=13: 580000/1594323
[2026-09-02T12:40:18Z]   full KL q=3 n=13: 590000/1594323
[2026-09-02T12:40:34Z]   full KL q=3 n=13: 600000/1594323
[2026-09-02T12:40:57Z]   full KL q=3 n=13: 610000/1594323
[2026-09-02T12:41:12Z]   full KL q=3 n=13: 620000/1594323
[2026-09-02T12:41:28Z]   full KL q=3 n=13: 630000/1594323
[2026-09-02T12:41:55Z]   full KL q=3 n=13: 640000/1594323
[2026-09-02T12:42:15Z]   full KL q=3 n=13: 650000/1594323
[2026-09-02T12:42:37Z]   full KL q=3 n=13: 660000/1594323
[2026-09-02T12:43:03Z]   full KL q=3 n=13: 670000/1594323
[2026-09-02T12:43:29Z]   full KL q=3 n=13: 680000/1594323
[2026-09-02T12:43:54Z]   full KL q=3 n=13: 690000/1594323
[2026-09-02T12:44:16Z]   full KL q=3 n=13: 700000/1594323
[2026-09-02T12:44:31Z]   full KL q=3 n=13: 710000/1594323
[2026-09-02T12:44:43Z]   full KL q=3 n=13: 720000/1594323
[2026-09-02T12:44:58Z]   full KL q=3 n=13: 730000/1594323
[2026-09-02T12:45:12Z]   full KL q=3 n=13: 740000/1594323
[2026-09-02T12:45:29Z]   full KL q=3 n=13: 750000/1594323
[2026-09-02T12:45:50Z]   full KL q=3 n=13: 760000/1594323
[2026-09-02T12:46:05Z]   full KL q=3 n=13: 770000/1594323
[2026-09-02T12:46:16Z]   full KL q=3 n=13: 780000/1594323
[2026-09-02T12:46:27Z]   full KL q=3 n=13: 790000/1594323
[2026-09-02T12:46:34Z]   full KL q=3 n=13: 800000/1594323
[2026-09-02T12:46:43Z]   full KL q=3 n=13: 810000/1594323
[2026-09-02T12:46:55Z]   full KL q=3 n=13: 820000/1594323
[2026-09-02T12:47:07Z]   full KL q=3 n=13: 830000/1594323
[2026-09-02T12:47:27Z]   full KL q=3 n=13: 840000/1594323
[2026-09-02T12:47:46Z]   full KL q=3 n=13: 850000/1594323
[2026-09-02T12:48:01Z]   full KL q=3 n=13: 860000/1594323
[2026-09-02T12:48:17Z]   full KL q=3 n=13: 870000/1594323
[2026-09-02T12:48:31Z]   full KL q=3 n=13: 880000/1594323
[2026-09-02T12:48:43Z]   full KL q=3 n=13: 890000/1594323
[2026-09-02T12:49:04Z]   full KL q=3 n=13: 900000/1594323
[2026-09-02T12:49:28Z]   full KL q=3 n=13: 910000/1594323
[2026-09-02T12:49:54Z]   full KL q=3 n=13: 920000/1594323
[2026-09-02T12:50:22Z]   full KL q=3 n=13: 930000/1594323
[2026-09-02T12:50:50Z]   full KL q=3 n=13: 940000/1594323
[2026-09-02T12:51:09Z]   full KL q=3 n=13: 950000/1594323
[2026-09-02T12:51:35Z]   full KL q=3 n=13: 960000/1594323
[2026-09-02T12:51:58Z]   full KL q=3 n=13: 970000/1594323
[2026-09-02T12:52:13Z]   full KL q=3 n=13: 980000/1594323
[2026-09-02T12:52:34Z]   full KL q=3 n=13: 990000/1594323
[2026-09-02T12:52:54Z]   full KL q=3 n=13: 1000000/1594323
[2026-09-02T12:53:09Z]   full KL q=3 n=13: 1010000/1594323
[2026-09-02T12:53:32Z]   full KL q=3 n=13: 1020000/1594323
[2026-09-02T12:53:52Z]   full KL q=3 n=13: 1030000/1594323
[2026-09-02T12:54:09Z]   full KL q=3 n=13: 1040000/1594323
[2026-09-02T12:54:23Z]   full KL q=3 n=13: 1050000/1594323
[2026-09-02T12:54:36Z]   full KL q=3 n=13: 1060000/1594323
[2026-09-02T12:54:44Z]   full KL q=3 n=13: 1070000/1594323
[2026-09-02T12:54:59Z]   full KL q=3 n=13: 1080000/1594323
[2026-09-02T12:55:17Z]   full KL q=3 n=13: 1090000/1594323
[2026-09-02T12:55:38Z]   full KL q=3 n=13: 1100000/1594323
[2026-09-02T12:55:56Z]   full KL q=3 n=13: 1110000/1594323
[2026-09-02T12:56:16Z]   full KL q=3 n=13: 1120000/1594323
[2026-09-02T12:56:35Z]   full KL q=3 n=13: 1130000/1594323
[2026-09-02T12:57:04Z]   full KL q=3 n=13: 1140000/1594323
[2026-09-02T12:57:25Z]   full KL q=3 n=13: 1150000/1594323
[2026-09-02T12:57:45Z]   full KL q=3 n=13: 1160000/1594323
[2026-09-02T12:58:16Z]   full KL q=3 n=13: 1170000/1594323
[2026-09-02T12:58:40Z]   full KL q=3 n=13: 1180000/1594323
[2026-09-02T12:58:58Z]   full KL q=3 n=13: 1190000/1594323
[2026-09-02T12:59:20Z]   full KL q=3 n=13: 1200000/1594323
[2026-09-02T12:59:46Z]   full KL q=3 n=13: 1210000/1594323
[2026-09-02T13:00:09Z]   full KL q=3 n=13: 1220000/1594323
[2026-09-02T13:00:27Z]   full KL q=3 n=13: 1230000/1594323
[2026-09-02T13:00:41Z]   full KL q=3 n=13: 1240000/1594323
[2026-09-02T13:00:57Z]   full KL q=3 n=13: 1250000/1594323
[2026-09-02T13:01:21Z]   full KL q=3 n=13: 1260000/1594323
[2026-09-02T13:01:44Z]   full KL q=3 n=13: 1270000/1594323
[2026-09-02T13:02:10Z]   full KL q=3 n=13: 1280000/1594323
[2026-09-02T13:02:40Z]   full KL q=3 n=13: 1290000/1594323
[2026-09-02T13:03:03Z]   full KL q=3 n=13: 1300000/1594323
[2026-09-02T13:03:21Z]   full KL q=3 n=13: 1310000/1594323
[2026-09-02T13:03:43Z]   full KL q=3 n=13: 1320000/1594323
[2026-09-02T13:03:55Z]   full KL q=3 n=13: 1330000/1594323
[2026-09-02T13:04:09Z]   full KL q=3 n=13: 1340000/1594323
[2026-09-02T13:04:29Z]   full KL q=3 n=13: 1350000/1594323
[2026-09-02T13:04:44Z]   full KL q=3 n=13: 1360000/1594323
[2026-09-02T13:05:10Z]   full KL q=3 n=13: 1370000/1594323
[2026-09-02T13:05:35Z]   full KL q=3 n=13: 1380000/1594323
[2026-09-02T13:05:56Z]   full KL q=3 n=13: 1390000/1594323
[2026-09-02T13:06:14Z]   full KL q=3 n=13: 1400000/1594323
[2026-09-02T13:06:33Z]   full KL q=3 n=13: 1410000/1594323
[2026-09-02T13:06:44Z]   full KL q=3 n=13: 1420000/1594323
[2026-09-02T13:06:59Z]   full KL q=3 n=13: 1430000/1594323
[2026-09-02T13:07:15Z]   full KL q=3 n=13: 1440000/1594323
[2026-09-02T13:07:34Z]   full KL q=3 n=13: 1450000/1594323
[2026-09-02T13:07:54Z]   full KL q=3 n=13: 1460000/1594323
[2026-09-02T13:08:12Z]   full KL q=3 n=13: 1470000/1594323
[2026-09-02T13:08:26Z]   full KL q=3 n=13: 1480000/1594323
[2026-09-02T13:08:46Z]   full KL q=3 n=13: 1490000/1594323
[2026-09-02T13:09:06Z]   full KL q=3 n=13: 1500000/1594323
[2026-09-02T13:09:19Z]   full KL q=3 n=13: 1510000/1594323
[2026-09-02T13:09:36Z]   full KL q=3 n=13: 1520000/1594323
[2026-09-02T13:09:52Z]   full KL q=3 n=13: 1530000/1594323
[2026-09-02T13:10:04Z]   full KL q=3 n=13: 1540000/1594323
[2026-09-02T13:10:17Z]   full KL q=3 n=13: 1550000/1594323
[2026-09-02T13:10:30Z]   full KL q=3 n=13: 1560000/1594323
[2026-09-02T13:10:42Z]   full KL q=3 n=13: 1570000/1594323
[2026-09-02T13:10:52Z]   full KL q=3 n=13: 1580000/1594323
[2026-09-02T13:11:00Z]   full KL q=3 n=13: 1590000/1594323
[2026-09-02T13:14:43Z]   full KL q=3 n=13: 10000/1594323
[2026-09-02T13:14:51Z]   full KL q=3 n=13: 20000/1594323
[2026-09-02T13:15:00Z]   full KL q=3 n=13: 30000/1594323
[2026-09-02T13:15:12Z]   full KL q=3 n=13: 40000/1594323
[2026-09-02T13:15:23Z]   full KL q=3 n=13: 50000/1594323
[2026-09-02T13:15:33Z]   full KL q=3 n=13: 60000/1594323
[2026-09-02T13:15:44Z]   full KL q=3 n=13: 70000/1594323
[2026-09-02T13:16:00Z]   full KL q=3 n=13: 80000/1594323
[2026-09-02T13:16:11Z]   full KL q=3 n=13: 90000/1594323
[2026-09-02T13:16:25Z]   full KL q=3 n=13: 100000/1594323
[2026-09-02T13:16:44Z]   full KL q=3 n=13: 110000/1594323
[2026-09-02T13:16:58Z]   full KL q=3 n=13: 120000/1594323
[2026-09-02T13:17:12Z]   full KL q=3 n=13: 130000/1594323
[2026-09-02T13:17:27Z]   full KL q=3 n=13: 140000/1594323
[2026-09-02T13:17:44Z]   full KL q=3 n=13: 150000/1594323
[2026-09-02T13:18:00Z]   full KL q=3 n=13: 160000/1594323
[2026-09-02T13:18:14Z]   full KL q=3 n=13: 170000/1594323
[2026-09-02T13:18:23Z]   full KL q=3 n=13: 180000/1594323
[2026-09-02T13:18:36Z]   full KL q=3 n=13: 190000/1594323
[2026-09-02T13:18:52Z]   full KL q=3 n=13: 200000/1594323
[2026-09-02T13:19:07Z]   full KL q=3 n=13: 210000/1594323
[2026-09-02T13:19:29Z]   full KL q=3 n=13: 220000/1594323
[2026-09-02T13:19:53Z]   full KL q=3 n=13: 230000/1594323
[2026-09-02T13:20:09Z]   full KL q=3 n=13: 240000/1594323
[2026-09-02T13:20:24Z]   full KL q=3 n=13: 250000/1594323
[2026-09-02T13:20:39Z]   full KL q=3 n=13: 260000/1594323
[2026-09-02T13:20:48Z]   full KL q=3 n=13: 270000/1594323
[2026-09-02T13:21:04Z]   full KL q=3 n=13: 280000/1594323
[2026-09-02T13:21:21Z]   full KL q=3 n=13: 290000/1594323
[2026-09-02T13:21:37Z]   full KL q=3 n=13: 300000/1594323
[2026-09-02T13:22:03Z]   full KL q=3 n=13: 310000/1594323
[2026-09-02T13:22:28Z]   full KL q=3 n=13: 320000/1594323
[2026-09-02T13:22:48Z]   full KL q=3 n=13: 330000/1594323
[2026-09-02T13:23:09Z]   full KL q=3 n=13: 340000/1594323
[2026-09-02T13:23:27Z]   full KL q=3 n=13: 350000/1594323
[2026-09-02T13:23:37Z]   full KL q=3 n=13: 360000/1594323
[2026-09-02T13:23:53Z]   full KL q=3 n=13: 370000/1594323
[2026-09-02T13:24:12Z]   full KL q=3 n=13: 380000/1594323
[2026-09-02T13:24:33Z]   full KL q=3 n=13: 390000/1594323
[2026-09-02T13:24:51Z]   full KL q=3 n=13: 400000/1594323
[2026-09-02T13:25:11Z]   full KL q=3 n=13: 410000/1594323
[2026-09-02T13:25:27Z]   full KL q=3 n=13: 420000/1594323
[2026-09-02T13:25:54Z]   full KL q=3 n=13: 430000/1594323
[2026-09-02T13:26:16Z]   full KL q=3 n=13: 440000/1594323
[2026-09-02T13:26:31Z]   full KL q=3 n=13: 450000/1594323
[2026-09-02T13:26:54Z]   full KL q=3 n=13: 460000/1594323
[2026-09-02T13:27:15Z]   full KL q=3 n=13: 470000/1594323
[2026-09-02T13:27:28Z]   full KL q=3 n=13: 480000/1594323
[2026-09-02T13:27:46Z]   full KL q=3 n=13: 490000/1594323
[2026-09-02T13:28:04Z]   full KL q=3 n=13: 500000/1594323
[2026-09-02T13:28:20Z]   full KL q=3 n=13: 510000/1594323
[2026-09-02T13:28:32Z]   full KL q=3 n=13: 520000/1594323
[2026-09-02T13:28:42Z]   full KL q=3 n=13: 530000/1594323
[2026-09-02T13:28:50Z]   full KL q=3 n=13: 540000/1594323
[2026-09-02T13:29:02Z]   full KL q=3 n=13: 550000/1594323
[2026-09-02T13:29:16Z]   full KL q=3 n=13: 560000/1594323
[2026-09-02T13:29:32Z]   full KL q=3 n=13: 570000/1594323
[2026-09-02T13:29:50Z]   full KL q=3 n=13: 580000/1594323
[2026-09-02T13:30:06Z]   full KL q=3 n=13: 590000/1594323
[2026-09-02T13:30:20Z]   full KL q=3 n=13: 600000/1594323
[2026-09-02T13:30:41Z]   full KL q=3 n=13: 610000/1594323
[2026-09-02T13:30:53Z]   full KL q=3 n=13: 620000/1594323
[2026-09-02T13:31:08Z]   full KL q=3 n=13: 630000/1594323
[2026-09-02T13:31:32Z]   full KL q=3 n=13: 640000/1594323
[2026-09-02T13:31:50Z]   full KL q=3 n=13: 650000/1594323
[2026-09-02T13:32:10Z]   full KL q=3 n=13: 660000/1594323
[2026-09-02T13:32:33Z]   full KL q=3 n=13: 670000/1594323
[2026-09-02T13:32:57Z]   full KL q=3 n=13: 680000/1594323
[2026-09-02T13:33:20Z]   full KL q=3 n=13: 690000/1594323
[2026-09-02T13:33:40Z]   full KL q=3 n=13: 700000/1594323
[2026-09-02T13:33:53Z]   full KL q=3 n=13: 710000/1594323
[2026-09-02T13:34:04Z]   full KL q=3 n=13: 720000/1594323
[2026-09-02T13:34:17Z]   full KL q=3 n=13: 730000/1594323
[2026-09-02T13:34:30Z]   full KL q=3 n=13: 740000/1594323
[2026-09-02T13:34:45Z]   full KL q=3 n=13: 750000/1594323
[2026-09-02T13:35:05Z]   full KL q=3 n=13: 760000/1594323
[2026-09-02T13:35:18Z]   full KL q=3 n=13: 770000/1594323
[2026-09-02T13:35:28Z]   full KL q=3 n=13: 780000/1594323
[2026-09-02T13:35:38Z]   full KL q=3 n=13: 790000/1594323
[2026-09-02T13:35:44Z]   full KL q=3 n=13: 800000/1594323
[2026-09-02T13:35:52Z]   full KL q=3 n=13: 810000/1594323
[2026-09-02T13:36:04Z]   full KL q=3 n=13: 820000/1594323
[2026-09-02T13:36:14Z]   full KL q=3 n=13: 830000/1594323
[2026-09-02T13:36:32Z]   full KL q=3 n=13: 840000/1594323
[2026-09-02T13:36:50Z]   full KL q=3 n=13: 850000/1594323
[2026-09-02T13:37:04Z]   full KL q=3 n=13: 860000/1594323
[2026-09-02T13:37:18Z]   full KL q=3 n=13: 870000/1594323
[2026-09-02T13:37:31Z]   full KL q=3 n=13: 880000/1594323
[2026-09-02T13:37:42Z]   full KL q=3 n=13: 890000/1594323
[2026-09-02T13:38:00Z]   full KL q=3 n=13: 900000/1594323
[2026-09-02T13:38:22Z]   full KL q=3 n=13: 910000/1594323
[2026-09-02T13:38:46Z]   full KL q=3 n=13: 920000/1594323
[2026-09-02T13:39:11Z]   full KL q=3 n=13: 930000/1594323
[2026-09-02T13:39:36Z]   full KL q=3 n=13: 940000/1594323
[2026-09-02T13:39:53Z]   full KL q=3 n=13: 950000/1594323
[2026-09-02T13:40:16Z]   full KL q=3 n=13: 960000/1594323
[2026-09-02T13:40:36Z]   full KL q=3 n=13: 970000/1594323
[2026-09-02T13:40:49Z]   full KL q=3 n=13: 980000/1594323
[2026-09-02T13:41:08Z]   full KL q=3 n=13: 990000/1594323
[2026-09-02T13:41:25Z]   full KL q=3 n=13: 1000000/1594323
[2026-09-02T13:41:39Z]   full KL q=3 n=13: 1010000/1594323
[2026-09-02T13:41:59Z]   full KL q=3 n=13: 1020000/1594323
[2026-09-02T13:42:17Z]   full KL q=3 n=13: 1030000/1594323
[2026-09-02T13:42:32Z]   full KL q=3 n=13: 1040000/1594323
[2026-09-02T13:42:45Z]   full KL q=3 n=13: 1050000/1594323
[2026-09-02T13:42:56Z]   full KL q=3 n=13: 1060000/1594323
[2026-09-02T13:43:03Z]   full KL q=3 n=13: 1070000/1594323
[2026-09-02T13:43:17Z]   full KL q=3 n=13: 1080000/1594323
[2026-09-02T13:43:32Z]   full KL q=3 n=13: 1090000/1594323
[2026-09-02T13:43:50Z]   full KL q=3 n=13: 1100000/1594323
[2026-09-02T13:44:06Z]   full KL q=3 n=13: 1110000/1594323
[2026-09-02T13:44:23Z]   full KL q=3 n=13: 1120000/1594323
[2026-09-02T13:44:40Z]   full KL q=3 n=13: 1130000/1594323
[2026-09-02T13:45:06Z]   full KL q=3 n=13: 1140000/1594323
[2026-09-02T13:45:24Z]   full KL q=3 n=13: 1150000/1594323
[2026-09-02T13:45:42Z]   full KL q=3 n=13: 1160000/1594323
[2026-09-02T13:46:09Z]   full KL q=3 n=13: 1170000/1594323
[2026-09-02T13:46:31Z]   full KL q=3 n=13: 1180000/1594323
[2026-09-02T13:46:47Z]   full KL q=3 n=13: 1190000/1594323
[2026-09-02T13:47:07Z]   full KL q=3 n=13: 1200000/1594323
[2026-09-02T13:47:30Z]   full KL q=3 n=13: 1210000/1594323
[2026-09-02T13:47:51Z]   full KL q=3 n=13: 1220000/1594323
[2026-09-02T13:48:06Z]   full KL q=3 n=13: 1230000/1594323
[2026-09-02T13:48:18Z]   full KL q=3 n=13: 1240000/1594323
[2026-09-02T13:48:32Z]   full KL q=3 n=13: 1250000/1594323
[2026-09-02T13:48:52Z]   full KL q=3 n=13: 1260000/1594323
[2026-09-02T13:49:12Z]   full KL q=3 n=13: 1270000/1594323
[2026-09-02T13:49:35Z]   full KL q=3 n=13: 1280000/1594323
[2026-09-02T13:50:02Z]   full KL q=3 n=13: 1290000/1594323
[2026-09-02T13:50:22Z]   full KL q=3 n=13: 1300000/1594323
[2026-09-02T13:50:38Z]   full KL q=3 n=13: 1310000/1594323
[2026-09-02T13:50:57Z]   full KL q=3 n=13: 1320000/1594323
[2026-09-02T13:51:07Z]   full KL q=3 n=13: 1330000/1594323
[2026-09-02T13:51:19Z]   full KL q=3 n=13: 1340000/1594323
[2026-09-02T13:51:37Z]   full KL q=3 n=13: 1350000/1594323
[2026-09-02T13:51:50Z]   full KL q=3 n=13: 1360000/1594323
[2026-09-02T13:52:12Z]   full KL q=3 n=13: 1370000/1594323
[2026-09-02T13:52:33Z]   full KL q=3 n=13: 1380000/1594323
[2026-09-02T13:52:52Z]   full KL q=3 n=13: 1390000/1594323
[2026-09-02T13:53:08Z]   full KL q=3 n=13: 1400000/1594323
[2026-09-02T13:53:24Z]   full KL q=3 n=13: 1410000/1594323
[2026-09-02T13:53:33Z]   full KL q=3 n=13: 1420000/1594323
[2026-09-02T13:53:47Z]   full KL q=3 n=13: 1430000/1594323
[2026-09-02T13:54:03Z]   full KL q=3 n=13: 1440000/1594323
[2026-09-02T13:54:22Z]   full KL q=3 n=13: 1450000/1594323
[2026-09-02T13:54:42Z]   full KL q=3 n=13: 1460000/1594323
[2026-09-02T13:55:00Z]   full KL q=3 n=13: 1470000/1594323
[2026-09-02T13:55:14Z]   full KL q=3 n=13: 1480000/1594323
[2026-09-02T13:55:34Z]   full KL q=3 n=13: 1490000/1594323
[2026-09-02T13:55:54Z]   full KL q=3 n=13: 1500000/1594323
[2026-09-02T13:56:07Z]   full KL q=3 n=13: 1510000/1594323
[2026-09-02T13:56:23Z]   full KL q=3 n=13: 1520000/1594323
[2026-09-02T13:56:40Z]   full KL q=3 n=13: 1530000/1594323
[2026-09-02T13:56:52Z]   full KL q=3 n=13: 1540000/1594323
[2026-09-02T13:57:05Z]   full KL q=3 n=13: 1550000/1594323
[2026-09-02T13:57:18Z]   full KL q=3 n=13: 1560000/1594323
[2026-09-02T13:57:30Z]   full KL q=3 n=13: 1570000/1594323
[2026-09-02T13:57:40Z]   full KL q=3 n=13: 1580000/1594323
[2026-09-02T13:57:48Z]   full KL q=3 n=13: 1590000/1594323
[2026-09-02T14:01:53Z]   full KL q=3 n=13: 10000/1594323
[2026-09-02T14:02:01Z]   full KL q=3 n=13: 20000/1594323
[2026-09-02T14:02:11Z]   full KL q=3 n=13: 30000/1594323
[2026-09-02T14:02:24Z]   full KL q=3 n=13: 40000/1594323
[2026-09-02T14:02:36Z]   full KL q=3 n=13: 50000/1594323
[2026-09-02T14:02:47Z]   full KL q=3 n=13: 60000/1594323
[2026-09-02T14:03:00Z]   full KL q=3 n=13: 70000/1594323
[2026-09-02T14:03:17Z]   full KL q=3 n=13: 80000/1594323
[2026-09-02T14:03:30Z]   full KL q=3 n=13: 90000/1594323
[2026-09-02T14:03:45Z]   full KL q=3 n=13: 100000/1594323
[2026-09-02T14:04:07Z]   full KL q=3 n=13: 110000/1594323
[2026-09-02T14:04:22Z]   full KL q=3 n=13: 120000/1594323
[2026-09-02T14:04:39Z]   full KL q=3 n=13: 130000/1594323
[2026-09-02T14:04:55Z]   full KL q=3 n=13: 140000/1594323
[2026-09-02T14:05:15Z]   full KL q=3 n=13: 150000/1594323
[2026-09-02T14:05:33Z]   full KL q=3 n=13: 160000/1594323
[2026-09-02T14:05:49Z]   full KL q=3 n=13: 170000/1594323
[2026-09-02T14:05:59Z]   full KL q=3 n=13: 180000/1594323
[2026-09-02T14:06:15Z]   full KL q=3 n=13: 190000/1594323
[2026-09-02T14:06:32Z]   full KL q=3 n=13: 200000/1594323
[2026-09-02T14:06:50Z]   full KL q=3 n=13: 210000/1594323
[2026-09-02T14:07:14Z]   full KL q=3 n=13: 220000/1594323
[2026-09-02T14:07:40Z]   full KL q=3 n=13: 230000/1594323
[2026-09-02T14:07:58Z]   full KL q=3 n=13: 240000/1594323
[2026-09-02T14:08:14Z]   full KL q=3 n=13: 250000/1594323
[2026-09-02T14:08:30Z]   full KL q=3 n=13: 260000/1594323
[2026-09-02T14:08:41Z]   full KL q=3 n=13: 270000/1594323
[2026-09-02T14:08:57Z]   full KL q=3 n=13: 280000/1594323
[2026-09-02T14:09:16Z]   full KL q=3 n=13: 290000/1594323
[2026-09-02T14:09:32Z]   full KL q=3 n=13: 300000/1594323
[2026-09-02T14:09:59Z]   full KL q=3 n=13: 310000/1594323
[2026-09-02T14:10:25Z]   full KL q=3 n=13: 320000/1594323
[2026-09-02T14:10:46Z]   full KL q=3 n=13: 330000/1594323
[2026-09-02T14:11:08Z]   full KL q=3 n=13: 340000/1594323
[2026-09-02T14:11:27Z]   full KL q=3 n=13: 350000/1594323
[2026-09-02T14:11:38Z]   full KL q=3 n=13: 360000/1594323
[2026-09-02T14:11:54Z]   full KL q=3 n=13: 370000/1594323
[2026-09-02T14:12:14Z]   full KL q=3 n=13: 380000/1594323
[2026-09-02T14:12:37Z]   full KL q=3 n=13: 390000/1594323
[2026-09-02T14:12:57Z]   full KL q=3 n=13: 400000/1594323
[2026-09-02T14:13:18Z]   full KL q=3 n=13: 410000/1594323
[2026-09-02T14:13:36Z]   full KL q=3 n=13: 420000/1594323
[2026-09-02T14:14:05Z]   full KL q=3 n=13: 430000/1594323
[2026-09-02T14:14:29Z]   full KL q=3 n=13: 440000/1594323
[2026-09-02T14:14:45Z]   full KL q=3 n=13: 450000/1594323
[2026-09-02T14:15:11Z]   full KL q=3 n=13: 460000/1594323
[2026-09-02T14:15:35Z]   full KL q=3 n=13: 470000/1594323
[2026-09-02T14:15:49Z]   full KL q=3 n=13: 480000/1594323
[2026-09-02T14:16:10Z]   full KL q=3 n=13: 490000/1594323
[2026-09-02T14:16:32Z]   full KL q=3 n=13: 500000/1594323
[2026-09-02T14:16:51Z]   full KL q=3 n=13: 510000/1594323
[2026-09-02T14:17:05Z]   full KL q=3 n=13: 520000/1594323
[2026-09-02T14:17:17Z]   full KL q=3 n=13: 530000/1594323
[2026-09-02T14:17:27Z]   full KL q=3 n=13: 540000/1594323
[2026-09-02T14:17:41Z]   full KL q=3 n=13: 550000/1594323
[2026-09-02T14:17:57Z]   full KL q=3 n=13: 560000/1594323
[2026-09-02T14:18:17Z]   full KL q=3 n=13: 570000/1594323
[2026-09-02T14:18:38Z]   full KL q=3 n=13: 580000/1594323
[2026-09-02T14:18:57Z]   full KL q=3 n=13: 590000/1594323
[2026-09-02T14:19:14Z]   full KL q=3 n=13: 600000/1594323
[2026-09-02T14:19:38Z]   full KL q=3 n=13: 610000/1594323
[2026-09-02T14:19:53Z]   full KL q=3 n=13: 620000/1594323
[2026-09-02T14:20:10Z]   full KL q=3 n=13: 630000/1594323
[2026-09-02T14:20:40Z]   full KL q=3 n=13: 640000/1594323
[2026-09-02T14:21:02Z]   full KL q=3 n=13: 650000/1594323
[2026-09-02T14:21:26Z]   full KL q=3 n=13: 660000/1594323
[2026-09-02T14:21:53Z]   full KL q=3 n=13: 670000/1594323
[2026-09-02T14:22:22Z]   full KL q=3 n=13: 680000/1594323
[2026-09-02T14:22:49Z]   full KL q=3 n=13: 690000/1594323
[2026-09-02T14:23:13Z]   full KL q=3 n=13: 700000/1594323
[2026-09-02T14:23:29Z]   full KL q=3 n=13: 710000/1594323
[2026-09-02T14:23:42Z]   full KL q=3 n=13: 720000/1594323
[2026-09-02T14:23:58Z]   full KL q=3 n=13: 730000/1594323
[2026-09-02T14:24:13Z]   full KL q=3 n=13: 740000/1594323
[2026-09-02T14:24:31Z]   full KL q=3 n=13: 750000/1594323
[2026-09-02T14:24:54Z]   full KL q=3 n=13: 760000/1594323
[2026-09-02T14:25:10Z]   full KL q=3 n=13: 770000/1594323
[2026-09-02T14:25:21Z]   full KL q=3 n=13: 780000/1594323
[2026-09-02T14:25:34Z]   full KL q=3 n=13: 790000/1594323
[2026-09-02T14:25:41Z]   full KL q=3 n=13: 800000/1594323
[2026-09-02T14:25:50Z]   full KL q=3 n=13: 810000/1594323
[2026-09-02T14:26:04Z]   full KL q=3 n=13: 820000/1594323
[2026-09-02T14:26:15Z]   full KL q=3 n=13: 830000/1594323
[2026-09-02T14:26:36Z]   full KL q=3 n=13: 840000/1594323
[2026-09-02T14:26:55Z]   full KL q=3 n=13: 850000/1594323
[2026-09-02T14:27:11Z]   full KL q=3 n=13: 860000/1594323
[2026-09-02T14:27:27Z]   full KL q=3 n=13: 870000/1594323
[2026-09-02T14:27:42Z]   full KL q=3 n=13: 880000/1594323
[2026-09-02T14:27:54Z]   full KL q=3 n=13: 890000/1594323
[2026-09-02T14:28:16Z]   full KL q=3 n=13: 900000/1594323
[2026-09-02T14:28:40Z]   full KL q=3 n=13: 910000/1594323
[2026-09-02T14:29:07Z]   full KL q=3 n=13: 920000/1594323
[2026-09-02T14:29:35Z]   full KL q=3 n=13: 930000/1594323
[2026-09-02T14:30:03Z]   full KL q=3 n=13: 940000/1594323
[2026-09-02T14:30:23Z]   full KL q=3 n=13: 950000/1594323
[2026-09-02T14:30:50Z]   full KL q=3 n=13: 960000/1594323
[2026-09-02T14:31:13Z]   full KL q=3 n=13: 970000/1594323
[2026-09-02T14:31:28Z]   full KL q=3 n=13: 980000/1594323
[2026-09-02T14:31:50Z]   full KL q=3 n=13: 990000/1594323
[2026-09-02T14:32:11Z]   full KL q=3 n=13: 1000000/1594323
[2026-09-02T14:32:27Z]   full KL q=3 n=13: 1010000/1594323
[2026-09-02T14:32:50Z]   full KL q=3 n=13: 1020000/1594323
[2026-09-02T14:33:11Z]   full KL q=3 n=13: 1030000/1594323
[2026-09-02T14:33:29Z]   full KL q=3 n=13: 1040000/1594323
[2026-09-02T14:33:44Z]   full KL q=3 n=13: 1050000/1594323
[2026-09-02T14:33:56Z]   full KL q=3 n=13: 1060000/1594323
[2026-09-02T14:34:05Z]   full KL q=3 n=13: 1070000/1594323
[2026-09-02T14:34:20Z]   full KL q=3 n=13: 1080000/1594323
[2026-09-02T14:34:39Z]   full KL q=3 n=13: 1090000/1594323
[2026-09-02T14:35:00Z]   full KL q=3 n=13: 1100000/1594323
[2026-09-02T14:35:19Z]   full KL q=3 n=13: 1110000/1594323
[2026-09-02T14:35:39Z]   full KL q=3 n=13: 1120000/1594323
[2026-09-02T14:35:58Z]   full KL q=3 n=13: 1130000/1594323
[2026-09-02T14:36:27Z]   full KL q=3 n=13: 1140000/1594323
[2026-09-02T14:36:49Z]   full KL q=3 n=13: 1150000/1594323
[2026-09-02T14:37:10Z]   full KL q=3 n=13: 1160000/1594323
[2026-09-02T14:37:42Z]   full KL q=3 n=13: 1170000/1594323
[2026-09-02T14:38:08Z]   full KL q=3 n=13: 1180000/1594323
[2026-09-02T14:38:27Z]   full KL q=3 n=13: 1190000/1594323
[2026-09-02T14:38:51Z]   full KL q=3 n=13: 1200000/1594323
[2026-09-02T14:39:18Z]   full KL q=3 n=13: 1210000/1594323
[2026-09-02T14:39:41Z]   full KL q=3 n=13: 1220000/1594323
[2026-09-02T14:40:00Z]   full KL q=3 n=13: 1230000/1594323
[2026-09-02T14:40:14Z]   full KL q=3 n=13: 1240000/1594323
[2026-09-02T14:40:31Z]   full KL q=3 n=13: 1250000/1594323
[2026-09-02T14:40:55Z]   full KL q=3 n=13: 1260000/1594323
[2026-09-02T14:41:18Z]   full KL q=3 n=13: 1270000/1594323
[2026-09-02T14:41:46Z]   full KL q=3 n=13: 1280000/1594323
[2026-09-02T14:42:17Z]   full KL q=3 n=13: 1290000/1594323
[2026-09-02T14:42:41Z]   full KL q=3 n=13: 1300000/1594323
[2026-09-02T14:43:00Z]   full KL q=3 n=13: 1310000/1594323
[2026-09-02T14:43:22Z]   full KL q=3 n=13: 1320000/1594323
[2026-09-02T14:43:35Z]   full KL q=3 n=13: 1330000/1594323
[2026-09-02T14:43:49Z]   full KL q=3 n=13: 1340000/1594323
[2026-09-02T14:44:11Z]   full KL q=3 n=13: 1350000/1594323
[2026-09-02T14:44:27Z]   full KL q=3 n=13: 1360000/1594323
[2026-09-02T14:44:54Z]   full KL q=3 n=13: 1370000/1594323
[2026-09-02T14:45:19Z]   full KL q=3 n=13: 1380000/1594323
[2026-09-02T14:45:41Z]   full KL q=3 n=13: 1390000/1594323
[2026-09-02T14:46:00Z]   full KL q=3 n=13: 1400000/1594323
[2026-09-02T14:46:21Z]   full KL q=3 n=13: 1410000/1594323
[2026-09-02T14:46:32Z]   full KL q=3 n=13: 1420000/1594323
[2026-09-02T14:46:48Z]   full KL q=3 n=13: 1430000/1594323
[2026-09-02T14:47:05Z]   full KL q=3 n=13: 1440000/1594323
[2026-09-02T14:47:25Z]   full KL q=3 n=13: 1450000/1594323
[2026-09-02T14:47:46Z]   full KL q=3 n=13: 1460000/1594323
[2026-09-02T14:48:06Z]   full KL q=3 n=13: 1470000/1594323
[2026-09-02T14:48:21Z]   full KL q=3 n=13: 1480000/1594323
[2026-09-02T14:48:43Z]   full KL q=3 n=13: 1490000/1594323
[2026-09-02T14:49:04Z]   full KL q=3 n=13: 1500000/1594323
[2026-09-02T14:49:18Z]   full KL q=3 n=13: 1510000/1594323
[2026-09-02T14:49:36Z]   full KL q=3 n=13: 1520000/1594323
[2026-09-02T14:49:54Z]   full KL q=3 n=13: 1530000/1594323
[2026-09-02T14:50:06Z]   full KL q=3 n=13: 1540000/1594323
[2026-09-02T14:50:20Z]   full KL q=3 n=13: 1550000/1594323
[2026-09-02T14:50:33Z]   full KL q=3 n=13: 1560000/1594323
[2026-09-02T14:50:46Z]   full KL q=3 n=13: 1570000/1594323
[2026-09-02T14:50:56Z]   full KL q=3 n=13: 1580000/1594323
[2026-09-02T14:51:04Z]   full KL q=3 n=13: 1590000/1594323
[2026-09-02T14:51:07Z] q=3 n=13 d=1/20 ordinal=3 status=CERTIFIED rss=16669851648
[2026-09-02T14:51:08Z] q3 n=12 row stage complete {'status': 'PASS', 'campaign_id': '20260902T024656Z_90c757de_c4e9905d05a1', 'schema': 'delcap-q3-n13-total-output-orbit-mass-v1', 'source_sha256': '569585824a13abf8d0e17c2d67522e5008985a7bc066cfb4f83c2be1c39bf0c4', 'rows': 4, 'certified_rows': 4, 'valid_width_miss_rows': 0, 'resource_rows': 0, 'wall_s': 40604.976, 'cpu_s': 38668.424, 'completed_utc': '2026-09-02T14:51:08Z', 'evidence_label': 'MACHINE-VERIFIED', 'timing_and_resource_evidence_label': 'COMPUTATIONAL-EVIDENCE'}
